Bangla,Label,review_length,has_english
চিংরিটা দেখতে লোভনিও লাগছে,Positive,4,False
ভাই ১১০২০ বাজেট এর মধ্যে বেস্ট গেমিং ল্যাপটপ কোনটি ভালো হবে আমাকে কিছু আইডিয়া দেন,Neutral,15,False
এরা পাইকারি না খুচরা বিক্রি করে,Negative,6,False
আপু ধৈর্য ফল ভালো হয় তোমারও হবে,Positive,7,False
এই রকম আয়োজন আমাদের চট্টগ্রাম এ হয়না,Neutral,7,False
এগুলো বিষ বাংলাদেশেই বিক্রি হয় ক্যান্সার হয়,Negative,7,False
খাওয়ার পর মনে হলো ভুল করেছি,Negative,6,False
আমি এই বিরয়ানী খেয়ছিলাম একদিন এক ইন্ডিয়ান রান্না করে খাওয়াইছিলো খুব মজা হইছিলো,Positive,13,False
ঠীকানাটা কোথায় যেন,Neutral,3,False
ধন্যবাদ এবং অভিনন্দন খুবই সুন্দর,Positive,5,False
আপুর যেরকম কোয়ালিটি আছে আপুর খাবারেরও ঠিক ভালো কোয়ালিটি আছে,Positive,10,False
দারুণ খাবার এটা,Positive,3,False
আজকে প্রিয়াস তুই বেঁচে থাকলে খালার উড়ন্ত পিঠা খেতে যেতাম,Positive,10,False
মাংস সিদ্ধ হতে হতে ভাত পানি হয়ে যাবে,Neutral,8,False
মাশাআল্লাহ অভিনন্দন জানাচ্ছি,Positive,3,False
পানি কত লিটার,Neutral,3,False
হতো তে তে দাম বেশি,Negative,5,False
লোকেশন কোথাই,Neutral,2,False
সবচেয়ে প্রিয় খাবার,Positive,3,False
দারুণ আয়োজন আপু,Positive,3,False
চিনি ময়লা,Negative,2,False
মাশা আল্লাহ আল্লাহ আপনার ব্যবসায় বরকত দিক,Positive,7,False
থেকে কিভাবে নেবো,Neutral,3,False
এই ব্যবসার জন্য কি কোন ট্রেনিং আছে,Neutral,7,False
পাগলের মতো সাপটকরি কমেন্ট করি কিন্তু কই কেউ তো আমার মতো পাগল হয়না,Neutral,13,False
লোকেশন প্লিজ,Neutral,2,False
এই ধরনের অভিযান আরো জোরালো করা দরকার,Positive,7,False
এখানে সব ঈমানদার ব্যবসা করে,Neutral,5,False
খালোত একদম রকেট এর গতিতে চলতেছে,Positive,6,False
ফিটিং মাঝারি,Neutral,2,False
অসুস্থ হলে এতোগুলা কেক কেম্নে বানায় এতো কাজ করলে অসুস্থ হয়ে যায় তাহলে প্রতিদিন এতোগুলা কেম্নে বানায় এটা ভাউতাবাজি ছাড়া আর কিছুই না,Neutral,23,False
মতিঝিল লোকেশন টা বলেন,Neutral,4,False
আমি বুঝিয়ে দিচ্ছি রেসিপি ব্যাখ্যা,Neutral,5,False
স্বাদে আর টেক্সচারে অসাধারণ,Positive,4,False
এই মাছের রেসিপি টা দেখতে চাই,Neutral,6,False
শহরের মানুষ থাকে লেবাসে যা পারে,Neutral,6,False
ভাই এটা কোন জায়গায়,Neutral,4,False
আমি ওনার কাছ থেকে প্রোডাক এনে বিক্রি করেছি,Positive,8,False
ভাই মুখে মাক্সব্যবহার করুন খুলা মুখে কথা বলছেন কথার সংগে থুথু ছিটছে,Negative,12,False
পাকিস্তান থেকে কেন,Neutral,3,False
পণ্যের মান আশা অনুযায়ী,Positive,4,False
তাই বলে ৪০০ টাকা,Neutral,4,False
রোস্টের কালার কনেক সুন্দর এসেছে,Positive,5,False
লোকেশন কোথায় কোথায় ভাই,Neutral,4,False
মনা উপাদান গুলোর লিস্ট আকারে দাও,Neutral,6,False
কেক গুলা দারুন আর যাই হোক,Neutral,6,False
সুন্দর রান্না,Positive,2,False
কথা ঠিক,Positive,2,False
তুলনামুলক দাম বেশি এবং কোয়ালিটি কম,Negative,6,False
রীতিমতো চোরের সিন্ডিকেট,Negative,3,False
আপনি কে,Neutral,2,False
নিজের এলাকায় বিলাই ও বাঘ,Positive,5,False
দাদা ইন্ডিয়া তে ট্রান্সপোর্ট হবে,Neutral,5,False
সব পচা খাবার খেলে অসুস্থ হবে,Negative,6,False
মাশাহ আল্লাহ,Positive,2,False
চুরি করা ফোন কিনলে হাতে হারিকেন পিছনে বাশ,Negative,8,False
আমি ব্যবসা শুরু করতে চাই মাল দিবেন,Positive,7,False
এত সুন্দর ঈদ মোবারক বেশি বেশি করে খান আলহামদুলিল্লাহ,Positive,9,False
আমার ফোন চুরি হইছে কিন্তু জিডি করি নাই এখন করণীয় কি,Negative,11,False
ভালোবাসা রইলো,Positive,2,False
সিদ্ধের পর দমে বসানো সময় আর পানি একেবারে দিছেন কি দেন নাই দেখাইলেন না,Neutral,14,False
আপনি বলছেন ১০০০ টাকার নিচে কোন পণ্য অর্ডার করলে তারা তা আনবে না,Negative,13,False
এখান থেকে কোনো চোরাই পন্য কেনা বৈধ নয় সম্পূর্ণ বয়কট করুন,Negative,11,False
ব্যবহারযোগ্য মানের,Neutral,2,False
সহজেই সেটআপ হয়েছে,Positive,3,False
আসসালামুয়ালাইকুম আপনার জন্য দোয়া রইল,Positive,5,False
লা ইলাহা ইল্লাল্লাহু মুহাম্মাদুর রাসুলুল্লাহ সাল্লাল্লাহু আলাইহি ওয়াসাল্লাম,Neutral,8,False
মরা মুরগি হবে মনে হয়,Negative,5,False
এইটা কয় তলায়,Neutral,3,False
খুব সুন্দর কথা সব খেতে হলে ভাই,Positive,7,False
চিংড়িটা দেখতে যেমন মজা খেতেও তেমন মজা সুস্বাদু চিংড়ি মাছ ধন্যবাদ আপনাকে এতো ভালো ভিডিও দেওয়ার জন্য,Positive,17,False
ভুয়া জিনিস,Neutral,2,False
ভিডিও দেখে উপকৃত হলাম,Positive,4,False
প্রতিটি কামড়েই খুশি,Positive,3,False
এইগুলা খায়তে পারি নাহ,Negative,4,False
ডেলিভারি নিয়ে হতাশ,Negative,3,False
চিকেন প্রথমে রান্না না করেই,Neutral,5,False
আলহামদুলিল্লাহ আপনার এই ভিডিও ফলো করে আজকে রান্না করলামধন্যবাদঅনেক টেস্টি মজার হয়েসে,Positive,12,False
ভাইরে ভাই যে চিংড়ি মাছ রানছো ভাই পাঁচ প্লেট ভাত খাইতাম ভাই,Positive,12,False
ভাই কোথায় এটা ঠিকানা ধ্যান,Neutral,5,False
আজকে বলবা ওর দোকানের মাল ভালো আরেকদিন আরেক জায়গায় যায় বলবা ওই আপুর মাল খারাপ ছিল৷,Negative,16,False
তোমার বিরিয়ানি অসাধারণ হয়েছিল,Positive,4,False
এত মজার মজার রান্না দেখতে দেখতে খেতেও ইচ্ছে করে,Positive,9,False
দেখে তো খাওয়ার লোভ হয়ে গেল গো ধন্যবাদ,Positive,8,False
আমি জানতে চাই এগোলো স্বাস্থ্যের জন্যে কতটা উপকারী,Neutral,8,False
এটা মেখে রান্নাঘরে যাওয়া যাবে,Neutral,5,False
ভাই আরো দূরে এগিয়ে যাবেন,Positive,5,False
যে কোন ব্যবসা ভাইরাল হওয়ার সাথে সাথেই তার ধস নামে,Neutral,10,False
তোমার সব ধরনের রান্না দেখলেই মনটা ভরে যায় মাশাল্লাহ,Positive,9,False
তোমার জন্য অনেক শুভকামনা রইল,Positive,5,False
খুব সুন্দর স্মৃতি হয়ে থাকবে,Positive,5,False
সালারা ৬৫ টাকা নিছে আমার পেমেন্টে পরে,Negative,7,False
এর থেকে গু খাওয়া ভালো রুচি কতো খারাপ মানুষের,Negative,9,False
অভিনন্দন আপু দেশ অনেক এগিয়ে যাবে,Positive,6,False
তিসি দানা টা কি,Neutral,4,False
আসসালামু আলাইকুম ৫০০ টাকা রিচে মাছ ভুনা পাঠিয়ে দিন অনলাইনে,Neutral,10,False
আপনার এই কাজটার জন্য আপনাকে যতটুকু প্রশংসা করি কমই হবে আপনি সত্যিই প্রমাণ করেছেন যে মন থেকে করলে কোনো কাজ অসম্ভব নয় আপনার এই প্রচেষ্টা আমাকে মুগ্ধ করেছে,Positive,28,False
এই দোকানটা কোথায়,Neutral,3,False
এখনো আমরা জাতি মনে হয়,Negative,5,False
আমি তুমার সাথে কাজ করতে চাই আমি তুমার ফ্রেন্ড প্লিজ কল দাও,Neutral,12,False
ভাইয়া সরাসরি দোকানে আসতে হবেনাকি ডেলিবারির সুজোগ আচে,Neutral,8,False
খুব খারাপ অভিজ্ঞতা,Negative,3,False
কি রে মাথায় একটা বিজনেস আইডিয়া আসছে,Neutral,7,False
ঢাকার বাইরে ডেলিভারি চার্জ কত,Neutral,5,False
ওনার দাত দেখে আলিফ লায়লার রুপসি ডাইনির কথা মনে পড়ে,Neutral,10,False
কুত্তাও খাবে না,Negative,3,False
গরীব আর বেকারদের নিয়ে মস্করা করে,Negative,6,False
খালার দারুণ টেকনিক,Positive,3,False
মানুষ এত খারাপ কেউ কাউকে বড় হতে দিতে চায় না,Negative,10,False
আমার এত পছন্দের জিনিস এভাবে বেঈমান সেই অপরেছি আর খাব না,Negative,11,False
সাধারণ পারফরম্যান্স,Neutral,2,False
১২ভাতারীদের মন ঘরে থাকে না তাই সে রাস্তায় নেমে এসেছে,Neutral,10,False
কোন কোন মোবাইল পাওয়া গেছে কিভাবে জানবো,Neutral,7,False
৮০০ টাকায় বিক্রি করে উনি জনসেবা করছেন,Positive,7,False
এই তো ঠিক আছে আমাদের ঘর বাসা বাড়ি থেকে মোবাইল গুলো চুরি করে নিয়ে ওদের কাছে দিয়ে দে গিয়ে,Negative,19,False
আসলে কি করবেন,Neutral,3,False
করিমউল্লাহ চোরের আড্ডা হয়ে গেছে,Negative,5,False
আমিতো অর্ডার করছি টাকা কাইটা রেখে দিয়েছে কিন্তু কোন যোগাযোগ করেনি,Negative,11,False
আপনাদের কন্টাক্ট নাম্বার দেন,Neutral,4,False
পাকিস্তানের সেফ না বিহারী,Negative,4,False
অন্যান্য ফুড ব্লগারদের ব্লগ দেখলে ক্ষুধা রুচি বেড়ে যায় আর উনার ব্লগ দেখলে পেটে যা থাকে তাও বের হয়ে আসার উপক্রম হয়,Negative,22,False
ছি ছি আমার তো ফুচকা বেশি পছন্দ এটা আমি আর কি দেখলাম আমি আর জীবনে খাব না,Negative,17,False
পাগল সব,Negative,2,False
অনেক সুন্দর একটা ভিউ,Positive,4,False
পরিমাণ মাঝামাঝি,Neutral,2,False
ওর হিসেবে দাম কমই বলছে,Neutral,5,False
বিজনেস করা ভালো অন্যের চাকুরীর থেকে,Positive,6,False
মাশাল্লাহ সুন্দর দৃষ্টান্ত অবশ্যই ভালো উদোগ,Positive,6,False
আমি ইন্ডিয়া থেকে বলছি ব্যবসা করতে চাই কিভাবে যোগাযোগ করবো,Neutral,10,False
প্রতিবার খেলেই ভালো লাগছে,Positive,4,False
হে আল্লাহ,Negative,2,False
ফ্রি খাবার পান তে তো মজা লাগবেই,Positive,7,False
আমার প্রিয়ও গুরা মাছ ও গুরা চিংড়ি,Positive,7,False
অস্থির অসাধারণ ভিডিও আসলেই ভিডিও থেকে শিখার অনেক কিছু আছে এই ধরনের ভিডিও ইউটিউবে আর দেখিনি অসংখ্য ধন্যবাদ আপনাকে,Positive,19,False
একাই সাবার করে দেবো,Neutral,4,False
খাবারে অদ্ভুত গন্ধ,Negative,3,False
ভালোবাসা অবিরাম প্রিয় আপু,Positive,4,False
আমাকে ফ্রিতে দিলেও খাবো না কারণ এগুলি খাওয়া আর বিষ খাওয়া একই কথা খোলা রাস্তায় ধুলাবালু এগুলি কিভাবে খায় আমার তো এগুলো রুচিতে জাগে না,Negative,25,False
ধৈর্যের পরিক্ষা দেখি কোন মুসলমান পুরোটা পড়ার সাহস রাখে,Neutral,9,False
ছবি আর আসল পণ্যের মধ্যে পার্থক্য আছে,Negative,7,False
এখানে যে দাম বলছে এগুলো কি সত্যি,Neutral,7,False
আচ্ছা ভাই আমি তো শনিবারে গিয়েছিলাম কোন দোকানে তো তেমন পাইনি কোন দিন গেলে সব কিছুই পাবো,Neutral,17,False
অল্প টাকায় অনেক খাবার,Positive,4,False
এ একজন বলেছে তার এত টা কলা জোনে খেয়েছে,Neutral,9,False
কমেন্ট দেখে চলে গেলাম,Neutral,4,False
আপনার রিভিউ দেখলে এমনিতেও জিবে পানি আসে,Positive,7,False
মোমোর দোকানটার নাম কি,Neutral,4,False
সবকিছু কি নিজের মত সস্তা ভাবলে হবে,Neutral,7,False
যারা অজ্ঞতারা এ ধরনের ইফতার খায় বাইরের খোলা খাবার থেকে,Negative,10,False
কাপড়ের মান খুব ভালো,Positive,4,False
পরিচিত একজনের,Neutral,2,False
ভালো এই জন্য আমার এক বন্ধু দিয়ে বহুদিন বসেছিল শেষে অন্য পেশায় চলে গিয়েছে,Neutral,14,False
ভাই আছে,Neutral,2,False
টাইটান ৭ প্রাইস,Neutral,3,False
দারুণ আইডিয়া,Positive,2,False
সাধারণ বাজারের মতো,Neutral,3,False
কোথায় আসতে চাই আমি,Neutral,4,False
চমৎকার ভর্তা মনটা ভরে গেলো,Positive,5,False
বেতন লাগবেনা প্রতিদিন এক রাতে কাছে থাকলেই হবে টাকা পয়সা কিছুই লাগবে না ফ্রি সার্ভিস দিবে এটাই,Positive,17,False
এমন একজন ব্যক্তির ভিডিও নিয়ে আসার জন্য ধন্যবাদ যথেষ্ট সৎআন্তরিক ভদ্রলোক মারুফ ভাই,Positive,13,False
আমার ফোন চুরি হইছে ৪ ডিসেম্বর জিন্দাবাজার শ্যামলী থেকে,Negative,9,False
যাক থু,Negative,2,False
দাম যেমন কমস্বাদও তেমন বাজেপরিমাণও কম,Negative,6,False
হাতে গ্লাবস পরলে ভালো হতো,Neutral,5,False
এটা বিক্রির নামে সম্পূর্ণ মানব সেবার কার্যক্রমমহান আল্লাহ উনাকে দুনিয়া এবং আখেরাতে শান্তি আর রহমত বর্ষিত করুন আমিন,Positive,18,False
সময় মতো মাল দেয় না দেরি করে,Negative,7,False
হায়দ্রাবাদি বিরয়ানী আসলেই অনেক মজা আমিও ইন্ডিয়ান একজন সেফ থেকে ডিটেইলস জেনে ট্রাই করছি অন্য বিরয়ানী থেকে অনেক বেশি মজা এটা,Positive,21,False
কপি ফোন এগুলা,Negative,3,False
এই ভন্ডের উৎপাতে ফেসবুক ইউটিউবে ঢোকার অবস্থা নেই সে কেকের ব্যবসা না সে শুরু করেছে ভিন্ন কায়দায় বউ ব্যবসা মিনিটে দশবার বলে আমার বউ কেক বানায় তোমরা খাও আমার বউয়ের কেক,Neutral,31,False
খুব ভালো লাগলো চোর বাজারের নিয়ম গুলো জানতে পারলাম,Positive,9,False
খুব সুন্দর হয়েছে দামটা আমি গতকাল ৬ পিস কিনছি দুই হাজার টাকা,Positive,12,False
চরম লেভেলের চিটার,Neutral,3,False
নিয়ে যাওয়ার কেও নাই ভাইয়া আমারে একটু নিয়ে যায়েন একলা যায়তে পারিনা আবার খাবার এর লোভ সামলাতে পারিনা এসব খাবার খুব ই পছন্দ,Neutral,23,False
আমার এলাকায় তবে অনেক ছোট বেলায় আব্বার সাথে,Positive,8,False
অনেক শুভকামনা রইল আপু,Positive,4,False
এগুলো কেমনে খাই,Neutral,3,False
চলে আসবেন সবাই,Positive,3,False
মাশাআল্লাহ আমি ও খেয়েছি,Positive,4,False
আমাদের পাশে থাকো তোমাদের পাশে থাকবো,Neutral,6,False
খুব ভালো না খারাপও না,Neutral,5,False
কোয়ালিটি দারুণ,Positive,2,False
ওয়াটারপ্রুফ ঘড়ি গুলো কত সেটা তো বললে না,Neutral,8,False
মশলা আর স্বাদের কম্বিনেশন একেবারে দারুণ,Positive,6,False
দোকানদারের ব্যবহার তেমন ভালো না,Negative,5,False
৬ মাস পর ভাঙবে এই দামে স্যামসাং ভাল মানি দেয়,Negative,10,False
আপু হাতের ক্ষতি হয়না জিপসামের কাজে,Neutral,6,False
মাত্র লাগলো,Positive,2,False
শুধু হাসি,Neutral,2,False
মজার রান্না,Positive,2,False
ভাই আমরাও কেক বানাই বাট একটা কেক বেক হওয়ার পরে ঠান্ডা হইতো মিনিমাম সময় লাগেহোমমেড ক্রিমটা বানাই তো অনেক সময় লাগে এখানে উনি এত অল্প সময়ে এত পরিমাণ কেক কিভাবে বানায় আমরা কেকের কোর্স করছি পুরো প্রফেশনাল ভাবে কোর্স করে শিখেছি তারপরও তো আমার মনে হয় না যে এক দিনে আমি ১৫ থেকে ২০ টার বেশি কেক বানানো সম্ভব,Neutral,59,False
এখানে দুটো বিষয় কাজ করেছে একটা পরিশ্রম একটা মেধা জিনিস যদি না থাকতো তাহলে এ কাজে শেষ সফলতা আনতে পারত না তা প্রত্যেকটা মানুষকে এভাবে পরিশ্রম এবং মেধা দিয়ে এগোতে হবে,Positive,31,False
তেল দিলেন না তো,Neutral,4,False
অনলাইনে পেলে ভালো হতো,Neutral,4,False
দোয়া রইল এগিয়ে জান,Positive,4,False
এ যেন খাবার না অমৃত এমন সাদামাটা খাবার আমার অনেক ভালো লাগে,Positive,12,False
ভাব ধরে লাভ নাই তুমি যেখান থেকে নিয়মিত শপিং করো এটা সবাই বুঝতে পারে,Negative,14,False
অসাদার হাসের মাংস ভুনা ছিলো,Positive,5,False
টাকা গোলো আসল,Positive,3,False
আলাদা ব্যাপার,Neutral,2,False
সে মূলত কিছু ডিজিটাল মার্কেটিং শেখায় আর মোশন গ্রাফিক্স এর কিছু কাজ শেখায় ওই যে ভিডিও করার সময় ফরফর করে প্রোডাক্টের ছবি ছবি আসে আর একটা করে শব্দ হয়,Neutral,29,False
কোনো পণ্য বিক্রিতে ১০৫০ এর বেশি লাভ উচিত নয়,Neutral,9,False
হুজুকে বাঙালি,Neutral,2,False
বাঙালির চিরচেনা পছন্দের খাবার এগুলো,Positive,5,False
ভাইয়া ছোলা বুট কি করে রান্না করলো বেসি সাদ হবে ছোলা বুট রান্না করে বিক্রি,Neutral,15,False
বাটপারি ছাড়া আর কিছুই না,Neutral,5,False
মনে হয় ঠিক মত টাকা দেয় না সেজন্য নিয়ে গেছেন,Negative,10,False
ভাইরা কোথায়,Neutral,2,False
ভাই একটা গুরুত্বপূর্ণ প্রশ্ন চায়না থেকে মোবাইল আনা যাবে,Neutral,9,False
সে এক দিনে একশো কেক বিক্রি করবে তাতে তোদের কি সমস্যা ভাই ভালো লাগলে খাবি না লাগলে খাবি না,Positive,19,False
না খেয়ে আমরা ভালো মন্দ কেমন করে বুঝবো,Neutral,8,False
এটা অনেক লুভনিয় একটা খাবার,Positive,5,False
খাটি দুধ,Positive,2,False
খাবারের দাম মানানসই,Neutral,3,False
টাকাগুলা মারা,Negative,2,False
এতো লাভের ব্যবসা হলে নিজেই করেন,Negative,6,False
কাতার থেকে পাঠানো যাচ্ছে না,Neutral,5,False
করিম উল্লাহ মার্কেট চোর বাটপারদের আখড়া,Negative,6,False
অনেক সুন্দর বলছেন আপু,Positive,4,False
অস্বাস্থ্যকর হলেও খেতে মজা লাগে,Positive,5,False
এদেশে বেকারত্ব বেড়ে গেছে যার সবচেয়ে বড় প্র মিজানের ভাতের হোটেল আর এনার এই কেক খাওয়া লোক,Neutral,17,False
ধন্যবাদ ভাই সুন্দর একটি ইনসাইট দেয়ার জন্য,Neutral,7,False
বিয়া করা মানেই বিপদ,Neutral,4,False
সমস্যা ছিল আজ থেকে শেষ,Positive,5,False
১ হাজারের থেকে কম দামের একটা প্রোডাক্ট অর্ডার করেছি,Negative,9,False
খালা তো পুরা আগুন,Positive,4,False
একদম সঠিক কথা বলেছেন ভাই আপনি,Positive,6,False
কোথায় এই হোটেল ভাই,Neutral,4,False
ত্বকে দ্রুত শোষিত হয়,Positive,4,False
খাওয়ার সময় আনন্দ লেগেছে,Positive,4,False
একজনের বিরুদ্ধে একশন নিতে হবে তাই আপনাদের সাহায্য খুবিই দরকার প্লিজ রিপ্লাই,Neutral,12,False
তার জন্য দোয়া রইল ফিআমানিল্লাহ,Positive,5,False
যোগাযোগ কার সাথে করবো,Neutral,4,False
মনে হয় হাইজিন তাদের বিরক্ত করে না,Negative,7,False
ভাই লোকেশনলোকেশন না দিলে দাবি থাকবে,Neutral,6,False
ভালো বাসা থেকে ধন্যবাদ,Positive,4,False
প্রোডাক্ট একদম নতুন ছিল,Positive,4,False
লোভনীয় মুরগীর গিলা রান্না করলেন,Positive,5,False
মসলা মানসম্মত না,Negative,3,False
ভাই ল্যাপটপের একটা ভিডিও দেন,Neutral,5,False
আমাদের দেশে সমস্যা একটাই উনার পরে শত্রুতা বেড়েনা যায় এটাই আমাদের সন্দেহ সারাদেশ এরকম চালু হলে যারা কাঁচা গোশত বিক্রি করে তাদের একটু হতো,Neutral,24,False
মেথি চাবায়লে কেমন যানি লাগে,Neutral,5,False
আপনি কি করেন অন্যদের ঙ্গান দেনটোকাই,Neutral,6,False
আপুর চা আমার খুব ভালো লাগে,Positive,6,False
আফসোস ২৬ সালের ভাইরাল থাকবে না,Neutral,6,False
ভিউ না এনগেজমেন্ট বাড়ান সবাই মানুষ যত বেশি যুক্ত এবং রিপ্লাই কমেন্ট করবে তত দ্রুত মনিটাইজেশন আসবে,Neutral,17,False
এরা টাকার বিনিময়ে রিভিউ দেয় বিশ্বাস করা ঠিক না,Negative,9,False
বিয়ের বাড়ির নষ্ট খাবার,Negative,4,False
খাওয়ার স্বাদ একদম বাজে,Negative,4,False
আমিও নিয়েছি,Positive,2,False
মোটামুটি ভালো,Neutral,2,False
বাংলাদেশ জামা কাপড় উৎপাদন এ বিশ্বের মধ্যে নাম্বার এ রয়েছে তাই দাম কম,Positive,13,False
সবাই লাইক ফলো দিয়ে আসেন ইনশাল্লাহ আমিও লাইক ফলো দিয়ে আসবো,Neutral,11,False
এক বছর আগে জিডি করেছিলাম এখনো কোনো খবর নেই,Negative,9,False
সঠিক দাওয়ার জন্য ধন্যবাদ আপনাকে,Positive,5,False
মানুষ কি করে খাই,Negative,4,False
হেডা মারকা ফোন,Negative,3,False
ঠিকঠাকই ছিল,Neutral,2,False
তোরা দেশটাকে ইন্ডিয়া বানায় ফেলতাসস ছাপরি গুলা,Negative,7,False
চোর বাটপার ভরা বাংলাদেশে এমন মানুস পাওয়া খুবই কঠিন যাই হোক চাচার ইমান শক্তি বেশি হালাল উর্পাজন আল্লাহ আপনার হায়াত বাড়িয়ে দেখ আপনার জন্য দোয়া রইলো,Positive,26,False
দুই হাজার টাকার মাল বাস্তব না ভুল তথ্য দেন,Negative,9,False
খুব ভালো লাগলো ভিডিওটা,Positive,4,False
টেলেন্ট আছে বলতে হবে,Positive,4,False
দোকানদার সদ্য পাবনা থেকে মুক্তি পেয়েছে,Negative,6,False
দারুন মজার,Positive,2,False
আমিও বানাই,Neutral,2,False
আপু মার্কেট কয়টা থেকে কয়টা পর্যন্ত খোলা থাকে আর কিবারে বন্ধ থাকে,Neutral,12,False
মুখের থুথু এসে খাবারে পরতেছে,Negative,5,False
অনেক সুন্দর আমাকে সাপোর্ট করবেন,Neutral,5,False
ঠিকানা কোথায় বিস্তারিত জানতে চাই,Neutral,5,False
ভিদিওর মধ্যে অনেক সত্য কথা বলা হয়েছে যেটা বলা একদমই ঠিক হয় নাই,Neutral,13,False
আমি থাকবো,Neutral,2,False
যে শালাদের ঘোষের টাকা আছেচুরির টাকা আছেযুলুমি টাকা আছেতারাই কিনবে উটের গোস্ত,Negative,12,False
দারুণ স্বাদ আর পরিবেশ,Positive,4,False
এই দোকানে আই,Positive,3,False
আমার চুরি হয়েছে,Negative,3,False
এটা খাওয়ার পর আর অন্য কিছু ভালো লাগে না,Positive,9,False
দেখে ইচ্ছে হচ্ছে এখনই রান্না করে খাই,Positive,7,False
তুমারে হুগায়ছে,Neutral,2,False
ভাইয়া আপনার সাথে একটু কথা বলতে চাই,Neutral,7,False
আলমাস নি এটা,Neutral,3,False
তিষি দানা কি কেউ জানলে আমাকে একটু জানাবেন,Neutral,8,False
আজকের এইদিনে ভারতবর্ষের তূখোর মেধাবী ছাত্র বৃটিশবিরোধি বিপ্লবী আন্দোলনের মহানায়ক শহীদ আল্লামা সৈয়দ মীর নিসার আলী তীতুমীর আপনাকে মনে পড়ে,Neutral,20,False
এটা কি ব্যবসা নাম কি,Neutral,5,False
দোয়া পড়া দেখে ভালো লাগছে,Positive,5,False
মরা মুরগী ছাড়া অসম্ভব,Negative,4,False
কোন জায়গায়,Neutral,2,False
অর্ডার ক্যানসেল করা খুব ঝামেলা,Negative,5,False
সংরক্ষণ ঠিক হয়নি,Negative,3,False
ভোক্তা অধিদপ্তর এরে চোখে দেখে না,Negative,6,False
ভাইয়া ভিডিওতে আগের ব্যাকগ্রাউন্ড মিউজিক গুলো দিন প্লিজ,Neutral,8,False
ভালো হয়েছে,Positive,2,False
ভাই আপনি টেস্ট দেখতে পারেন না শুধু খেয়ে ম করছেন খাবার নিয়ে কোনো এক্সপ্লেনেশন নাই,Negative,15,False
খুব মজাদার একটি খাবার,Positive,4,False
আমি পেলে ৬ হাজার দিয়ে কিনতাম,Neutral,6,False
কোথায় থেকে আসে সেটা মানুষ দেখলে জীবনে ও নিবে না,Negative,10,False
ইয়াক থু,Negative,2,False
দাড়ি কালো করার হালাল উপায় আছে কি,Neutral,7,False
হুম আপু আমিও এখানে যাই এ হাটে সব পাওয়া যায়,Neutral,10,False
এই মেয়ে তোমাকে ভাল লাগছে,Neutral,5,False
ভুল সাইজ পাঠিয়েছে,Negative,3,False
এ ভাই এত ভদ্র না কইরা লোকেশন তো এখন মানুষ সবাই লোকেশন চাচ্ছেন,Neutral,13,False
ঘোড়া না গুঁড়া মাছ,Neutral,4,False
প্যাকেট ছেঁড়া ছিল,Negative,3,False
এটার দাম কতো,Neutral,3,False
অনেক অনেক ভালো লাগলো,Positive,4,False
অর্ডার করা খুব সহজ ছিল,Positive,5,False
মানুষ এত বোকা নয় যে ১৫০০০০ টাকার ফোন ৩০০০ এ পাবে,Negative,11,False
হ্যালো ভাইয়া এটা কোন জায়গা,Neutral,5,False
কেমন আছেন ভাই সবার আগে কমেন্ট করছি প্লিজ রিপ্লাই দিবেন,Positive,10,False
আনিসা এইগুলা দেখতে কেমন খাইতে আবার কেমন লাগবো,Neutral,8,False
সুস্বাদু আয়োজন,Positive,2,False
ভাইমুরগী কি লাইভ ওয়েট ৩ কেজি,Neutral,6,False
আমার খুব জানার ইচ্ছে আপনার পিছনে যেই লোকটা অসহায়ের মতো দাঁড়িয়ে ছিলো তাকে কি আপনি ভিডিওর পরে খাওয়াই ছিলেন নাকি,Neutral,20,False
সবাই পাগল,Negative,2,False
হারাম টাখা,Negative,2,False
খুবই হতাশাজনক অভিজ্ঞতা,Negative,3,False
ভাই তোরা যে সামান্য কটা টাকার জন্য এইসব স্ক্যামার কোম্পানি প্রমোট করস তোদের কারণে মানুষ অনেক প্রতারিত হচ্ছে,Negative,18,False
মদের বিরিয়ানি,Neutral,2,False
দারুন মজা ওনার দোকানের সবগুলো আইটেম,Positive,6,False
কোথায় এইটা,Neutral,2,False
মরা মুরগি মনে হয়,Negative,4,False
ইশ্ কি লোভনীয় লাগছে,Positive,4,False
খাবারটা অনেক সুন্দর,Positive,3,False
কিন্তু হাইজেনিক নাকমপক্ষে খাবার ঢেকে রাখা উচিত,Negative,7,False
কিন্তু এই মোবাইল বাড়িতে আনার পরে দুই থেকে তিন দিনের পর নষ্ট হয়ে যাবে,Negative,14,False
এটা তো বাথরুমের বালতি,Negative,4,False
সেইম রেসিপিতে খাসির কাচ্চি রান্না করা যাবে,Neutral,7,False
দারুণ ভিডিও ধন্যবাদ,Positive,3,False
জিবে জল আসে,Neutral,3,False
শিক্ষিত ঝাড়ু নাই,Neutral,3,False
আমাকে একটা দেয়া যাবে,Neutral,4,False
অতিরিক্ত দাম চাইছে ২৫০ টাকার পণ্য ১০০০ টাকা চাইছে,Negative,9,False
যেহেতু আমি ফাহমিদ সাহেবের কোর্সে যুক্ত নাই তাই তার কোর্সের ভিতরে কি করাচ্ছেন সেই বিষয়ে ধারণা নাই,Neutral,17,False
ইউটিউবার যেখানে ব্যবসায় ধস সেখানে,Neutral,5,False
মানুষের মনের ভাব একমাত্র আল্লাহ ছাড়া আর কেউ বলতে পারে না,Neutral,11,False
টাকার বিনিময়ে ভিডিও না বানিয়ে থার্ড পার্টি ছাড়া কিভাবে কিনতে হবে সেটা নিয়ে ভিডিও বানান,Neutral,15,False
ভালোভাবে দামাদামি করলে ২টা প্যান্ট ১২শ তেই দিতো আপনি আবার ১৪শ বললেন,Negative,12,False
আলহামদুলিল্লাহ ভাই,Positive,2,False
একদম ঘরের মতো স্বাদ,Positive,4,False
ধর্মীয় কালেমা কমেন্ট,Neutral,3,False
সম্মানিত বড় ভাই দোকান টা কেন জাইগা ভাই,Neutral,8,False
ব্যবসায়ীদের জন্য হলো বেস্ট চয়েস,Positive,5,False
মান খারাপ না,Neutral,3,False
নিজের হাতে বানিজ্য খাবার তা ও দোকান থেকে কিনে খাবনা,Positive,10,False
তোরটা আছে কিনা খোঁজ নে,Neutral,5,False
কম দামে সুন্দর জিনিস,Positive,4,False
১ কোটি বিক্রি,Positive,3,False
কোথায় পেলেন,Neutral,2,False
সেই রান্না,Positive,2,False
কাপড়ের গুণমান মানসম্মত,Positive,3,False
ওরে বাটপার,Negative,2,False
সেই মজা হবে মুরগী দিয়ে মুরি মাখা,Neutral,7,False
আমাদের বাগেরহাট এর মানুষের প্রিও সীমাই পিঠা আর হাঁসের মাংস,Positive,10,False
ভাইয়া আমার লাগবে,Neutral,3,False
এগুলো খেলে ক্যান্সার হবে,Negative,4,False
কোথায় পাবো এই কেক আপু,Neutral,5,False
অনেক সুন্দর ভিডিও দিলেন ভাই,Positive,5,False
আবার ক্যাম্পের পাকিস্তানি না তো,Neutral,5,False
চলো মারাত্মক,Positive,2,False
অনেক অনেক ভালোবাসা রইলো পাশে আছি পাশে থাকবেন,Positive,8,False
এক কথায় অসাধারণ,Positive,3,False
আপনি তো টাকার সানগ্লাস দিয়ে দেখালেন তাহলে সেটা কিভাবে সে দেবে এর নিচে যদি তারা না নিয়ে দেয়,Neutral,18,False
থাকায় এটি ডায়াবেটিস রোগীদের জন্য অত্যন্ত উপকারী,Positive,7,False
তিন জোড়া ৬ পিস অর্ডার করেছিলাম আমাকে ৩ পিস পাঠিয়েছিল লাইভ চ্যাটিং করার পরেও আমাকে বাকি তিন পিস দেয় নাই এরকম চিটিং বাটপারদের থেকে দূরে থাকাই শ্রেয় দু একজন অসাধু বিক্রেতার জন্য দারাজ প্লাটফর্মের বদনাম হচ্ছে জনপ্রিয় এ প্লাটফর্মের দারাজ এর কর্তৃপক্ষের যথাযথ ব্যবস্থা নেওয়া উচিত বলে মনে করি আমি এ পর্যন্ত প্রায় লক্ষাধিক টাকা মালামাল ক্রয় করিয়েছি মাঝেমধ্যে অল্পস্বল্প বিকৃত হয়েছে,Negative,62,False
ভাই আমি পাইকারি পন্য কিনতে চাই দাম রিজেনেবল হলে সারাবছর আপনার কাছ থেকে মাল কিনবো,Neutral,15,False
এটার নামই তো আমাদের বাংলাদেশ,Neutral,5,False
করিমউল্লা মার্কেট সামনা থেকে আমার মোবাইল চুরি হয়েছে,Negative,8,False
এগুলো ফ্রীতে দিলেও আমি খাবো না বালি আর থুতু,Negative,9,False
অসাধারণ খালার পিঠা ছুরে দেওয়ার টেকনিক,Positive,6,False
সাথে লা ং ও আছে,Negative,5,False
মরা মুরগি দেয় না কিমাএ ৩০ টাকায় কিভাবে সম্ভব,Negative,9,False
সংরক্ষণ ভালো ছিল,Positive,3,False
কোয়ালিটি ভালো মানুষকে ভালো দিলে ব্যবসা স্বয়ংক্রিয়ভাবে ভালো হয়,Positive,9,False
খুবই অস্বাস্থ্যকর,Negative,2,False
হিমেল ভাইয়া তে অ্যাকাউন্ট খুলবো কিভাবে একটা ভিডিও দেন প্লিজ,Neutral,10,False
ভাই এটা কোন জায়গা,Neutral,4,False
খুব সুন্দর হয়েছে ফুট রান্নাটা খুব ভালো লাগলো,Positive,8,False
যারা রেগুলার কাজ করে তাদের কাছে কিছুই না বানানো সম্ভব,Neutral,10,False
ভাই কি বরিশাইল্লা নাকি,Neutral,4,False
ইনশাল্লাহ দোয়া ও ভালোবাসা রইলো আপু,Positive,6,False
মরা মুরগি বলেই সম্ভব হয়,Negative,5,False
সব খেতে হলে তারপরেরটা তো বললেন না খেতে হলে কি করতে হবে কি টাকা বেশি যাবে নাকি সেটা তো বলবেন,Neutral,20,False
সুপ খেতে আসব ভাই ভাই,Positive,5,False
ওনার বউ না কেক উনিই বানান,Neutral,6,False
বোন আমার তাদের নাম রিপোর্ট করুন,Neutral,6,False
নিজের পায়ে দাঁড়ানোর হচ্ছে আমার কাছে অনেক বিরাট মনে হয়,Positive,10,False
এই মার্কেট সিলগালা করা হোক,Negative,5,False
খাবার ভালো না গেছি লাম,Neutral,5,False
তোমাকে কিবলে ধন্যবাদ দিবো ভাই আমার জানা নেই তোমার মংগল কামনা করি সর্বোদা বাংলাদেশের থেকে,Positive,15,False
হো ভাই মানুষ আইসা বলে ভাই আমার ২ টা বাড়ি ৩ টা বাড়ি আমাকে মাল দেন,Neutral,16,False
ওনার মাক্স পরা উচিত ছিল,Neutral,5,False
ব্রাহ্মণবাড়িয়া মানে একটা ব্যান্ড,Positive,4,False
চমৎকার একটা ভিডিও খুবই ভালো লাগলো দেখে,Positive,7,False
এই জায়গার নাম কি,Neutral,4,False
বুধবার কখন বসে,Neutral,3,False
মাছওয়ালার লেবাসটা দেখুন একবার,Neutral,4,False
সেই টেষ্টি হবে,Positive,3,False
এজন্য এখন আর ফুচকা খাইনা,Negative,5,False
লোকটা ব্যবসায়ী তাই চাহিদা অনুজায়ী তৈরি করে তোরা লোকজন এত খাওয়ার লাইগা আসস কেন কিছু সুনলেই ভাইরাল হইসে এগবারে জনগন হুমরি খাইয়া পরে নে খা ভাইরাস কেক,Neutral,27,False
আপু আপনার দাওয়াত হোস্ট অনেক ভালো লাগে,Positive,7,False
সোপ খেতে হলে ভাই আমার দোকানে আয়,Positive,7,False
আমার দিনাজপুর শহরকে নিয়ে কথা বলেছেন অনেক ধন্যবাদ শুধু বড় মাঠ নয় পুরো দিনাজপুর শহর ঘুরে দেখুন খুব ভালো লাগবে,Positive,20,False
বাঙালির মাথায় কাঁঠাল ভাঙ্গে খাইতে যে কত মজা রে,Neutral,9,False
এটা কয়জন পারে,Neutral,3,False
অনেক প্রিয় একটা খাবার,Positive,4,False
গাড়ি আসতে পারে এটা অস্বাভাবিক কিছু না তো আর আসে না,Neutral,11,False
কোন জাগায় এইটা,Neutral,3,False
লাউড়ার রস চুতিয়া বাঙালি,Negative,4,False
রেসিপি টা দেখে মনে হচ্ছে অনেক মজা হয়েছে,Positive,8,False
ইবা গুড়া মাছ ঐলে গুড়া মাছেরে কি হয়বান ইচামাছ,Neutral,9,False
সবার জন্য উপযোগী,Positive,3,False
চমৎকার হয়েছে,Positive,2,False
ঝিনেদা কালিগঞ্জ ডিলার নিতে চাই,Neutral,5,False
আর মনে নেই,Neutral,3,False
এই লোকেশন টা চিনো মতিঝিল আইডিয়াল স্কুলের সামনে,Neutral,8,False
মালিকদের হাতে দেওয়ার সুযোগ আছে কি,Neutral,6,False
মিডেলস্টেট দেশ গুলিতে উট আর গরুর মাংসের দাম একই,Neutral,9,False
কম বয়সে চুল পাকার কারন কি,Neutral,6,False
গুগোল লোকেশন টা দেন,Neutral,4,False
সত্যি কথা এটাই যে এই দেশের মানুষ শুধু কার পিচনে কে বাশ দিবে সেটাই ভাবে,Neutral,15,False
আরে ভাই আপনারা বাংলাদেশি হয়ে ভারতের বোম্বাই মুড়ি কোথায় পেলেন,Neutral,10,False
মাইন্ড সেট করুন জীবন সেট হয়ে যাবে,Positive,7,False
অনেক অনেক ধন্যবাদ,Positive,3,False
কেউ কিছু করতে গেলে মানুষ তাকে টেনে নামাবেই আল্লাহ জানেন আর কতো দিন লোকটা ব্যাবসা কন্টিনিউ করতে পারবে যে ভাবে লোক জন পিছনে লাগছে,Neutral,24,False
এই দোকান ৫৬ মাস উপর কেউ টিকতে পারে না,Negative,9,False
তুমি ইউটিউবার চাপাবাজি করে খাও বাটপারের দল সবগুলো,Negative,8,False
চালের মান খারাপ,Negative,3,False
এর লোকেশন যে চিনেন ভোক্তা অধিকার এ জানান অস্বাস্থ্যকর পরিবেশে এই সব খাওয়াচ্ছে,Negative,13,False
আউয়াজটা নকল,Negative,2,False
এটা কোন মেলা কোথায় আপু,Neutral,5,False
ওড়নাটা বুকে দিন,Neutral,3,False
কি মজাদার দেখতে,Positive,3,False
কী চাপাবাজি তার দোকানে ১ মাস রাখা জায়না,Negative,8,False
করিম উল্লা না এটা চোরা উল্লা,Negative,6,False
আসলে খুব ভালো এত ছোট মানুষ কাজে লজ্জা নাই,Neutral,9,False
নিতে চায়,Neutral,2,False
সব বাটপারী,Negative,2,False
ব্যবসা হালাল আমি মনে করি চাকরি করার চেয়ে নিজে একটা কিছু করা ভালো,Positive,13,False
এর প্যান্টশার্টের দোকান এ কয় তলায়,Neutral,6,False
গুরা চিংড়ি ঘোড়া না,Neutral,4,False
দেখে খাইতে মন চাইছে,Positive,4,False
অসাধারণ ভাইয়া এগিয়ে যান,Positive,4,False
চাঁদনী মার্কেট চোর বাজার নয় চোর বাজার হল ফ্যান্সি মার্কেট,Neutral,10,False
আসসালামু আলাইকুম ভাই ভাই আমি একটা কম্পিউটার কিনতে চাই আমার সহযোগিতা আশা করছি,Neutral,13,False
একটু সাপোর্ট চাই পাশে থাকবেন,Neutral,5,False
অনেক সুন্দর আয়োজন,Positive,3,False
গ্রাফিক্স ডিজাইনের জন্য কোন কম্পিউটার কিনব ভাইয়া,Neutral,7,False
ভাইরাল হইতে আইছে,Negative,3,False
ওয়াও দারুণ,Positive,2,False
অফুরন্ত ভালোবাসা রইলো আপু,Neutral,4,False
তোরা খা ভালো করে খা এর চেয়ে বাংলাদেশের মহিষের গোস্ত খাওয়া ভালো,Positive,12,False
হাস বুনা,Positive,2,False
দাদা এখানে কি পুলিশ ধরার ভয় আছে,Neutral,7,False
আমাদের মত টাকা দিয়ে দুই দিন পর খেয়ে দেখিয়েন খাবারের টেস্ট এত বাজে,Negative,13,False
সব চাপা বাজ,Negative,3,False
ভালোবাসা অবিরাম ভালোবাসা দিয়ে পাশে থাকবেন,Positive,6,False
স্যুপ খেতে হলে ভাই এদিকে লাইন হয়ে যায়,Neutral,8,False
পুরো ভিডিও দেখলাম ব্যবসা করার জন্য না আমি শুধু ঘড়ি কিনতে গেলে ঠকি এজন্যে দেখলাম,Negative,15,False
সত্যিই এই চিংড়ি মাছ ভুনাটা অসাম লাগছে খেতে,Positive,8,False
অনেক সুন্দর গুরুত্বপূর্ণ বিনোদন ভিডিও বানিয়েছেন,Positive,6,False
খুব সুন্দর হয়েছে আপু আপনার দোকান কোথায় একটু জানাবেন,Neutral,9,False
ু করতে না,Positive,3,False
আমি যদি অর্ডার করি তাহলে কি আসবে,Neutral,7,False
লুঙ্গিতেও যেন ঝালমুড়ি লেগে আছে,Negative,5,False
বাংলাদেশে খারাপ কাজ বাহ বাহ করে ভালো কাজে নজর দেয় না,Neutral,11,False
মাশাআল্লাহ সব কিছু সুন্দর করে বুঝিয়ে দিলেন,Positive,7,False
আজ কাল খেতে ভয় পাই মানুষে মংস নাকি বিক্রি হয়,Negative,10,False
একটু প্ররসাব দিয়ে তৈরী করলে ভালো হতো,Positive,7,False
এরা কি মানুষ না অন্য কিছু এইগুলো এইভাবে বানানুর কি দরকার সুন্দর ভাবে স্বাস্থ্যকর উপাইয়ে বানালে কি হয় এতগুলি মানুষ এই ফুসকা খাচ্ছে ওদের কি কমন সেঞ্চ নেয় ওরা ও মানুষ যারা খাচ্ছি তারাও মানুষ তাহলে একটা মানুষ আর একটা মানুষের জন্য এইরকম নিষ্ঠুরতা কেমনে করে,Negative,46,False
খাওয়ার সময় মনে হচ্ছিল উৎসব চলছে,Positive,6,False
দুই হাত দিয়ে ফুচকা বানালো এবং একটা চুল পেলেন আগেই,Neutral,10,False
এগুলো খায় কে,Negative,3,False
সেই হইছে ভাই আর আপনারা চেগাইয়া বইয়া থাকেন,Neutral,8,False
এটা গুড়ো মাছ বলছেন কেন এটি হলো চিংড়ি মাছ,Neutral,9,False
ভিডিওটা দেখে বিজনেস আইডিয়া পেয়ে গেলাম,Positive,6,False
ধন্যবাদ জানাই,Positive,2,False
খুব সুন্দর প্রতিভা,Positive,3,False
আরে গাধা ঘোড়া না গুড়ো মাছ,Neutral,6,False
খুব ভালো লাগছে,Positive,3,False
আপু কতদিন অফার আছে,Neutral,4,False
ভালো নেই দাম বেশি আবার হেডফোনের লাইন নাই,Negative,8,False
এটি বাংলা দেশ এখানে যদি একবার কিছু বাইরান হয় তাহলে ঐটি আকাশে পৌচে তার পর থামে দেখবে এখানে যদি কেও পাইখানা বিক্রিকরে তার পর তা,Neutral,25,False
আমি নিতে চাই দাম কতো হবে আমি দুইটা নিতে চাই,Neutral,10,False
এটাও নাটক বাড়িতে নাইমে মুখ ঢাকার কি হইছে উৎসাহ করে দেখাইতে পারো,Neutral,12,False
আমার একটা পণ্য আনতে হবে ভরসা পাচ্ছি না এটা ভুয়া না সত্য,Neutral,12,False
এখানে আমার ভাইয়ের মোবাইল আছে,Negative,5,False
একটু এদিকে তাকান,Neutral,3,False
শুধু উপকারের কথা বলেন আর তার চেয়ে বড়ো ক্ষতি আছে সেটা বলেন,Negative,12,False
আজ পর্যন্ত একটা গিভ ওয়ে পাইলাম না ভাগ্য খারাপ থাকলে যা হয়,Negative,12,False
দ্রুত চালু হয়,Positive,3,False
করিম উল্লাহ মানেই চোরের কারখানা,Negative,5,False
তিন কেজি মুরগির মাংসের সাথে মাএ এক টেবিল চামচ লবণ বেপারটা হাস্যকর হাস্যকর,Negative,13,False
বাটপারি আনলিমিটেড,Neutral,2,False
আমি নতুন কম্পিউটার কিনছি দোয়া করবেন,Positive,6,False
এই জায়গাটা কোথায়,Neutral,3,False
কেমনে নেওয়া যাই,Neutral,3,False
এগুলো মোটেও ৬৫০টাকা দিয়ে দেয় না,Negative,6,False
অসাধারণ একটা ভিডিও খুব ভালো লাগলো দারুণ একটা ভিডিও,Positive,9,False
এত যে চাপা মারছেন আপনি করেন না কেন,Negative,8,False
পছন্দের একটা খাবার,Positive,3,False
ফালতু কথা কেন বলেন চোর বাজার এইটা না ভিউ বারানোর ধান্ধা,Negative,11,False
পরার পর আত্মবিশ্বাস আসে,Positive,4,False
আমি কাজ করতে চাই,Positive,4,False
আপু আমি অনেকগুলো দেখলেই কেমন লাগে আমি খাইতে পারি না,Negative,10,False
এখন সব প্রকাশ পেয়ে গেছে উনি করুক সমস্যা ৫০ কেক বানানো সত্য,Neutral,12,False
আরে সেম ভাই না,Positive,4,False
খাওয়ার মান খারাপ,Negative,3,False
১ কেজি চালের জন্য কতটুকু মাংসের মসলা লাগবে,Neutral,8,False
কস্টিপটা এত সহজে যে ডিভাইস দিয়ে প্যাকেজিংয়ে সহায়তা করছে সে ডিভাইসটার নাম কী,Neutral,13,False
হকার্স মার্কেট হিডেন প্লেস হলো ক্যামনে,Negative,6,False
বাহ্ খালা তো পুরাই রোকড,Positive,5,False
ঘোড়া না গুড়া,Neutral,3,False
ওয়াক থু,Negative,2,False
থাই স্যুপ নাকি করন স্যপ হচছে,Neutral,6,False
এগুলো হ্যাক করা হয়,Neutral,4,False
ঝালমুড়ি না বালমুড়ি,Negative,3,False
ভাই ৫০০০০ টাকা বাজেট ব্যবসা শুরু করতে পারব,Neutral,8,False
গুড়া মাছ কই,Neutral,3,False
সততার সাথে চললে অবশ্যই এর মূল্যায়ন পাবেন,Positive,7,False
আপনাকে কথা গুলো আমার অনেক ভালো লাগে,Positive,7,False
চিকেনটা আগে কতক্ষণ ধরে হিট দিছেন সেটা বললেন না যে,Neutral,10,False
সব চাপাবাজ,Negative,2,False
মিষ্টি আপু,Positive,2,False
বাংলাদেশে যদি ফুটপাতে গু বেঁচে পাবলিক লাইন ধরে সেগুলো কিনে খাবে,Neutral,11,False
মাশাল্লাহ ভাই আপনাকে যত দেখি ততই অবাক হই,Positive,8,False
আমার মোবাইল চুরি হয়েছে,Negative,4,False
ঘোরার মাংস,Neutral,2,False
বিদেশে থাকলে আমিও ঝালমুড়ি ফুচকা বিক্রি করতাম,Neutral,7,False
প্রথম শাড়ি টার দাম কতো,Neutral,5,False
বিজনেস করতে গেলে ঠিক আছে কিন্তু ১২ পিস দরকার হলে অর্ডার করা যায় না এটা সম্ভব,Negative,16,False
এখনো আমরা মনে হয় কোন জগতে আছি মনে হয় আমরা কত বছর ধরে ওর দেখি নাই,Negative,16,False
কিসের হিডেন প্লেস কতো আগে এখানে ঘুরে আসছি,Neutral,8,False
আমি করব আমি রান্নাও করতে পারি মেসেঞ্জারে যোগাযোগ করতে পারেন,Neutral,10,False
একদম ঠিক বলছেন ভাই,Positive,4,False
আমি গাড়ি দিয়ে চলে আপনার সমস্যা কোন জায়গায় ভাই,Neutral,9,False
মানুষকে ভোদাই বানানোর টেকনিক,Negative,4,False
১০০ আপনি প্যান্ট কিনে ঠকেছেন,Negative,5,False
পড়ালেখা ইন্টালিজেন্ট তারা চাকরির পিছনে ছুটেআর যারা ইউনিক ইন্টালিজেন্ট তারা চাকরি দেওয়ার ব্যবস্থা করে,Neutral,14,False
পরিবারের মতামত মিশ্র,Neutral,3,False
খুব ভালো আপু কাজ করে জেতে হবে,Positive,7,False
কতো রকমের নাটক আমাদের সোনার বাংলায়,Neutral,6,False
সেই পরিবেশ,Negative,2,False
ওতা কারবার নি চুর,Negative,4,False
৪৫ পদের মস্লার নাম ক বেডা,Negative,6,False
ভাই নতুন ভালোবাসা দিয়েন,Positive,4,False
ভালো আপু,Positive,2,False
আমার মোবাইল নিছে করিমউল্লার সামনে থেকে তিন মাস আগে,Negative,9,False
চুরি হয়ে যাওয়া মোবাইল ফেরত দেওয়া হোক,Negative,7,False
একশ টাকা করে মিজানের একপিছ কুত্তার মাংস খাওয়া বাদ দিয়ে এখন কেকের পিছনে দৌড়াদৌড়ি এটাই বাঙালি ভাইরূল নামের ভাইরাস,Neutral,19,False
ইউ মে অ্যাপয়েন্ট মি ফর অনলি টু ইট,Neutral,8,False
ভারতের চাল সর্ব্বনাশ,Negative,3,False
গোস কি রান্না করে তারপর চাউল ফুটিয়ে দিতে হবে নাকি মেরিনেট করে রাখা গোসের উপর ঢেলে দিয়ে ভাপ দিতে হবে,Neutral,20,False
বলের মজা আমি খেয়েছি একটুও ভালো না,Negative,7,False
এই চিংড়ি মাছ আমার অনেক পছন্দের,Positive,6,False
গিলা রান্না অনেক সুন্দর হইছে,Positive,5,False
রান্নাটা তো দারুন,Positive,3,False
ভিডিও করতে দেখে এতগুলো দিয়েছে,Neutral,5,False
শীত মানেই ঝাল ঝাল হাঁসের মাংস,Positive,6,False
শরীরে জামা নেই ঘাম খাবারে পড়ছেছিঃ,Negative,6,False
ছাপরিদের ফনের ধুকান,Negative,3,False
হায় হায় প্রাইভেট থেকে নামতাছেন নেইমা দেখেন ফুটপাতে উনি ব্যবসা করে,Neutral,11,False
আপু তোমার বিয়ে হয়েছে,Neutral,4,False
কোথায় এইটা আর কবে বসে এই হাট,Neutral,7,False
বাবুর্চির চোরের দালাল,Negative,3,False
শেফ বাসমতী চালের পরিবর্তে চিনিগুড়া বা কালোজিরা চাল ব্যবহার করলে কত পার্সেন্ট সিদ্ধ করে নিব জানাবেন প্লিজ আমার ছোট ফাস্ট ফুড শপ আছে আপনার ভিডিও ফলো করিধন্যবাদ,Neutral,27,False
কাঁচা মাংসে চাউল দিলে মাংসের কি অবস্থা হবে ন,Neutral,9,False
ব্রাহ্মণবাড়িয়ার থেকে ব্যবসা শিখতে চাই,Neutral,5,False
দীর্ঘক্ষণ ব্যবহার করা যায় না,Negative,5,False
খাঁটি নারিকেল তেল দিলে এমনিতেই চুল পরবে না,Neutral,8,False
আর সৌদিতে আমরা ফ্রি তেও খাই না,Negative,7,False
অভিনন্দন ও শুভকামনা অবিরাম,Positive,4,False
কি দরকার,Neutral,2,False
তিষি দানা ক,Neutral,3,False
অনেক মজার খাবার,Positive,3,False
ওড়না ঠিকমতো নিন,Neutral,3,False
ব্যবসা করে খাবে সমস্যা কোথায় মাশাল্লাহ ফি আমানিল্লাহ,Positive,8,False
ভাই এটা আমার পিয় খাবার,Positive,5,False
মাশাল্লাহ খুব সুন্দর একটা টিপস,Positive,5,False
সব মরা গরু মুরগি,Negative,4,False
খাওয়ার সাথে সাথে পেট বলবে এটা আবার কী,Negative,8,False
একবার ব্যবহারযোগ্য,Neutral,2,False
৮ লাখ টাকা লাভ না ৮ লাখ টাকা আয় দুইটার মধ্যে অনেক পারথক্য,Neutral,13,False
খুব সুন্দর অভিজ্ঞতা,Positive,3,False
ভুয়া বিরানি কিছু আদিখিল্লা আছে এরাছাড়া আর কেউই এই বিরানি খায় না,Negative,12,False
মাশাআল্লাহ অনেক সুন্দর উদ্যোগ জাযাকাল্লাহ খাইরান,Positive,6,False
মাঝে মাঝে খাই মোটামুটি ভালো কিন্তু মাংসটা অনেক ছোট,Neutral,9,False
ভাই আপনার কি ডায়াবেটিস আছে নাকি এতো স্লিম হলেন কিভাবে,Neutral,10,False
আপনার ভিডিও খুব সুন্দর হযখুব ভালো,Positive,6,False
বিসমিল্লাহ বলে রান্নামাশাল্লাহ,Positive,3,False
ফ্রিতে খাবার খাইলে তো মজা লাগবেই,Positive,6,False
ভাই তোর মাথার উকুন তো খাবারে পরবে পরিষ্কার থাকিস চুলটুল কাইটা গোসল দিয়া খাবার বিক্রি করতে আসবি,Negative,17,False
লোকেশন দিন,Neutral,2,False
চুরি ছিনতাই এর ফোন আমরা এসব কিনি বলেই চুরি ছিনতাই বেড়ে চলছে,Negative,12,False
আমার অনেক ভালো মনে হয়,Positive,5,False
এই খাবারের সাথে ধুলোবালিঘামনোলচুলবাল সবই ফ্রীতে পাওয়া যায়,Negative,8,False
৩ পিস কিভাবে দেয় মরা মুরগি নাতো ৩ পিস দিলে লাভ কিাবে হবে বুজলাম না এই হোটেল কোন জায়গায় একটু ঠিকানা দেবেন,Negative,22,False
আপনি পাইকারি হাস নিবেন হাস পরিস্কার করে পুরে দেওয়া যাবে,Neutral,10,False
কারে জানি খাওয়াচ্ছেতার পর গাড়ি দিয়া গেছে,Neutral,7,False
নতুনরা সারা দিন,Neutral,3,False
আগেরটার চেয়ে উন্নত,Positive,3,False
মজার মজার সব খাবার গুলো,Positive,5,False
খুব খারাপ পরিবেশন,Negative,3,False
শোরুম কোথায় নিবো,Positive,3,False
দাদা আমি একটা মিনি টেপ রেকর্ডার কিনতে চাই ছোট ফিতালা নিতে প্রতার কোথায় পাওয়া যাবে এবং কোন দোকানে পাওয়া যাবে তার মোবাইল নাম্বারটা প্লিজ দিয়ে দিবেন,Neutral,26,False
আপনার কাছে তো অনেক ব্র্যান্ডেড প্রোডাক্ট আছে সেগুলো সেল করলে কোনো সমস্যা হয় কিনা জানাবেন,Neutral,15,False
যতগুলো কমেন্ট পড়ে দেখলাম সবাই বলতেছে বাটপার,Negative,7,False
প্রায় অনেক ফোনে সামনের ক্যামেরায় কুয়াশার মতো আসে ভিডিও করলে উপকার হত,Neutral,12,False
গাইবান্ধা বালাসি ঘাটের সামনে দোকান টার চিংড়ি মাছ এর তরকারি টা অনেক মজার ছিলো আলহামদুলিল্লাহ,Positive,15,False
নষ্ট করে আর ভুয়া নাটক করে,Negative,6,False
বড় ভাই ১২০ টায় কি কুত্তার বাচ্চা না গরুর খাচ্চি,Negative,10,False
গুরুত্বপূর্ণ কথা ছিল,Neutral,3,False
দারুণ তথ্য,Positive,2,False
আমরা জনগন কত আবাল এসব খাবারের জন্য লাইন দিয়েছি,Neutral,9,False
১৫০০ টাকার শাড়ি ১৮০০ তে কিনে জিতসেন,Negative,7,False
গেছিলাম মালের ফিনিশিং ভালো না আর দোকানে যাওয়ার পর দাম বেশি বলে,Negative,12,False
হাইজিন ছুটিতে গেছে,Negative,3,False
ভাই আমি নিবো,Positive,3,False
মানুষ কাউকে উপরে উঠতে সাহায্য করতে না পারলেও টেনে নামাতে একটু ও দেরী করেনা,Neutral,14,False
আপনার লেখা গুলো পড়লাম আপনার প্রোফাইল দেখলাম ১০ মিলিয়ন ডলার আপনি স্পেন্ড করেছেন ৫হাজার ফলোয়ার আপনার কথা হচ্ছে আপনি এত বড় কুতুব ১০ মিলিয়ন ডলার স্পেনড করেছেন আপনার ফলোয়ার এত কম কেনো আজকেই আপনাকে প্রথম দেখলাম ওনার কোর্স ২৫২০ হাজার টাকা এইটা নিয়ে আপনার ঘুম নেই প্রোফাইল এ বায়ো দিয়ে রাখছেন গুগলস এড ফ্যাড নিয়ে তাহলে আপনার জানা থাকা উচিৎ ইন্টারন্যাশনাল কোর্স এমন ও আছে যেইটা ১০০০ ডলার থেকে শুরু এমন ও কোর্স আছে যেইটা মাসে ১০০১৫০ ডলার সাবস্ক্রিপশন দিয়ে কোর্স করতে হয় আপনাকে চ্যালেজ করবো আপনার যদি হেডাম থাকে তাহলে আপনি ১০ দিনে ২৫ লাখ সেল করে দেখান যাকে নিয়ে কথা বলছেন ওনার ওই যোগ্যতা আছে দেখেই উনি ওনার যোগ্যতা দেখাচ্ছে আপনি নিজেই এমন কুতুব হন নি যে আপনি একাই একাই সব শিখে গেছেন আপনি জীবনে কোনো কোর্স করেন নি বিঃদ্রঃ কমেন্ট টা ডিলেট করবেন না আপনার হেদাম দেখতে চাই আপনি কি বুঝাতে চাচ্ছেন যে ১০০ কোর্স করবে এর মধ্যে ১০০ জন ই সফল হবে,Neutral,156,False
নদীতো অনেক আছেএটা কোথায়,Neutral,4,False
পোশাকটা সত্যিই ভালো,Positive,3,False
আমাদের বিলের মধ্যে অনেক কাকরা আছে,Negative,6,False
আমি করব,Neutral,2,False
এত সমস্যা কিসে নিজেরা বানাক আর না বানাক আপনারা কি বাড়িতে বানিয়ে সবসময় সব খাবার খান,Neutral,16,False
এর সাথে এতদিনের অভিজ্ঞতা অসাধারণ ভাইকে ধন্যবাদ,Positive,7,False
সুন্দর বুদ্ধি,Positive,2,False
ভালো একটা পরামর্শ,Positive,3,False
এখানে সবাই ঈমানদার ব্যবসা করে,Positive,5,False
ছাগলের বিচিও আছে হয়তো,Negative,4,False
আপনি ভিডিও গুলো কিভাবে এডিট করেন তা নিয়ে একটা ভিডিও বানান ভাইয়া,Neutral,12,False
আমি ১৫ বছর বেকারি ব্যবসা করেছিএখন আবার শুরু করতে চাই আপনার নম্বর দিন,Neutral,13,False
স্কিলফুল ব্যবসায়ী,Neutral,2,False
বাংলাদেশ বলে কথা মেয়ে মানুষ ব্যবসা করলে বেচাকেনার অভাব হয় না অথচ একজন ছেলে ব্যবসা করলে সংসার চালানোই কষ্টকর হয়ে পড়ে,Positive,21,False
চলতেছে চলতেছে এই দেখেন চলতেছেবেশী দেখানো যাবে নাকারণ যে কোন মুর্হুতে টুস হয়ে যাবে,Neutral,14,False
এটা বাংলাদেশ এখানে সব কিছু সম্ভব মিথ্যা কখনো চাঁপা থাকে না এই লোক যদি মিথ্যা বলে কেক বিক্রি করে তাহলে তাকে আইনের আওতায় এনে কঠোর শাস্তি দেওয়া হোক,Neutral,28,False
চামড়া বেবসায় গাড়ি করতে বেশি সময় লগেনা লাগেনা,Positive,8,False
একটা মন ভরে তাই দালাল দরতে চায়,Negative,7,False
দারুন হয়েছে,Positive,2,False
ওদেরকে আইনের আওতায় আনা হোক,Negative,5,False
আপনার রেসিপি দেখে বিফ কাচ্চি বিরিয়ানি রান্না করেছি অনেক ধন্যবাদ,Positive,10,False
আসসালামু আলাইকুম ভাইয়া গ্রাফিক্স ডিজাইনের কাজের জন্য কম বাজেটের মধ্যে কি রকম ল্যাপটপ কিনলে ভালো হবে যদি একটু ডিটেলসে বলতেন ভালো হতো ভাইয়া,Neutral,23,False
উটিউবার কে বলছি আপনারা উনাকে শান্তিতে ব্যবসা করতে দিন,Neutral,9,False
ঘরের মধ্যে জয় করা আর ক্ষয় করা সমান কথা,Neutral,9,False
এটা ঢাকায় লাল বাগ,Neutral,4,False
অসাধারণ মাশাআল্লাহ কোথায় পাবো,Positive,4,False
আসসালামু আলাইকুম আপু আমাকে একটা জব দিয়েন বাংলাদেশের,Neutral,8,False
মুরগিতে ঘাবলা আছে মনে হয় মুরগি জবাই করার আগেই মৃত,Negative,10,False
এসব প্রডাক্ট নিয়ে ব্যবসা করলে মরা ছাড়া উপায় নাই,Negative,9,False
হোটেলেও ব্যবসা করেন,Positive,3,False
দাদা দোকান রোজ খোলা থাকে,Neutral,5,False
আমার কাছে তো অরজিনাল মনে হয়,Neutral,6,False
খুব ভালো তথ্য,Positive,3,False
আপুআমি একজনপবাসিআমি আপনাকে বিয়ে করতে চাই আমি আপনার বিছনেছেআপনাকে হেলেফকরবো আমি আরপবাসেথাকবোনা,Neutral,12,False
আসসালামু আলাইকুম আমার একজন পরিচিত কাকা আছে উনি খুব ভালো রান্না জানান প্লিজ যদি লোক লাগে তাহলে আমাকে জানাবেন কাকাকে আমি এখান থেকে পাঠিয়ে দেবো,Neutral,25,False
খাওয়ার সময় ভয়াবহ লেগেছে,Negative,4,False
আমার বৌ খুব বালো রান্না করে,Positive,6,False
আমার বিশ্বস্ত কিছু চ্যানেলের মধ্যে আপনার ইউটিউব চ্যানেল একটি,Positive,9,False
এই ফোন বাসা পর্যন্ত যাইবে নাহ আমি একটা কিনে ১৭০০০ টাকা লস খাইছি,Negative,13,False
এরা মিথ্যা কথা বলছে এগুলো সব পুরাতন ব্যবহার করা মাল,Negative,10,False
বাংলাদেশের মানুষদের প্রচুর সমস্যা,Neutral,4,False
কেউ কিনবেন না আমি কিনে ধরা খাইছি দুই দিন ও চলে না,Negative,12,False
রান্নাটা অসাধারণ হয়েছে খাওয়ান টা দারুন হয়েছে,Positive,7,False
দোকান কোথায় নাম্বার,Neutral,3,False
করিমুলা মার্কেটে বেশিরভাগ মোবাইল চুরি,Negative,5,False
কোথায় যে ভাই,Neutral,3,False
দারুণ হইছে,Positive,2,False
আমার ও খুব ভালো লাগে ভাই,Positive,6,False
অভিনন্দন রইল,Positive,2,False
কই বিক্রি করে কি তাদের ওয়েবসাইট এর নামকিছুই বললেন নাসংবাদ বলতে আসছে,Neutral,12,False
সবার মার রান্না ভালো,Neutral,4,False
আমারও একটা ফোন এখানে আছে,Negative,5,False
এইটার মালিক কে ধরে আনেন,Negative,5,False
আপনি আমাদের আলিয়া বাট তার মত দেখ তে খুউব সুন্দর লেগেছে,Positive,11,False
আপু তোমারে বিয়ে করবো,Neutral,4,False
টা কোথাকার কোন রেস্টুরেন্ট এ করা হচ্চে,Neutral,7,False
আমি হলে ৮০০ টাকা বলতাম মানে কি ঠকতাম,Neutral,8,False
খুশির খবর ঠাকুরগাঁও বাসীর জন্য,Positive,5,False
আহা দেখে লোভ সামলাতে পারছি না,Positive,6,False
রিটার্ন পলিসি কি ২০ ফেরত আসে তারা কি ফেরত নেবে,Neutral,10,False
সাধারণ প্যাকেট,Neutral,2,False
ভোক্তা অধিদপ্তরের এখানে নজর দেয়া উচিত,Neutral,6,False
থুথু আছে ২০০ গ্রাম এগুলো খায় কে,Negative,7,False
খাট্টা ববে দীঘলবাক নবীগঞ্জ হবিগঞ্জ,Neutral,5,False
এটার নাম বাংলাদেশ এখানে কেউ কাউকে উপরে উঠতে দিবেনা,Neutral,9,False
এইটা এতো হাইলাইট করার কি একজনের ব্যাবসা ভালো লাগে তাই ব্যাবসা করে,Neutral,12,False
সুন্দর আপু,Positive,2,False
দেখতেই বুঝা যাচ্ছে খুব মজা আর হবে,Positive,7,False
আসসালামু আলাইকুম ভাই চাউল ভিজিয়ে রাখলে তো ভেংগে য়ায বেশিখন ভিজালে,Neutral,11,False
সব মজার খাবার,Positive,3,False
আলহামদুলিল্লাহ একদিন চলে আসবো আমি উদ্যোক্তা হবোই ইনশাআল্লাহ,Positive,8,False
হিমেল ভাইয়ের দেখেই প্রথম অর্ডার করেছি দেখি কয়দিন পর আসে,Positive,10,False
লোভ লাগলো,Positive,2,False
খুবই হেলদি এবং মজাদার,Positive,4,False
বেশি কামানোর ধান্দায় যে পরিমান আজে বাজে খাবার খাচ্ছেন পরে বিপদে পড়বেন,Negative,12,False
ব্যাটা বেশি কথা বলে,Negative,4,False
ভাই আমি তো যমুনা ফিউচার পার্কের সামনে থাকি তাহলে একদিন যাওয়া যায়,Neutral,12,False
ইচ্ছে হলে খাও নাহলে কামনা এত কথা কিসের,Neutral,8,False
উদ্যোক্তা তৈরী নামে নিজের ব্যবসা বড় করা ধান্দাবাজি,Negative,8,False
খুব ভালোভাবে পরিবেশন করা হয়েছে,Positive,5,False
৳ ৳,Negative,2,False
এসব ঢং করতে গিয়ে প্রচুর খাবার অপচয় হচ্ছে,Negative,8,False
সেই মজার খাবার,Positive,3,False
খুব সুন্দর লাগলো ভাই আপনার জন্য অনেক দোয়া রইলো,Positive,9,False
এটা কি প্রেগন্যান্ট অবস্থায় খাওয়া যাবে প্লিজ প্লিজ বলবেন,Neutral,9,False
ভাই লোকেশন টা বলেন আমার খেতে ইচ্ছে করছে,Neutral,8,False
দারুণ ভিডিও অনেক বুঝদার আছে ইউটিউবে যাদের মিলিওন মিলিওন ভিউ এবং জানেও না কি বলতেছে আর কি করতেছে কিন্তু প্রফেশনাল লোক যখন হাতে কলমে কোনো জিনিস করে দেখায় সেটার থেকে ভালো আর কোনো কিছুই হতে পারে না,Positive,37,False
মাশাল্লাহ আলহামদুলিল্লাহ,Positive,2,False
সত্যি একটু গান্ধী,Negative,3,False
মোবাইল দিয়ে কাজ করা যাবে,Neutral,5,False
মরা মুরগী,Negative,2,False
যে কষ্ট করছেন বুঝায় আজকে এখানে,Neutral,6,False
এগুলো ব্যবসা নিজে চায়না থেকে আনলে ঠিক আছে না হলে পোষাবে না,Neutral,12,False
এই মানুষটার কাছে আমি মা নিয়ে এসছিলাম অনেক মাল আমার ভাঙ্গা,Negative,11,False
ওর বাসায় সব নতুন মেশিন এগলাচ দেখানোর জন্য সব কিনে নিয়ে আসছে,Neutral,12,False
ভাই ফ্লেভারটা দেখালেন নাতো,Neutral,4,False
লোকটার দাম চাওয়া অনুযায়ী মেয়েটির দাম বলাটা ভিশন ভালো লেগেছে আমার,Positive,11,False
আমি কখনো খাইনি তবে দেখেই মন্দ হচ্ছে খেতে দারুন হবে,Neutral,10,False
হাতে কুত্তার মত নখ খাবার কে খাবে,Negative,7,False
স্পেশালি মার্চ বাই আমাজন নিয়ে কোন কোর্স আছে আপনাদের,Neutral,9,False
এখানে কথা হচ্ছে ৪০৫০ কেন আরো বেশি কেক বিক্রি করুক এটা আমাদের কোন সমস্যা নাই সমস্যা হচ্ছে উনি বলে উনার ওয়াইফ নাকি এতগুলো কেক একাই বানায়,Neutral,26,False
বাসায় পাঠায় দেওয়া যায় না,Neutral,5,False
সাধ আছে সাধ্য নাই কিছু কিছু জিনিস আছে সবার সাধ্যের ভেতর থাকে না,Negative,13,False
ভাই আপনার এর জন্য,Positive,4,False
পার পিস ১০০টাকা,Neutral,3,False
আমাদের প্রতিটি জেলায় জেলায় এই উদ্যোগ নেয়া দরকার,Positive,8,False
ধন্যবাদ আপু তোমার দিক থেকে সব ক্লিয়ার করে বলার জন্য,Positive,10,False
বিশাল ব্যাপার,Neutral,2,False
মেতর কি বুঝবে আতরের গন্ধ,Neutral,5,False
এটা কি আসলে সত্যি কথা ভাই আমি এই ব্যবসাটা করতে চাই,Neutral,11,False
মনোমুগ্ধকর জনসেবা খুব ভালো লাগলো,Positive,5,False
ভাই আমার মোবাইলটা পাইছেন নি,Negative,5,False
এর জন্যই আমি ফুসকা খাওয়া বাদ দিছি,Negative,7,False
পেলেজ বাই সাদাডা কইরে দেন,Positive,5,False
দামটা বলা উচিত ছিল,Negative,4,False
আর আমি সৌদি আরবে ক্রয় করি ৩১ রিয়াল কিলোগ্রাম যা বাংলা টাকায় ১০০৭ টাকা মাএ হুজুকে বাঙালী,Neutral,17,False
মানুষের মরণের পথ দেখান,Negative,4,False
তাই দেখে আপনারা ভিডিও করতে চলে আসছেন না আপনারা কোনো ব্যবসথা নিতে পারেন না আপনারা কতো নিষ্ঠুর মানুষ এবার চিন্তা করেন,Negative,21,False
হ্যাঁ ভাই কথাটা একেবারেই সত্য আপনার মুখের একটা স্বাদ আছে আসলে এটা একটা সুস্বাদু খাবার,Positive,15,False
লোভ লাগে দেখলেই খেতে মন চাই,Positive,6,False
দেখেই বমি বমি পাচ্ছে,Negative,4,False
সাধারণ মানের পণ্য,Neutral,3,False
কিরে মামা আসমা হাস বেচা শুরু করছে কবে থেকে,Neutral,9,False
ফালতু কাজ,Negative,2,False
আপুলোকেশন বলেনখেতে যেতে হবে,Neutral,4,False
তারাও দেখেন কোনো ফালতু ফেসবুক পেইজের এডমিন এদের প্রতিভা নেই যোগ্যতা নেই তাও চায় লাখ লাখ টাকা কামাতে একদিন আপনার এক্সিডেন্ট হইছে আর মানুষ সাহায্য না করে ভিডিও করতেছে,Neutral,29,False
দাদা আপনাকে বহুতবহুত ধনবাদ জানিয়ে দেলেন কার,Positive,7,False
ইনশাআল্লাহ উনার সাথে ব্যবসা করতে ইচ্ছা,Positive,6,False
ব্যবসা করা অনেক ভালো,Positive,4,False
ভাই একন যারা জিডি করছিলো তাদের কল দিয়ে মোবাইল গুলো দেওয়া হোক,Neutral,12,False
সব ডুবলিকেট চাইনিজ মাল,Negative,4,False
আমি আসবো ঠিকানা দাও,Positive,4,False
আমি গেছিলাম পুলিশকে দেইখা ভয় পাইছি তারপরেও ফোন নেই,Neutral,9,False
অনেক ভালো লাগলো আপু পুরো ভিডিওটা দেখলাম অনেক সুন্দর রান্না করেছো তোমার রান্না গুলো অনেক কালারফুল হয়েছে ভালো লাগলো,Positive,19,False
অনেক কিছু জানলাম,Positive,3,False
আসসালামু আলাইকুম প্রেসার কুকারে কি দমে দেওয়া যাবে,Neutral,8,False
ব্যবসাবাণিজ্য করে উনি গুটি হয়ে গেছেন,Positive,6,False
খাওয়ার পর আনন্দ পেয়েছি,Positive,4,False
মুখের থুতু সব খাবারে পড়ছে,Negative,5,False
ভাই ঢাকায় একটা দোকান খোলেন মিরপুর এক নম্বর,Neutral,8,False
দারুন হয়েছে হাস ভুনা,Positive,4,False
বাপের জনমে খাইসনি তাই এত সুনাম বাড়িতে ভালো মসলা দিয়ে রান্না করিস তাহলে ভালো হবে,Positive,15,False
ফলের রস বলতে কি ফলের রস,Neutral,6,False
কাম সারছে,Neutral,2,False
সবার জন্য শুভকামনা রইলো,Positive,4,False
এই ঝাল মুড়ি কাক্কু বালটির ভিতরে তো মাথা ঢুকাইয়া দিলেন কথা বলার সময় মুখ থেকে কিছু পড়ছে নাকি ঝালমুড়িতে,Negative,19,False
কোথা থেকে কিনবো প্রোডাক্ট কলকাতাতে,Neutral,5,False
আরে বোকাচোদা এই দোকান প্রায় সময় বন্ধ থাকে আমার বাড়ির লগে দোকান,Negative,12,False
কালার দেখেই বোঝা যাচ্ছে টেষ্ট অসাধারন হবে,Positive,7,False
ভাইয়া আমি আপনার সাথে একটু কথা বলতে চাচ্ছিলাম প্লিজ ভাইয়া একটু কথা বলেন আমার চ্যানেল নিয়ে সমস্যায় পরছি ভাইয়া আপনি ত অনেক কে উপকার কইরেন প্লিজ ভাই,Neutral,27,False
ব্যবসা করা ভালো ব্যবসায় বরকত থাকে,Positive,6,False
কর্মচারীদের পরিশ্রম নেই,Negative,3,False
এরা এক সময় আওয়ামী লীগ করেছে একথা বলবেন আমাদের জানা আগে বললে ভালো হয়না,Negative,14,False
এই মহিলা খুবই চালাক এইটা কোন দিন সম্ভব না এ হলো প্রতারক,Neutral,12,False
ভালো চিন্তা ভাবনা,Positive,3,False
৭০০ টাকা করে নিতে চাইলে কর্নেলহাট চলে আসুন,Neutral,8,False
এই দামে কেউ কিনবে না,Negative,5,False
সব গুলা চুরির ফোন,Negative,4,False
এই দোকানে আসেন তাই,Positive,4,False
সেই টেস্ট,Positive,2,False
থাকলে দেখান,Neutral,2,False
মনে হয়েছে বাসি ভাজা দেওয়া হয়েছে,Negative,6,False
আমি ব্যবসা করতে চাইআপনার সাথে যোগাযোগ করবো বলেন,Neutral,8,False
দোস এদের ও আছে সব কিছুর উত্তর কেনো দিতে যায়,Neutral,10,False
বেশি খাবি খা মইরা যাবি যা,Negative,6,False
দৈনন্দিন কাজে চলে,Neutral,3,False
একেবারে নোংরা,Negative,2,False
এই মার্কেট বলে কেও চিনেনা আপা জীবনে প্রথম গেসেন নিউ মার্কেট,Neutral,11,False
ধন্যবাদ ভাই এত সুন্দর ভাবে শেখানোর জন্য আমি কেনাকাটায় একটু কাচা,Positive,11,False
আমি ড্রপশিপিং বিজনেস করতে আগ্রহী,Positive,5,False
কাস্টমার সাপোর্ট দ্রুত সাহায্য করেছে,Positive,5,False
জিডি করা লোকদের ফোন দেওয়া হোক,Neutral,6,False
দোয়া করি বোন কাজে যেনু সফল হন আরো অনেক তাড়াতাড়ি অনেক লোক বেকার আছে তারা যেনু কাজ করে সুখী হবেন তাড়াতাড়ি,Positive,21,False
একদম ঠিক কথা বলেছেন ভাইয়া অনেক ভালো পরামর্শ দিয়েছেন,Neutral,9,False
পণ্য ঠিকঠাক,Neutral,2,False
ওরা বড় চোর,Negative,3,False
এই হলো আমাদের মিডিয়া যতো বাজে খবর,Neutral,7,False
গোয়া নারার জন্য,Neutral,3,False
এই গুলো খেলে অসুস্থ হয়ে যাবে,Negative,6,False
কোথায় অবস্থিত ভাই,Neutral,3,False
গাঁজাখোরের দল,Negative,2,False
খুব ভালো কাজ করছেন দিদিভাই,Positive,5,False
৭৫০ নাকি ৭০০৫০ ঠিকানা দেন,Neutral,5,False
অনেক কথা না বলে পুরো ঠিকানা দেন,Neutral,7,False
আমাকে একটা ডিএসএল ক্যামেরা লাগবে কোথায় গেলে পাব তোমার দেখা,Neutral,10,False
একদম ঠিক আছে,Positive,3,False
বিনা পয়সায় খেলে তো অনেক ভালো লাগবে,Positive,7,False
রেফারেন্স দেন অবস্থা খারাপ,Negative,4,False
আমার অনেক বেশি পছন্দের এই চিংড়ি ভুনা,Positive,7,False
ফ্রামের মরা হাসের বাচ্ছা হরিপুর রান্নার পর পাখি হয়ে যায়,Neutral,10,False
ঠিক বলেছেন ভাই,Positive,3,False
ভালোবাসা অবিরাম আমার পরিবারে দাওয়াত রইল,Neutral,6,False
বানর উঠতেছে পাইপে পেছনে ৫৬ সেকেন্ড,Neutral,6,False
ধানমন্ডি হকার্স,Neutral,2,False
সত্যিই অসাধারণ খাবার,Positive,3,False
খাবারের স্বাদ খুব ভালো লেগেছে,Positive,5,False
ভাই এগুলো সব ফেক,Negative,4,False
মানুষ এখনো এত বোকামি করে,Negative,5,False
আমি দুই দিন নিউমার্কেট ব্রাঞ্চে গিয়েছি দুই দিনই বন্ধ পেয়েছি,Negative,10,False
আপনারা প্রতিদিন ১টা করে ভিডিও দিলে ভালো হয়,Positive,8,False
আগে ওদেৱ কে খাওয়াতে হবে তাৱপৱ ৱিমানডে দিতে হবে,Neutral,9,False
পাগল ছাড়া দুনিয়া চলে না,Neutral,5,False
কেউ না চিনলে উনারা কি এলিয়েন এর কাছে বেঁচে এখানে যাওয়া অনেক ঝামেলা জ্যামের চোটে বাচিনা তাই যাইনা,Neutral,18,False
সাটার বসানো দোকান গুলো থেকে জিনিস কিনবেন,Positive,7,False
বিরিয়ানি মধ্যে কি ইউস করে এতো ঘ্রাণ ফ্লেভার আসে দয়া করে জানাবেন,Neutral,12,False
মাশাল্লাহ অনেক ভালো,Positive,3,False
টাকার দারাজ থেকে এ কিনলাম ও পেলাম,Neutral,7,False
আমি আপনাদের সঙ্গে ব্যবসা করিতে আগ্রহী,Positive,6,False
অনেক লোভনীয় হয়েছে,Positive,3,False
সাধারণ মানের জিনিস,Neutral,3,False
পরের বারও নেবো,Positive,3,False
বড় মহিলা,Positive,2,False
ভাই রে ভাই,Positive,3,False
জাতীয় ভোক্তাঅধিকার সংরক্ষণ অধিদপ্তর এগুলা নজরদারি করা উচিত,Positive,8,False
ওনার সাথে ফোনে যোগাযোগ করা যায় না আপু,Neutral,8,False
নতুনধারা ব্যবসায়ী আছে তাদের উদ্দেশ্যে বলবো,Positive,6,False
পাঠাও খাব,Neutral,2,False
দারুণ মজার,Positive,2,False
সবার পাশে আছি ইনশাআল্লাহ,Positive,4,False
ধন্যবাদ ভাই মজার একটা মাছের রেসিপি দেখালেন নদীর পাড়ের হোটেল খুবই সুস্বাদু লাগে এই খাবার দেখানোর জন্য আপনাকে অসংখ্য ধন্যবাদ,Positive,20,False
ইয়াম্মি ইয়াম্মি ইয়াম্মি,Positive,3,False
প্রত্যেকটা কথাই অনেক গুরুত্বপূর্ণ ছিল আলহামদুলিল্লাহ,Positive,6,False
দেখতে সুন্দর,Positive,2,False
আরে ভাই পিস দরকার ছিল কোথা থেকে নেব,Neutral,8,False
পণ্য ব্যবহারযোগ্য,Neutral,2,False
পাইকারি কত করে দিবেন,Neutral,4,False
চোরাই মোবাইল ক্রেতাদের শাস্তি দরকার,Negative,5,False
ভিডিও এডিটটা সেই হয়েছে,Positive,4,False
শব্দ কম করে,Positive,3,False
গাড়ি বাড়ি থাকলেই কি না থাকলেই কি ভাইরাল হওয়ার একটা নেশা আছে তো নাকি,Neutral,14,False
একজন লোক ওদের কে ভালো বেবসায়িক বললোনা,Neutral,7,False
লাগিয়ে কি রোদে বা রান্নাঘরের তাপে যাওয়া যাবে,Neutral,8,False
টাকাত তো কোনো দাম নাই ১৮০০ টাকা এই ইলিশ এর দাম ২৮০০ টাকা হলে বেগ ভরে ফেলা যাবে,Negative,18,False
দীর্ঘদিন যাবত ব্যবসা করছি খুব ভালো,Positive,6,False
ওরা কি মোবাইল ফোন এনে দিতে পারবে পারলে চার্জ কেমন লাগতে পারে,Neutral,12,False
এভাবে খাবার নষ্ট করে পাপ করা হচ্ছে,Negative,7,False
ইউনিক হলেই ভালো হয় না মান ভালো হতে হয় ডিজিটাল মেসিনগুলো সব প্রায়ই এক এত বড় বলার কিছু নাই এই চ্যানেলের ভিডিও গুলোর ধরন প্রায় এক বারাবারি,Neutral,27,False
আসমা শাড়ি না পড়লে ভালই লাগেনা ভিডিও দেখতে ইচ্ছে করে না,Neutral,11,False
খাবার নষ্ট করছে,Negative,3,False
খাবার ঠান্ডা ছিল,Negative,3,False
দারুণ মজার খাবার দাদা,Positive,4,False
অদ্ভুত বাংলাদেশের এত গার্মেন্ট উৎপাদন করে তাও বিদেশের হ্যান্ড কাপড় পরতে লাগে,Negative,12,False
কত ক্যারেট,Neutral,2,False
এবার প্রশাসনের কে কে তাদের সাথে জড়িত তা খুঁজে বের করুন,Negative,11,False
ভাই এটা মনে হয় মরা মুরগি ছিল তাই এত কমে বেশি,Negative,11,False
কাকা এসব খাবার বিক্রি করলে মুখে মার্কস লাগাইয়া কথা বলেন,Negative,10,False
যতটা লোভনীয় করে দেখান ততটা খাইতে কি মজা ওখানে গিয়ে,Negative,10,False
অর্ডার ক্যানসেল করা কঠিন,Negative,4,False
ঝালমুড়ির নাঙ্গা নাচ,Negative,3,False
এইসব খাবার চোখে পড়ল এক নাম্বার খাবার,Positive,7,False
এ ধরনের খোলা খাবার খেলে ১০০ অসুস্থ হওয়ার ঝুঁকি,Negative,9,False
সুন্দর হয়েছে ভিডিওটা,Positive,3,False
পরের টাকা মেরে যারা খায় তাদের জন্য একটা শিক্ষা,Neutral,9,False
সে কাজ করে খাচ্ছে,Positive,4,False
নারায়ণগঞ্জের কোন শুরু করলে মনে হয় চলতো দোয়া চাই যেন কিছু করতে পারে আমি মানুষের জন্য,Positive,16,False
আপনার ভিডিও এটা যদি ভালোভাবে প্রচার হয় তাহলে মানুষ রকেট আর হেলিকপ্টার নিয়ে আসবে আপনার দোকানের সামনে এই খাবারগুলো কিনতে,Positive,20,False
পরলে ঠিকই লাগে,Neutral,3,False
চমৎকার উদাহরণ সৃষ্টি করেছেন ভাই,Positive,5,False
অসাধারণ হয়েছে আপু,Positive,3,False
আমি অনলাইনে কিনেছি টাকায়,Neutral,4,False
ভাই কোন জায়গা এটা লোকেশন দেনদাঁড়িয়ে খাব ভাই এখনই খেয়ে আসবো,Neutral,11,False
কপি সব,Negative,2,False
প্রতিদিন কি খোলা থাকে জানাবেন প্লিজ,Neutral,6,False
বয়লার মুরগি রান্না দেখাবেন,Neutral,4,False
প্লেট একেবারেই পরিষ্কার ছিলো না,Negative,5,False
আমার কাছে ভালো একটা মেয়ে মানুষ আছে কাটার জন্য,Neutral,9,False
১০০ রাইট,Positive,2,False
আমার সব চেয়ে প্রিয় মাছ,Positive,5,False
এই ধরনের ভিডিও দেখে কোথাও খেতে যাবেন না,Neutral,8,False
কোনদিন খাই নাই অভিজ্ঞতা নাই আর খাব না,Negative,8,False
এই জীবনে আমি কি করলাম,Negative,5,False
এর জন্য দায়ী কোনো একটা সম্প্রদায়,Negative,6,False
ওয়াও লোভনীয়,Positive,2,False
দোকান কোথায়,Neutral,2,False
একটুও ভালো না ওনারা ভালো করে পরিষ্কার না করে রান্না করে পরিবেশন করে আমি ১ ম ওপেন করার ২ য় দিন খেতে গেছিলাম ওনার পাশে দোকান ও সাইডে সবাই বলছিলো উনি ভালো করে পরিষ্কার করে না আমিও দেখছি একদম আনহেলথি এখানে থেকে সুপার মার্কেট এ রেস্টুরেন্ট এর টা ভালো,Negative,49,False
খুব ভালো লাগলো কথাটা,Positive,4,False
পড়াশোনার পাশাপাশি এমন বিজনেস দারুন ব্যাপার৷,Positive,6,False
মেয়েরা সুন্দর এগিয়ে যাচ্ছে,Positive,4,False
ভাই এত সুন্দর এডিট কি আপনি করছেন,Neutral,7,False
মরা মুরগী থেকে সাবধান,Negative,4,False
খায় দাই আর কাম নাই গুলশান বনানী শুধু তোমার এখানে খাইবো ভাইরে ভাই চাপাবাজির একটা লিমিট থাকা দরকার,Negative,18,False
মান মোটামুটি,Neutral,2,False
রং গুলা দরকার,Neutral,3,False
নাইস ভাই সেই,Positive,3,False
মেসি কি,Neutral,2,False
রেসিপি ভালো লেগেছে,Positive,3,False
মোটেও তৃপ্ত হয়নি,Negative,3,False
আল্লাহ উনাকে নেক হায়াত দান করুন আমিন,Positive,7,False
দারুণ ব্যাপার তো,Positive,3,False
শাহবাগীদের একবেলা দাওয়াত,Negative,3,False
আমারও প্রতিভা আছে,Neutral,3,False
ফ্রি অফারদোকানদারের ধুলা ঘাম সব ফ্রি,Negative,6,False
খাওয়ার স্বাদ একেবারেই খারাপ,Negative,4,False
আমি থাকতে চাই,Neutral,3,False
আমাদের গ্রামে ছোট বেলায় দেখেছি বিক্রি করতে এমনকি টাকা বাকিতে ও পাওয়া যেত ধানের সিজন ওয়েজ,Neutral,16,False
খুব খারাপ স্বাদ,Negative,3,False
সুন্দর পোস্ট,Positive,2,False
দুজনের নাটক সেরা ছিল ভাই সেরা,Positive,6,False
এ পৃথিবীতে সবচেয়ে আবেগী মানুষ বাংলাদেশের বাঙালিরা যদি বলে হাতির মাংস খাওয়া যায় তারা বাঙালি হাতে ধরি জব করি খাই ফালাইবো আর আ,Positive,23,False
আমার কাছে ৪০০০ টাকার ব্যাট ৭৫০০ রাখছে এই মারুফ ভাই,Negative,10,False
কড়হই কি আর চুল হা কি,Neutral,6,False
আমি মেসোতে মাল বিক্রি করতে চাই ১০ পিস করে নেব,Positive,10,False
কাজ করে না,Negative,3,False
ইনশাআল্লাহ ভাই তুমি এগিয়ে যাও ইনশাআল্লাহ আমরাও অনলাইনে কাজ করবো,Positive,10,False
ভাই আপনাকে বলছি এই ভাবে হাতদিয়ে উঠান চামিচ দিয়া উঠান,Positive,10,False
ভাই এক কাপ তেল বলতে কতটুকু বুজবোকত গ্রাম,Neutral,8,False
আমাদের দিকে ব্রিগেড মাছ আমেরিকান মাছ রুই মাছ টাকা কেজি,Neutral,10,False
সবগুলো মজার খাবার,Positive,3,False
কোথায় এটা,Neutral,2,False
আমার গালফেন্ড কে খাওয়ানোর পর একবার দেখাতে হবে,Neutral,8,False
চুরির মাল নাকি ভাংগারি মাল,Negative,5,False
ভাই খাসির নুনু খান,Neutral,4,False
আপনার মত জীবনে কিছু করা লাগবে,Positive,6,False
মজা মিস করবেন না,Positive,4,False
এই খাবারটা আসলেই সেরা,Positive,4,False
গাড়ি বাড়িতে হয় না হেতির চুলকানি অনেক বেশি তো,Neutral,9,False
সব ব্যবহার করা পোশাক,Negative,4,False
জীবে পানি এসে যাবে,Positive,4,False
চি চি,Negative,2,False
গিয়ে টেস্ট করতে হইবো তোদের দোকানের সামনে,Positive,7,False
অসাস্থকর খাশি,Negative,2,False
ঢাকায় উত্তরাতে এরকম রান্না করে গরুর মাংস অনেকেই বিক্রি করে কিন্তু দাম ১২০০টাকা কেজি আর ১ কেজির ভিতরে ৪০০ গ্রামই ঝোল আর আলু থাকে আর মোয়াজ্জেম সাহেব এখানে কত সুন্দর ভাবে রসালোভাবে রান্না করছে আল্লাহ যেন মুয়াজ্জিন সাহেবের ব্যবসায়ী বরকত দান করেন,Positive,42,False
এটা কোন নদীর পাড়,Neutral,4,False
এত কম টাকায় এত খাবার কিভাবে সম্ভব,Neutral,7,False
ভিডিও দিছেন নামঠিকানানাম্বার দিছেন কিন্তু দেখা যায় না,Negative,8,False
নাটক টাইপ ভাইরাল হওয়া,Negative,4,False
চিংড়ি মাছের প্লেট কত টাকা করে,Neutral,6,False
ঘাম মুড়ি,Negative,2,False
খাওয়ার মতো একেবারেই না,Negative,4,False
এটা খুব ভালো কাজ আপনার উত্তর উত্তর সাফল্য কামনা করছি,Positive,10,False
মানুষ যায় কেন মানুষ এতো পাগল কেনো,Neutral,7,False
এত কমে কিভাবে সম্ভব,Neutral,4,False
আজ প্রথম শুনলাম আর দেখলাম,Neutral,5,False
আমার ও পন আছে দেখা যার,Neutral,6,False
চিকেন রোস্ট,Neutral,2,False
অসাধারণ উদ্যোগ প্রত্যেক জেলায় জেলায় এই উদ্যোগ চালু করা উচিত,Positive,10,False
এইসব কাবার খাওয়া ঠিক নাযেই কনো মহতে পেট খারাপ হয়ে যেতে পারে,Negative,12,False
কতটা দাম,Neutral,2,False
দারুণ দারুণ,Positive,2,False
কোন থানা ওর,Neutral,3,False
মুরগির কেজি টাকা তা দিয়ে বিরানিটাকা কি ভাবে সম্ভব আসলে আমরা কিছু মানুষ বিশ আর ঘু খাইতেছি আমার তো দেখেই ঘৃণা হচ্ছে,Negative,22,False
ফালতু খাবার একবার খেয়ে আর যাই নাই,Negative,7,False
তুমি তো নিজেই সবাইকে দেখাচ্ছ,Neutral,5,False
কে খাওয়াবি,Neutral,2,False
ব্র্যান্ডেড প্রোডাক্ট অনলাইনে সেল করা যাবে কি,Neutral,7,False
সুন্দর আয়োজন,Positive,2,False
এ মেসেজ করেছি দেখেননি,Negative,4,False
মাংসটা রান্না না করে দিলে হবে,Neutral,6,False
কাজ শিখার জন্য কোন টা কিনবো,Neutral,6,False
মারুফ ভায়ের দোকানের আরো ভিডিও চাই কে কে একমত আমার আথে,Positive,11,False
নাউজুবিল্লাহ আপনি কিভাবে চোরাই মোবাইল কিনতে উৎসাহ দেন,Negative,8,False
খাবারের অবস্থা খুব খারাপ,Negative,4,False
সব আয়োজন খালি দূরে দূরে হয় আমাদের বাড়ির আশেপাশে কোন খাওয়ার আয়োজন হয় নাই এভাবে যখনই দেখি কোন ভালো আয়োজন অনেক দূরে তাই যেতে পারি না আমার খেতে খুব ইচ্ছা দৈনিক টাকার গরুর গোশত কিনে কিন্তু অনেক দূরে খেতে পারব না,Neutral,41,False
১৮০০ টাকার মাছ ৪০০ টাকা কত্ত বেশি চায়,Negative,8,False
থ্যাঙ্ক ইউ খুব ভালো লাগলো,Positive,5,False
ভাই আপনার ভিডিও কোয়ালিটি আগের চেয়ে ভালো তবে এখন অনেক সাদা লাগে,Neutral,12,False
নদী পারের ভাতের দোকান কোথায় খেতে যাব ভাই,Neutral,8,False
ওদের দোকান আছে ভাই,Neutral,4,False
খুব সুন্দর ফ্লেভার কম্বিনেশন,Positive,4,False
লোকেশন কোথায় এটা মনে হয় অসুস্থ মরা ফেলায় দেওয়া মুরগী বিরিয়ানি হবে,Negative,12,False
যদি আসল সোনা না দিয়ে ইমিটেশন দেয় তাহলে কি করবো,Negative,10,False
আমার বউই সেরা বিরিয়ানিতে,Positive,4,False
আমি বিনা পয়সায় চাকরি করব,Neutral,5,False
এই লোক বাটপার,Negative,3,False
মাএ ২১ বছরে বিয়ে আর অল্প বয়সে কোটিপতি মহান আল্লাহ তায়ালা তাদেরকে অনেক দিন এগিয়ে নিয়ে জাক আর আমরা এর পিছনে না ছুটি,Negative,23,False
খুব সুন্দর স্বাদ,Positive,3,False
মাশা আল্লাহ অনেক মজাদার খাবার,Positive,5,False
আমার আই ফোন চুরি হয়েছে কিন্তু জিডি করে মোবাইল পাইনি চুরির সব মোবাইল এই চুর মার্কেটে বিক্রি হয়,Negative,18,False
অনেক স্বাদের,Positive,2,False
খাবার দেখে মন ভরে গেছে,Positive,5,False
চুদিরভাই লোকেশন কওয়া চুদাসনা কেন,Neutral,5,False
এ কম দামে সেল হচ্ছে ভুল তথ্য দিচ্ছেন,Negative,8,False
আপনার মতো এইভাবে কেউ বুঝায়া বলেনি বা সিক্রেট শেয়ার করেনি এইভাবে একবার ট্রাই করবো আর আপনার সব ভিডিও দেখবো আরও শিখবো ধন্যবাদ ভাইয়া,Positive,23,False
আমি দুইদিন পর চিকেন কাচ্চি রান্না করব ইনশাআল্লাহ তাই আপনার ভিডিও ফলো করিআপনার ভিডিও আমার কাছে পারফেক্ট মনে হয়,Positive,19,False
ভালো একটা কাজ করছেন আপু,Positive,5,False
আপনি একদিন নিজের খাবারের রিভিউ দেন,Neutral,6,False
ঘরে বাবুর্চি রান্না করে দায়,Neutral,5,False
খাওয়ার পর মনে আনন্দ এসেছে,Positive,5,False
আপু আমি জাব,Neutral,3,False
আমার মনে হচ্ছে এদের সাথে কিছু পুলিশ জড়িত থাকে এই জন্যই এরা বার বার ছাড়া পেয়ে যায়,Negative,17,False
দেখে ত মুখে পানি চলে আসছে,Positive,6,False
খালার উরন্ত পিঠার টেকনিক টা দেখে ভালই লাগলো,Positive,8,False
খুব সুন্দর হয়েছে,Positive,3,False
হাইজেনিকের রাজা ব্যঙ্গ,Negative,3,False
শুভকামনা আপু,Positive,2,False
এটা লোকেশন কোথায় পিল্জ কেও জানাবেন,Neutral,6,False
স্বাদ ভালো না লবণের ব্যালেন্স ভালো হয়নি,Negative,7,False
এই কলিটি রেকেট আমার লাগবে ভাই বাজেট ছয় হাজার টাকা মধ্যেই,Neutral,11,False
লোকেশান কোথায়,Neutral,2,False
এমন খাবার আমিও পছন্দ করি ভাই,Positive,6,False
ছবি দেখে যেমন ভেবেছিলাম তেমন না,Negative,6,False
ভাইয়া এইগুলা কীভাবে নিবো,Neutral,4,False
ভাই কেনোভুল পদধুতিআমি কোলকাতা বাঁবচি,Neutral,5,False
এইগুলা কোন নদীর উপর নদীর পাড়ে পাওয়া যায়,Neutral,8,False
ঐ মার্কেট এর ফোন এর দোকান গুলি সবাই চোর,Negative,9,False
এই ৩টা খেয়ে ফেললে ভালো হবে,Neutral,6,False
দুই টা ২০০ বললে ঠিক হতো এমন ই দাম,Neutral,9,False
খুব ভালো,Positive,2,False
খাবারের স্বাদ একেবারেই মানানসই না,Negative,5,False
দোকানদার ফোন ধরে না ব্যবসা করবো কিভাবে,Negative,7,False
কাঁকড়া ছাড়া আর কিছু ট্রাই করিনি কোনোদিন,Neutral,7,False
খুবই সুন্দর,Positive,2,False
নিজের পায়ে দাঁড়ানোটাই সঠিক মনে করি,Positive,6,False
ভাই অনেক ফোন দিলাম ধরেননিকিভাবে আপনার কাছে আসবো,Negative,8,False
সব কিছু পাওয়া যাই,Positive,4,False
খাসির গু টা বাদ দিলেন কেন,Neutral,6,False
ওনাকে দেখে ৬৭ মাস ধরে রিসেলিং করেছি মোটামুটি একটা আইডিয়া আসছে এখন নিজেই কিছু প্রডাক্ট বাসা থেকে অনলাইনে সেল দেওয়া শুরু করছি বাকি টা আল্লাহ ভরশাহাল ছাড়বো না ইনশাআল্লাহ সকলের দোয়া চাই,Positive,32,False
আল্লাহ পাক উনাকে বরকত দিন রান্না র সাথে উনার দরদ মেশানো থাকে তাই সু স্বাদু,Positive,15,False
চিংড়ি মাছের তরকারি অসাধারণ,Positive,4,False
ডাক্তারি শিখলেন কবে থেকে,Negative,4,False
এই গি যে দোকানে যায় তার গুনগুন গায় ফ্রি খাওয়ার জন্য,Negative,11,False
খাওয়ার অভিজ্ঞতা খুব বাজে,Negative,4,False
যার সবকিছু আছে তারা আরো চায়,Neutral,6,False
আমরা মুসলিম আমরা বাংলাদেশি,Positive,4,False
মাংস কি রান্না না করে শুধু মেরিনেট করে দিলেনবুঝিনি,Negative,9,False
আজকে টাকা নাই বলে চোখের সামনে দিয়ে এত সুন্দর সুন্দর হাই কোয়ালিটির প্যাড গুলো চলে যাচ্ছে,Negative,16,False
শীতের স্পেশাল খাবার,Positive,3,False
ওর লগে আর একটা খ্রোরপাতি ছেলে আছে সম্ভবত ওর নিজ জেলারই ওরে দেখলেও ক্যান জানি বাটপার বাটপার লাগে,Neutral,18,False
ফোনটার ভিডিও কোয়ালিটি ২কে ৩০ হাজার টাকায় একটা ফোন নেব অন্য কোম্পানির মধ্যে অনেক ভালো ফোন পাওয়া যায়,Negative,18,False
এই খাবার বিশেষ করে চিংড়ি আমার জন্য হারাম,Negative,8,False
এত কমে কিভাবে,Neutral,3,False
হ্যাঁ আপু রেগুলার তোমার ভিডিও দেখি এবং ফলো দেওয়া আছে,Positive,10,False
পরকীয়া করার জন্য পারফেক্ট ব্রাহ্মণবাড়িয়া,Negative,5,False
শুষ্কতা দূর হয়েছে,Positive,3,False
অসংখ্য ধন্যবাদ প্রিয় আপু আপনাকে,Positive,5,False
দাদা আমি নিজে মাল কিনেছি আপনার কথা একদম বাস্তব সব কথা মেলে যায়,Positive,13,False
কাষ্টমার আর বোদাই নাই,Neutral,4,False
তুমি রাস্তার পাশে দাঁড়িয়ে হাত দিয়ে তরকারি নাড়ছো আর এই তরকারি গুলোই তোমার ভিআইপি খাচ্ছে যারা এগুলো খাচ্ছে তাদের কোন রুচি ন,Negative,22,False
অসাধারণ খাবার,Positive,2,False
প্রথমবার কিনে ভালো অভিজ্ঞতা,Positive,4,False
মাশাল্লাহ চমৎকার আমিও শুরু করতে চাই,Positive,6,False
আমি আপনাদের সাপোর্ট পেলে ব্যবসা করতে চাই,Positive,7,False
আমি কোন দেশে বসবাস করি ২৩ সালেও ৮০০ টাকা পিস বিক্রি করছে,Negative,12,False
ভাই খাসির সব সব বলতে খাসির কি পটিও বিক্রি করে নাকি,Neutral,11,False
সব গুলা পাগল,Negative,3,False
হতে চাইলে করা যাবে না,Neutral,5,False
এসব ব্যবহৃত,Negative,2,False
নিয়ে অর্ডার সহ একটি ভিডিও আপলোড করূন,Neutral,7,False
প্রথম কমেন্ট,Positive,2,False
পুরো কমপ্লিট সেটের দাম কত,Neutral,5,False
চাপা একটু কম মারেন ক্যামেরা দেখলে নিজেকে কন্ট্রোল করতে পারেন না তাইনা যারা গুলশানবনানীর মত জায়গায় থাকে তারা ঠেকায় পড়েছে,Negative,20,False
সব ঠিক আছে কিন্তু সামনে খাবার রেখে এতো কথা না বলাই ভালোমুখের থুথু যে কতবার পরে তা আল্লাহ জানেমাস্ক পরে কথা বলা উচিত,Neutral,23,False
যেভাবে করুক যেমনই করুক করুকনা তাতে কি স্বাস্থ্যসম্মত হলেই তো হচ্ছে তাতে কি বাঙালি এত ঘাটাঘাটি করে কেন বুঝিনা হয়তো কোন আত্মীয় স্বজনদেরকে নিয়ে বানায় বা অন্য কেউ বানিয়ে বানিয়ে দেই তাতে কি সৎপথ উপার্জন করছে বাঙ্গালীদের যে কেন এত জ্বালা বুঝিনা কেউ উপরে উঠতে চাইলে তাদেরকে টেনেহিঁচড়ে নামিয়ে দেয় এই হচ্ছে আমাদের বাংলাদেশ কারো ভালো কেউ চাই না,Positive,59,False
ভাই আপনার কাছ থেকে রান্না শিখে আমার সুন্দরী পরীর মতন একটা বউ ধরছে,Positive,13,False
মাশাআল্লাহ অসাধারণ আপনার রান্না দেখলে একেবারে মনটা ভরে যায়,Positive,9,False
হক থু,Negative,2,False
মাংসো কি আগে রান্না করছেন,Neutral,5,False
জায়গাটা কম বেশি সবাই চেনে,Neutral,5,False
তবুও খাব,Positive,2,False
এই দোকানের মালিক কে আইনি আওতায় নিয়ে আসা হউক,Negative,9,False
দেখি কাজ হয় কিনা,Neutral,4,False
আপু কি বলছে হাত কাটা,Neutral,5,False
কোথায় এই জায়গাটা,Neutral,3,False
ভাই আপনার দামিদামি হয় না আমার মার দামাদামি ওয়াল্ড ফেমাস,Negative,10,False
সুন্দর উদ্যোগ,Positive,2,False
আমি মিছ করি নাসেই লাগে ভাই,Positive,6,False
আমি এই ব্যবসা করতে চাই,Neutral,5,False
এর জন্যই তো নিজেই বানিয়ে খাই,Positive,6,False
শুধু কাজই না এখানে আছে স্পেশাল গিফট বোনাসও আমি ইতিমধ্যে পেয়েছি গিফট পেমেন্ট,Positive,13,False
কোনভাবেই একা হাতে এতগুলো কেক বানানো সম্ভব না যেদিন আমরা বাসায় মেহমানদের জন্য বেশি রান্না করি বা পিঠা তৈরি করি সেদিন কেন তার পরের দিনও ক্লান্ত থাকি আর এখানে ইনি তো প্রতিদিন এত এত কেক নিয়ে আসছেন মিথ্যে কেন বলবেন কাস্টমারদের সত্য বলে ব্যবসা করুক,Neutral,45,False
এক সপ্তাহের মধ্যে আসব ছাড় দেওয়া হবে,Neutral,7,False
কি সমস্যা,Neutral,2,False
এখানে রেসিপি থেকে শুরু করে বাসমতি চাল থেকে শুরু করে সব রকম মসলা পেঁয়াজ সবকিছু ভারতীয় এরা নাকি ভারত বয়কট করবে,Neutral,21,False
মজাদার সব খাবারগুলো দেখলেই খেতে ইচ্ছে হয়,Positive,7,False
ঈমান মজবুত রাখার ১০ টি উপায়,Neutral,6,False
ঠিকানাটা দিন প্লিজ,Neutral,3,False
এত নিচ তলার ব্যবসা করে এর জন্য গাড়ি বাড়ি রয়েছে,Neutral,10,False
শনিবার গরুর মাংসভর্তা ডাল ও সালাদ ১৫০ ট রবিবার রুই মাছভাজি ডাল ও সালাদ ১৩০৳,Neutral,15,False
কাটার মেন লাগবে মনে হয়,Neutral,5,False
সেলাই ঠিক হয়নি,Negative,3,False
আসসালামুয়ালাইকুম ভাইয়া জায়গার নাম কি জায়গায় গেলে ভাইয়া খাবার পাওয়া যাবে এটা হচ্ছে আমাদের মত গরিবের খাবার,Neutral,17,False
দাম অনেক বেশি চায় ওনি,Negative,5,False
খুব সুন্দর দাম বলেছেন,Positive,4,False
টাকা খেয়ে বাজে সাইটের রিভিউ দিতেছেন,Negative,6,False
জায়গা কোথায় লোকেশন না বলে বকবক করেন কেন,Neutral,8,False
আমি কিনতে চাই,Positive,3,False
আমার ভিবো মোবাইল একটা পকেট মেরে নিয়েছে,Negative,7,False
এ দেন না,Neutral,3,False
দেখলাম এই পোস্ট এ লাইক করেছেন কিন্তু খাওয়ার একদিন দাওয়াত দিলে ভালো হয়,Neutral,13,False
আপু এসব ভাইরাল যারা করে তারাই আবার ধ্বংস করে দেয় ভাইরাল কোন কিছু বেশি দিন স্থায়ী হয় না,Neutral,18,False
সাদা ফোম টার রং বদলাতে পারবেন,Neutral,6,False
মানুষ কে টটাকাই,Negative,3,False
কখন খাবো স্যার,Neutral,3,False
দারুণ আয়োজন ছিল,Positive,3,False
সৌদিতে উটের গোস্তো গরুর গোস্তের চেয়েও কম দামে পাওয়া যায়,Neutral,10,False
মাশাল্লাহ খুব সুন্দর,Positive,3,False
দারুণ এসেছে রান্নার কালার টা,Positive,5,False
এই খাবারের স্বাদ একেবারে টপ,Positive,5,False
ভালোবাসা অবিরাম সবাই সবাইকে সাপোর্ট করুন,Positive,6,False
১০০ টাকা যা দেখায় সেরকম দেয় না রে পাগলা সব ই শোঅফ,Negative,12,False
ভাই কালা ভুনার আতুর ঘর হলো আমাদের রাজশাহী,Positive,8,False
আছেনা কিছু সভাবে ভিক্ষুক ও তাই,Negative,6,False
মার্কেটিং লেভেল,Positive,2,False
দারুন পরামর্শ ভাই,Neutral,3,False
এই জায়গাটা কোথায় আপু,Neutral,4,False
শরীর নিয়ে কটাক্ষ,Negative,3,False
ভাই কত টাকা দেবো মানে আলি এক্সপ্রেস এর এটার দাম যত তত টাকা দিব নাকি অন্য কিছু ভাই প্লিজ বলবেন,Neutral,20,False
সফলতা কামনা করি,Neutral,3,False
অনেক সুন্দর ভিডিও ধন্যবাদ ভাই,Positive,5,False
মানুষ পাগল তাই,Negative,3,False
দারুণ ব্যপার,Positive,2,False
সময় থাকতে ভালো হয়ে যাও,Positive,5,False
টাকা পয়সা হয়ে গেছে এখন,Positive,5,False
জাওরা নিউজ চ্যানেল এর সাংবাদিকে চান্দা দাবি করেছিল চান্দা দেয়নি বলে এরকম নিউজ করছে আর তা না হলে এরকম সংবাদের কোন যুক্তি কথা নেই গাজা খেয়ে পড়াশোনা করলে এমন নিউজ হবে বর্তমানে বাংলাদেশের মধ্যে সবচেয়ে বড় সন্ত্রাসী সবচেয়ে বড় মব সৃষ্টিকারী সবচেয়ে বড় চাঁদাবাজ হলো সাংবাদিক নামের সাংঘাতিক মানুষগুলো,Neutral,49,False
এই ফোনটা আমি শুধু একটা কারণে নিব না কারণ সামনের ক্যামেরাটা আইফোনের কপি,Negative,13,False
রান্না করা গরুর মাংস গরুর রান্না করা মাংস,Neutral,8,False
এটা কোনো জায়গায় আপু,Neutral,4,False
ঢাকা থাকে আর কেউ হকার্স চিনে না আমার জানা মতে নাই,Neutral,11,False
লোকেশ টা কই,Neutral,3,False
বাংলাদেশ এমন একটা দেশ যেখানে চুরি মাল বিক্রির জন্য বাজার এর সিস্টেম করা,Negative,13,False
সবকিছু আল্লাহর উপর ছেড়ে দেন,Positive,5,False
দারুন মজার ভর্তা দিয়ে গরম গরম ইলিশ মাচা ভাত দিয়ে ভাত,Positive,11,False
৫ পিস,Neutral,2,False
এত সস পামু কই,Neutral,4,False
নিজে উদ্যোক্তা হওয়া অনেক ভালো,Positive,5,False
আমাদের দেশের কুকুরের খাবার এগুলি,Negative,5,False
আপনি আর কি খাবেন বলুন তো,Neutral,6,False
আমারও একটা ফোন হারিয়েছে,Negative,4,False
শুধু কম দামি সুইচ দেখান অন্যগুলোর দাম দেখান,Neutral,8,False
মাথায় উটে,Negative,2,False
কোথায় দোকানে,Neutral,2,False
আপনাদের মেসেজ দিতে পারছি না,Neutral,5,False
সেই সুন্দর ভিডিও,Positive,3,False
অসাধারণ চিংড়ি ভোনা,Positive,3,False
ভালো বলছেন,Positive,2,False
আর খাবেন ফুচকা,Negative,3,False
উনারে কোন রেসপন্স করে না,Negative,5,False
ইলেকট্রনিক্স প্রোডাক্ট নিয়ে কাজ করতে চাই,Neutral,6,False
খাসির গু খা,Negative,3,False
এদের জন্ম মানুষে দেয় নাই আমিও ঠগেছি,Negative,7,False
করিম উল্লাহ মার্কেট বয়কট করা হউক,Negative,6,False
বাথরুমের বালতি টয়লেটের জিনিস একই,Negative,5,False
আমি বিদেশ থাকি বিদেশ থেকে কিনলে কি তারা বাংলাদেশে আমার বাড়িতে প্রোডাক্ট দিতে পারবে,Neutral,14,False
সেই মজাদার,Positive,2,False
কোথায় বিক্রি হয় এই বিরানি,Neutral,5,False
প্রতিবার খেলেই একই মান পাই,Positive,5,False
প্রতিদিন কি খোলা থাকে দোকান,Neutral,5,False
ওয়াও অসাধারণ ভিডিও,Positive,3,False
মাশাল্লাহ চমৎকার একটা তথ্য দিয়েছেন এটি খুবই দরকারি,Positive,8,False
এই উট সৌদি আরবে রিজিট কারণ পুরুষ উটের মাংস অনেক শক্ত হয়,Neutral,12,False
এটা হল চুরের মার্কেট,Negative,4,False
খুব সুন্দর উদ্যোগ নিয়েছেন এই মুয়াজ্জিন সাহেব,Positive,7,False
সবাই ধরেন,Neutral,2,False
এই মার্কেটের সবগুলো চুর,Negative,4,False
মাশাল্লাহ কী মায়াবী চেহারা দোয়া ও শুভ কামনা রইল,Neutral,9,False
হাতে মাঝে কিছু পড়ে নিলে ভালো হতো না,Neutral,8,False
এর জন্য ৪ জন দায়ী জাকির কিছু মহিলা কেক বিক্রেতা হলুদ মোবাইল ক্রিয়েটর ক্ষুধার্ত ক্রেতা,Neutral,15,False
ওরা পাগল,Negative,2,False
স্বপ্ন গুলো কি সুন্দর পূরন হয়েছে মাশ আল্লাহ,Positive,8,False
সেই মজা,Positive,2,False
কথাটা সত্য তরতাজা মাছ পাওয়া,Positive,5,False
তারেক ভাই আমরারে খেয়াল রাকিও তে,Positive,6,False
আমি ঢাকা থেকে এই মেলা থেকে নিয়েছিলাম উনার কাছে থেকে আলহামদুলিল্লাহ দাম হিসাবে কোয়ালিটি ভালো ৩ টা নিয়েছিলাম,Positive,18,False
আপু শুভকামনা রইল,Positive,3,False
নতুন কিছু লাগেনি,Neutral,3,False
আমার কলেজের কম্পিউটার চুরি করে এখানে বিক্রি করেছিল,Negative,8,False
অসম্ভব মজাদার রেসিপি,Positive,3,False
সিমি আপু,Neutral,2,False
ঠিক বলেছেন কাজ করে,Positive,4,False
সকাল কয়টা থেকে কয়টায় থাকেন,Neutral,5,False
অনেক সুন্দর হইছে,Positive,3,False
দ্যাড় বছরে দ্যাড় বছরে না দেড় মিনিটেই এমন অনেক উদ্যোক্তার ভবিষ্যৎ ধ্বংশ করে দিচ্ছে সময় টিভি নিজেরদের আয় বাড়িয়ে মুনাফা আর কন্টেন্টের নামে উজ্বল ভবিষ্যতের অনেক যুবকের জীবন ধ্বংশ করে দিচ্ছে তারা,Negative,32,False
এর ঢাকার ভার্সন,Neutral,3,False
ধন্যবাদ তোমাকে,Positive,2,False
মানুষ তো বিয়ে বাড়ির জন্য পাকায় না তোমাদের অর্ডার নেওয়ার জন্য পাকায় যেভাবে বলতেছো যে তোমার অর্ডারে তারা রান্না করে দেয়,Neutral,21,False
এগু লা আমাদের ফেনীতে আসেনা কেনো,Neutral,6,False
দারুন মজার লোভনীয় খাবারের রেসিপি খুব ভালো লাগলো,Positive,8,False
অনেক সুন্দর আলু ভর্তা,Positive,4,False
বাংলি কারোর ভালো সজ্য করতে পারে না,Positive,7,False
অনেক সুন্দর হইছে রান্না টা,Positive,5,False
ছবি দেখে যেমন ভেবেছিলাম তেমন পাইনি,Negative,6,False
ওনাদের নাম্বার বন্ধ,Negative,3,False
খুব সুন্দর একটা রেসিপি,Positive,4,False
ফাহিম ভাই পরেরবার ভুল করলে ওই ভুলটা আর করবেন না তিনি যেরকম অধীর আগ্রহ আপনার দিকে তাকিয়ে ছিল আপনার তার পাশে যেয়ে একটু দাঁড়ানো উচিত ছিল,Positive,26,False
না আমি বুঝলাম ওনার ওয়াইফ এগুলা তৈরি করে নাই বাজার থেকে তৈরি করে এটা বিক্রি করতেছে আপনাদের সমস্যা কি ভালো লাগলে খাবেন না লাগলে খাবেন না,Positive,26,False
এত দাম দিয়ে কেউ নিবেনা,Negative,5,False
মেয়ে নিবেন নাকি ছেলে নিবন,Neutral,5,False
এগুলো কি সত্যি,Neutral,3,False
কোন কোন বাস যায়,Neutral,4,False
স্পেশাল কুকার কি বিরিয়ানি রান্না করা যাবে,Neutral,7,False
বেকার মানুষের কাজ না থাকলে তারা এসবই করে নিজেরা তো কিছু করতে পারেনা,Neutral,13,False
সে একটা বাটপার,Negative,3,False
আমারে তো একবার মাছের লেজ ধরাই দিছে প্লেটের থেকেও বড়,Positive,10,False
এসব ভাইরাল হওয়ার ধান্দা,Negative,4,False
শোরুম কোথায়,Neutral,2,False
কে বলছে আপনাকে এই জায়গা কেউ চিনে না এটা ধানমণ্ডি হকার্স,Neutral,11,False
টেকচার কি ভাই,Neutral,3,False
দোয়া রইলো,Positive,2,False
নোংরা মানুষ,Negative,2,False
নতুন কসমেটিকস দোকান করতে চাই যোগাযোগ কিভাবে,Neutral,7,False
টমেটো বেগুন আর আলু ভর্তা,Positive,5,False
দিনাজপুর বড় মাঠের কোন দিকে,Neutral,5,False
কাপড়ের মান মোটামুটি,Neutral,3,False
সুপ খেতে হলে ভাই এদিকে আসতে হয়,Positive,7,False
আজকে রান্নার কালার টা বেশ ভালো হয়নি,Neutral,7,False
আরে ভাই লিংক বা পপ আপ করে দিলেই তো হয় ডেসক্রিপশন এ লিংক দিতে পারেন ভিডিও বানাইতে আসছেন শুধু আজাইরা কথা বল্লে হবে মানষের টাইমের দাম নাই,Negative,27,False
খুব ভালো হইছে আপু,Positive,4,False
খাবার গুলো অনেক লোভনীয়,Positive,4,False
ফলো ব্যাক করে দিয়েন,Neutral,4,False
দাদা ওখানে চুরি করা ভালো ফোন কত দাম তবু,Neutral,9,False
সবাই সফল হতে চায় কিন্তু কষ্ট কেউই করতে চায় না,Positive,10,False
খুব সুন্দর হয়েছে দেখতে,Positive,4,False
প্রথম কামড়েই ভালো লেগেছে,Positive,4,False
মেয়েকে নিয়ে আমীও কয়েকবার খেয়েছি,Positive,5,False
খুব সুন্দর রেসিপি টা,Positive,4,False
বাচ্চা দের জন্য কত,Neutral,4,False
গাড়িটা ওনার না ওনার কাস্টমারের আর ওই কাস্টমার বাসায় কাজ করতে ইচ্ছুক না গাড়ির ভিতরেই কাজ করে,Neutral,17,False
বুঝতে পারছি এটাকে এখন ভাইরাল করে,Negative,6,False
গুণমান খারাপ,Negative,2,False
ভিডিওতে এরকম ডিটেলস দেয় না ভালো লাগলো ধন্যবাদ,Positive,8,False
অনেক সুন্দর লাগলো,Positive,3,False
বেশি হাসির কারণে ভিডিও কোয়ালিটি খারাপ হয়েছে,Neutral,7,False
প্রথম কামড়েই অসাধারণ লেগেছে,Positive,4,False
লবণ ভেজা ছিল,Negative,3,False
এতো সুন্দর করে কেউ বুঝতে পারে না খুব ভালো লাগছে ভাই,Positive,11,False
সিরাজগঞ্জ এর গোলামের হোটেল,Neutral,4,False
দারুন হয়েছে রেসিপিটা কিন্তু কোনদিন খাইনি আর হয়তো কোনদিন রুচি করে খেতে পারব না,Negative,14,False
আকারে হালকা,Positive,2,False
এটা কি শুধু ফ্রেম,Neutral,4,False
কাজী মাহমুদুল হাসানের হোটেল বললেই হবে,Neutral,6,False
শিতে হাঁসের মাংস খুব মজা লাগে,Positive,6,False
খাবার সামনে রেখে কথা বলতে গেলে অবশ্যই মুখে মাস্ক পরে নিবেন এভাবে থাকলে ভদ্রলোক খেতে যাবে না,Negative,17,False
টাকা খেয়ে ভিডিও বানাইছে দুই নাম্বার ভিডিও,Negative,7,False
শাকিলার থেকে রুমার হাঁসের মাংস অনেক ভালো একজনে উপকার করতে গিয়ে আরেকজনের ক্ষতি করা ঠিক নয় বিনা ক্ষতি করে কারো নাম কিভাবে কলঙ্কিত করবেন,Negative,24,False
এখানে কি বন্ধু পাওয়া যাবে,Neutral,5,False
খুব সুন্দর আয়োজন,Positive,3,False
হাঁসের দোকানের পাশের দোকান চা পাওয়া যায় ছুপ খেতে হলে ভাই আমার দোকানে বসার জন্য কোনো বাধা নাই,Positive,18,False
দালাল এ ভরা বাংলা দেশ ১৫০০ টাকা কেজি উটের মাংস কই টাকা লাভ করতেছে,Negative,14,False
এই লোকের হাতের এটো খাবার খাও,Negative,6,False
চট্টগ্রাম থেকে কি ভাবে পাবো,Neutral,5,False
নেহারি দেখলেই জিভে পানি,Positive,4,False
ভাই আপনার বোজানোর স্টাইটা অসাধারন ছিলধন্যবাত,Positive,6,False
রুজিতে আল্লাহ বরকত দিন,Positive,4,False
তাহলে সবার বাবামা প্রায় কমন যাক মন একটু সান্তনা আসলো,Neutral,10,False
একদিন ঢালাই মেশিন দিয়ে মুড়ি মাখবে,Negative,6,False
বিয়ে করবো তোমায়,Neutral,3,False
যথেষ্ট ভাল রান্না,Positive,3,False
ভুয়া পেইজ মানুষকে বোকা বানাচ্ছে,Negative,5,False
এই জিনিসটা আমারও খুব পছন্দ আমার খেতে খুব ভালো লাগে,Positive,10,False
এগুলো সব দুই নম্বর জিনিস এগুলো সব ক্ষতিকর,Negative,8,False
বিশেষ অভিযোগ নেই,Neutral,3,False
ওনেক ওনেক সুন্দর হয়েছে,Positive,4,False
এর মধ্যেই আমার ফোন আছে,Negative,5,False
মার্কেট কোথায় ঠিকানা চাই,Neutral,4,False
ভাই পার্সেল পাঠানো যাবে,Neutral,4,False
ছিঃ উনি হাত দিয়ে এগুলো ধরতেছে,Negative,6,False
মানে আমরা খামুমু ও আবার বদনাম ও করমু,Neutral,8,False
সুবহানাল্লাহ মাশাল্লাহ জাযাকাল্লাহ ধন্যবাদ চালিয়ে যাও,Positive,6,False
এইসব খাবার মানুষের খাই কি করে,Negative,6,False
ব্যবসা করে সব লাভ দিয়ে আসবেন আর খরচগুলো কিভাবে চলবে,Negative,10,False
দোকান টা কোথায় বলবেন,Neutral,4,False
এগুলো খেলে অবস্থা খারাপ হবে নিশ্চিত,Negative,6,False
কোথায় থেকে কিনলে ভালো হবে ভাইয়া,Neutral,6,False
অতিরিক্ত তেল ব্যবহার,Negative,3,False
কেন উনি এত ধনী মানুষ তাহলে ফুটপাতে কেন ব্যবসা করেন,Neutral,10,False
এগুলা সিদ্ধ হয় না তাই কেউ কিনবেন না,Negative,8,False
খুব খাওয়ার জন্য আইতাছি আমরা তোমার দোকানে,Positive,7,False
কিন্তুক কি,Neutral,2,False
সব ভুয়া মাল,Negative,3,False
এসব নাটক করে সময় নষ্ট করা হচ্ছে,Negative,7,False
কিনতে গেলে দাম বেশি চায়,Negative,5,False
সরকারি পেনশন বন্ধ করা হোক সরকারি ছুটি শনিবার বাতিল করা হোক দেশের বেকারত্ব দুর হবে,Negative,15,False
একটি হাসের মুল্য ৫০০ তেকে ৬০০ টাকা সর্বোচ্চ কিন্তু একটি হাস রান্না করে বিক্রি করেন কমপক্ষে ২ হাজার টাকা এত টাকা কোতাই রাখবেনএত লাভ কিন্তু ভালো না অতিরিক্ত দাম রাখেন খাবার,Negative,31,False
ফালতু মেয়ে,Negative,2,False
মানুষ রোগ কিনছে,Negative,3,False
আর তুমি বইয়া বইয়া বাল ফালাও,Neutral,6,False
খাবারের মান একেবারে হাই লেভেল,Positive,5,False
তোরা কি ব্যবসা করতে এসেছিস নাকি রূপ দেখাতে এসেছি পর্দার করে ব্যবসা করো,Neutral,13,False
মরা মুরগী ১০০এই গুলা ঠাটারিবাজার থেকে মরা মুরগী কেনে,Negative,9,False
ভাইয়া এটা কোথায়,Neutral,3,False
সরাসরি কিভাবে যোগাযোগ করব,Neutral,4,False
বাংলাদেশের জনগন মনে হয় কখনো কেক খায়নি খাবে কীভাবে পরনির্ভরশীল ভিকারীর দেশ তো,Negative,13,False
খাবারের স্বাদ একদম বাজে,Negative,4,False
বিদেশে থাকা অবস্থায় অনেক হায়দ্রাবাদি বিরিয়ানি বানাইছি বন্ধুদের বহু খাওয়াইছি শিখেছি হায়দ্রাবাদের লোক থেকেই তবে তারা এভাবে বানায়না,Positive,18,False
এই হাতের ময়লা ঝালমুড়ি নেন,Negative,5,False
আমারে জব দেন,Neutral,3,False
আমার মোবাইল টা মনে হয় এখানে আছে,Negative,7,False
প্রোডাক্ট গড়পড়তা,Neutral,2,False
ভাই এইডা কি কইলেন দিল্ ডা ভাইঙ্গা টুকরা হয়া গেল,Negative,10,False
আমাদের এলাকার পাশেই,Positive,3,False
কেক বিক্রেতা ভাইকে আল্লাহ মানুষের চোখের বদ নজর থেকে হেফাজাত করুক,Neutral,11,False
সেলার বিশ্বাসযোগ্য,Positive,2,False
কেউ যদি একজন উপরে উঠতে চায় তাকে টেনে নামানোর লোকের অভাব নাই এটাই আমাদের বাঙালি সে যদি তৈরি না করে অন্য কোথাও হতে এনে বিক্রি করে তবে কি সে অপরাধী,Neutral,30,False
আপু শিখে নিলাম তোমার কাছে থেকে,Positive,6,False
দেশটা শেষ করে এখন হাসের মাংস খাচ্ছে,Negative,7,False
জিভে পানি চলে আসছে,Positive,4,False
খাচ্চরের বাচ্চারা কেমনে খায় এগুলা দেইখা,Negative,6,False
আমার টা কি পাওয়া গেছে,Neutral,5,False
মুড়ির বদলে ভাত হলে আরো বেশি স্বাদ হতো,Neutral,8,False
এসব খোলা খাবার খায় কে বুঝিনা,Negative,6,False
ফাহিম ভাই কিশোরগঞ্জ বরপুল ইব্রাহিম ভাইয়ের ঝালমুড়ি টেস্ট করবেন,Neutral,9,False
ভাইয়া অনেক হাসিখুশি মানুষ দেখে আমারও হাসি পায়,Positive,8,False
খালি হাতেই ধরতেছে দেখে রুচি নষ্ট,Negative,6,False
খালি চশা টা এ দেখানো রখেছে আরালে দোকানদারের টা মনে হয় চুষাই দিয়েছে,Negative,13,False
যারা রাস্তার পাশে ৫ টাকা দামের খোলা পাউরুটি খায় সেই কেকের ব্যাপারে চেচাচ্ছে,Neutral,13,False
ব্যবহার করতে ঝামেলা,Negative,3,False
বাংলাদেশে উন্নত হতে হলে হতে হবে নির্লজ্জ ঘুষ খোর দুর্নীতিবাজ চাঁদাবাজএসব হলে ই দুনিয়াতে রাতারাতি কোটি পতি হতে পারবে,Negative,19,False
সাথে তার শরীরের ঘাম খাচ্ছে,Negative,5,False
দাদা কলকাতা বড়বাজার স্টিলের ডিজাইন ফুলপাতা লোহার গেটের জন্য যেগুলো লাগায় সেইরকম ভিডিও একটা দিন বড় বড় গেটে সুন্দর সুন্দর ফুল পাতা ডিজাইন,Neutral,23,False
আবার অর্ডার করবো ইনশাআল্লাহ,Positive,4,False
ঝালমুড়ি না লংগিমুড়ি,Negative,3,False
হারানো জিডি করা,Negative,3,False
এইগুলা পাইকারি দাম না,Negative,4,False
৩দিন চাল ভিজিয়ে মাংস দুই দিন মসলা দিয়ে মাখিয়ে রাখতে হবে দমে আড়াইদিন তারপর ৮ম দিনে খাবেন তাতে ই বিরিয়ানির পরিপূর্ণ স্বাদ পাবেন,Positive,23,False
বাপি দাদা মারা খাসির চুসতা মানুশ কে খাওয়া,Negative,8,False
অসাধারন ভিডিও,Positive,2,False
মুড়িটা অনেক ঝরঝরে,Neutral,3,False
নিয়মিত ব্যবহার করা যায়,Positive,4,False
অনলাইনে সেল করতে চাই গাইড করবেন,Positive,6,False
আমি প্রায় ২ বছর যাবৎ এই ভিডিও দেখি,Positive,8,False
তার এই কেক তৈরি করে না এখন তাল বাহানা করবে ওকে আইনের হাতে তুলে দেন,Neutral,15,False
দাম কতো আপু,Neutral,3,False
আমি একটা মোবাইল ফোন করেছিলাম প্রিয় একজনের জন্মদিনে ৬ তম দিনেই দেশে এনে দিয়েছে উনারা আলহামদুলিল্লাহ আজ সে আমার জীবন সঙ্গিনী,Positive,21,False
হিমেল ভাই ২৫৩০ হাজারের মধ্যে কোনটি কিনব,Neutral,7,False
খাওয়ার পর শরীর খারাপ,Negative,4,False
আপনি ভালো কাজ করছেন ব্যবসায়ীদের সব গোমর ফাঁস করে দিচ্ছেন,Positive,10,False
আমার ১০০ পিছ কাপ লাগবে আপনি কি পাটাইতে পারবেন এই ০১৭৬৮০৭৫২৯২,Neutral,11,False
তাও খাবেনা মানুষ এত ধৈর্য্য বাংলার এই জেনারেশনের নাইজ্ঞান দিলে পাগল বলবেবলবে তুই নিজে খা এত সময় নেইআগের দিনের ওরা এই সব কর,Negative,23,False
আমাদের এর ভিতরে থাকে দাম তবু ও এরকম পাগলামি করে না,Neutral,11,False
আমি কখনো খাইনি তবে খেতে খুব ইচ্ছে করে,Neutral,8,False
এটা মরা মুরগি,Negative,3,False
খাওয়া যায়,Neutral,2,False
এগুলো সবই মরা মুরগি,Negative,4,False
ছি ছি বনে খাবো না,Negative,5,False
ঠাকুরগাঁও কোথায় এটা পাওয়া যায়বিস্তারিত জানতে চাই,Neutral,7,False
শুভ রাত্রি,Neutral,2,False
উনার কেক না খেলে খাবেন না অযথা নিজেরাই ভাইরাল করে আবার শেষ করে দেন,Neutral,14,False
যারা বিশ্বাস করে না তারা এখন বিশ্বাস করবে ভিডিওর মাধ্যমে একটা মানুষ উপর উঠতে গেলে মানুষের অনেক আজেবাজে মন্তব্য করে,Positive,20,False
তারা পরিবর্তন করে ফেলে যেকারণে ধরা পড়েনা,Negative,7,False
বছর ধরে বিক্সি করছে ওনার বয়স কত,Neutral,7,False
এর মতো টাউট কমই আছে,Neutral,5,False
থ্যাঙ্ক ইউ ব্রাহ্মণবাড়িয়া কে সম্মান করার জন্য আপু,Positive,8,False
প্রোডাক্ট প্রোমো,Neutral,2,False
খুব সুন্দর ভিডিও সবাই কে ধন্যবাদ জানায়,Positive,7,False
এইটা কুনো রান্না হইলো সুদুই মসলা হেলদি না তু,Negative,9,False
প্রতিটি আইটেম অসাধারণ লেগেছে,Positive,4,False
খাবারের মান ঠিক আছে,Neutral,4,False
সাবধান সাবধান মিথ্যা প্রচার,Negative,4,False
মাশাল্লাহ অনেক ভালো চিন্তা,Positive,4,False
বস্তির মেয়ে বলে কথা,Neutral,4,False
দেশের বাহিরের মতো মনে হলো,Positive,5,False
কোন জাইগা ভাই,Neutral,3,False
লোকেশন দেন,Neutral,2,False
দামগুলো বেশি কম হয়ে গেল না,Negative,6,False
জামাই বউ দুইটাই বাটপার ভাইরাল হওয়ার জন্য বাটপারি কথা বলেন,Neutral,10,False
ভালো উদ্যোগ মেয়েটির কথাবার্তাও ভালো,Positive,5,False
হিংসা নয় ভালোবাসা দিয়ে আসুন সবাই সবার পাশে থাকি,Positive,9,False
একেবারে মানহীন খাবার,Negative,3,False
খুব নোংরা অস্বাস্থ্যকর,Negative,3,False
আমার চেয়াটা খুবই ভাল্লাগছে,Positive,4,False
এদেরকে আমাদের করিম উল্লাহ মার্কেট এ অনেক আগেই নিষিদ্ধ করা হয়েছে দরে কি লাভ কোর্ট এদের কে টাকা খেয়ে আবার ছেড়ে দিয়ে দেয়,Negative,23,False
কুয়েত ৩ টাকা কেজি জা বাংলা টাকা ১২০০,Neutral,8,False
মহামারিতে ভাইরাস কাছে গেলেই মরে যায় ব্যঙ্গ,Negative,7,False
ভাই টাকার মধ্যে ভালো একটা পিসি বিল্ড এর ভিডিও দিলে ভালো হয়,Neutral,12,False
ভিডিওটা আসলে খুব ভালো ছিল কিন্তু কম্পিউটার সম্পর্কে ধারনা নেই,Neutral,10,False
বাট অনেক শিপিং এজেন্সি ৭৫০ টাকা থেকে ৮০০ টাকা প্রতি কেজি শিপিং চার্জে প্রোডাক্ট এনে দিতেছে ৭ থেকে ১০ দিন সময় লাগে আমি নিজেও আনছিলাম সেই হিসেবে ২৯৫০ টাকা তো হিউজ,Negative,31,False
এক ৱাত থাকলে গাড়ী হবে ওনাৱ,Neutral,6,False
একদম ঠিক আছে দাম,Positive,4,False
ভাই সৌদিতে ৫ কেজী ১০০ রিয়াল যা বাংলা টাকায় ৩২০০ মাএ,Neutral,11,False
খাবারটা দেখতে যেমন জোশ,Positive,4,False
অনেক মজার প্লেটার দেখে ই জিভে জল চলে আসছে,Positive,9,False
অসাধারণ হয়েছে আপু ভিডিওটি নিউ মার্কেটে কোন জায়গায় এই রেস্টুরেন্টটি,Positive,10,False
লোকেশন কোথায় মতিঝিল এর,Neutral,4,False
হাঁসের মাংস অসাধারণ,Positive,3,False
আজকে টেস্ট করবো সন্ধায় কেমন আপনার হাঁসের গোস্তো,Neutral,8,False
হাস রান্না এতো সহজ,Positive,4,False
আজব তো ৮০০ টাকা দিয়ে এক পিস কেন কিনে মানুষের কি আজাইরা টাকা নাকি,Negative,14,False
এক কেজি রান্না করলে কয় কেজি হয়,Neutral,7,False
ওনার ওভেনটা কত বড় দেখতে চাই,Neutral,6,False
দিনাজপুর থেকে বলছি কোয়ালিটি ভালো কাস্টমার পছন্দ করে,Positive,8,False
দেখ কাজে লাগবে,Neutral,3,False
ভাই আপনার পাশের চাকুটা কোথা থেকে কিনেছেন আর দাম কত,Neutral,10,False
মানিকগঞ্জ থেকে বিজনেস করতে চাই চাই,Neutral,6,False
এই করম বউ ঘরে থাকলে খাবারের জন্য রেস্টুরেন্টে এ যেতে হবে খাওয়ার জন্য,Neutral,13,False
যেই সকল ইউটিউবার রা ভাইরাল করে আজেবাজে জিনিস আগে তাদের বিচার হওয়ার দরকার,Neutral,13,False
খুব লোভনীয় সব খাবার,Positive,4,False
সফলতা আনতে আমিও পারবো সবকিছু ঠিক আছে,Positive,7,False
মাশাআল্লাহ খুব লোভনীয় হয়েছে,Positive,4,False
সবই তো করে তারা দিচ্ছে তাহলে উদ্যোক্তা হলো কেমনে এটা হবে এজেন্ট,Negative,12,False
খুব সুন্দর হয়েছে রান্নাটা আপু,Positive,5,False
কোয়ালিটি ভালো,Positive,2,False
বসতবাড়ি পূর্বাচল সিটি,Neutral,3,False
দাম অনুযায়ী একেবারে পারফেক্ট,Positive,4,False
কেমন পুঁজি লাগবে,Neutral,3,False
ব্যাটারি একদম দুর্বল,Negative,3,False
বাটপার বাদার বোড আমি জিগাইচি বলে৪৫ হাজার,Negative,7,False
এখানে যে দাম বলছে এই দামে সেকেন্ড হ্যান্ড স্মার্টফোন পাওয়া যায়,Neutral,11,False
টাকা গুনার জন্য লোক লাগবে নি কারণ আমি অলস তো বাড়িগ্রাম পারিনা,Neutral,12,False
আপনাদের দুই ভাইয়ের কথা খুবই ভালো লাগে,Positive,7,False
সত্যি না কি আপু দেকে তো কিনতে মন চাচ্ছে,Neutral,9,False
আসলেই লাভ কম কিন্তু এমন উদ্যোগ যদি আরও অনেক মানুষ করতো,Positive,11,False
খাবার আবার অর্ডার করবো,Positive,4,False
একবার খাওয়া যায়,Neutral,3,False
অনেক সুন্দর প্রিয় আপু,Positive,4,False
আমি কম দামে মেসোফ্লিপকার্টে লিস্টিং করি,Neutral,6,False
এটা কুন জায়গা ভাই,Neutral,4,False
দারুন টেস্টি হয়েছে,Positive,3,False
খোঁজ লাগাও থাকতে পারে,Neutral,4,False
চেষ্টা করবো ইনশাল্লাহ,Neutral,3,False
শুধু ফুচকা নয়বাংলাদেশের বেশীরভাগই জিনিস এরকম পরিবেশে তৈরি হয়যেমনঃফুচকাচানাচুরবিস্কুটনুডলস সেমাই ব্যাড ইত্যাদি,Negative,12,False
ইন্ডিয়ান দাদারা পায়খানা খাচ্ছে,Negative,4,False
বাটপারি ব্যবসা হারাম ব্যবসা,Negative,4,False
আবার অনেক এনার্জি আছে বলে গাড়ি বাড়ি সবই আছে,Neutral,9,False
দেখে খেতে কার কার ইচ্ছা করচ্ছে,Neutral,6,False
অনেক সুন্দর হয়েছে রান্না,Positive,4,False
টাটকা আর মজাদার,Positive,3,False
হহ আসেন অনেক প্রতিভা,Negative,4,False
মানুষের ভিতর কতোটা ইন্টেরেস একটা মানুষ না খেয়ে থাকলে কেউ দেখে না অথচ কিছু একটা কাজ করে জীবিকা অর্জন করলে পদে পদে প্রশ্নের উত্তর দিতে হয়,Positive,26,False
এই গুরা মাছ আমারও খুব পছন্দ,Positive,6,False
হাতের ময়লা খাও,Negative,3,False
এটা কি খলিল আঙ্কেলের বিফ হোটেল,Neutral,6,False
হাস ভুনা,Positive,2,False
খাওয়ার পর অসুস্থ হয়ে গেছি,Negative,5,False
সব মিথ্যা জুতা খাবার,Negative,4,False
মাংস রান্না দেখালেন না,Negative,4,False
ও কি তর আপু তর মেয়ের সমান,Neutral,7,False
এটা চোরের মার্কেট,Negative,3,False
যাক এবার মানুষের মুখ বন্ধ হবে,Positive,6,False
ভাইরাল না ভাইরাস দুনিয়াটা শেষ এই এক কথায়,Neutral,8,False
চাকরি চাইতে বিজনেস করা অনেক ভালো,Positive,6,False
আমরা আরবে খাই ২৫ রিয়াল কিলো,Neutral,6,False
অসাধারণ হয়েছে ভর্তা ভাত,Positive,4,False
এইটা নাকি হিডেন প্লেস,Negative,4,False
গাঁজা খেয়েছে নাকি,Negative,3,False
দাম অনুযায়ী মান দারুণ,Positive,4,False
যে বাবুর্চি যেটাই বলুক না কেন সিক্রেট তারা রাখবেই আমি চ্যালেঞ্জ দিলাম,Neutral,12,False
খুব ভালো করেছেন,Positive,3,False
তাই সবার কাছে একটা আবেদন যে যারা ভাল কাজ করে তাদেরকে আমরা সম্মান দেই এবং তাদের পাশে দাঁড়াই আর যারা এসব অপকর্মের সাথে জড়িত তাদের বিরুদ্ধে রুখে দাঁড়াই,Positive,28,False
আমি কাজ করবো০১৮১৩১৫৬৪৬৪,Neutral,3,False
এই ধরনের শপের ভিডিও দিয়েন না,Negative,6,False
আমার অনেক ইচ্ছা ছিল তোমার হাতের রান্না এইমাছ দিয়ে ভাত খাইতে,Positive,11,False
তার প্রোডাক্টের দাম তাই তো এতো দ্রুত কোটিপতি,Neutral,8,False
খুব মজার খাবার,Positive,3,False
ভাই মানুষের ব্যর্থতার গল্পও তুলে ধরার অনুরোধ রইল মানুষ সফল হলে শুধু তার গল্পই তুলে ধরা এসবের নিচে ব্যর্থতার গল্প গুলো চাপা পড়ে রয় শুধু একজনের সফলতা দেখে অনেক মানুষ অনেক কিছু শুরু করে তবে তাদের ঐ বিষয়ে সঠিক জ্ঞান না থাকায় তারা ব্যর্থ হয় ব্যর্থতার গল্প গুলো জানলে তা থেকে শিক্ষা গ্রহণ করা যাবে,Positive,55,False
হাত দিয়ে মাখাটা কেমন জানি লাগে,Negative,6,False
আপু আপনার জন্য অনেক অনেক শুভকামনা রইল আপনাকে দেখে আরো অনেক মেয়ে উৎসাহিত হবে,Positive,14,False
বাড়িতে ফুচকা বানিয়ে খাবেণ,Positive,4,False
এত বকবক না করে জাগায় নাম বলে হয়,Negative,8,False
দারুণ কথা,Positive,2,False
এসব কসমেটিক দোকান ঠকায় পাবলিক কে টাকা ও নেয় দুই নাম্বার দেই বেসি ভাগ মানুষ,Negative,15,False
লোকেশন জানালে যেতাম,Neutral,3,False
ইবনে সিনা থেকে আমার একটা নিয়েছে,Negative,6,False
সালামালাইকুম ওয়ারাহমাতুল্লাহি ওয়াবারাকাতুহ চিংড়ি মাছ ভুনাডা অনেক সুন্দর হইছে মাশাআল্লাহ খাইতে অনেক লোভনীয় জিনিসটা খাবারটা,Positive,15,False
লাভ বেশি ড্যামেজ বেশি,Negative,4,False
আমার ফোন ৮৯ মাস হলো চুরি হয়েছে আমি কি ফিরে পাবো,Negative,11,False
ঠাকুর গাও বাসীরা আসলেই অনেক সৌভাগ্যবান,Positive,6,False
গুড়া মাছ নাগুড়া চিংড়ী মাছ,Neutral,5,False
আমার একটা মটোরোলা ফোন এখানেই আছে,Negative,6,False
খুব সুন্দর পরামর্শ দিয়েছেন,Positive,4,False
চুলফোর্স বিডি১০০ ফ্রডসময়মত ডেলিভারি দিবে না,Negative,6,False
গন্ধটা ভালো লাগেনি,Negative,3,False
কেক বানানো নিয়ে তোদের সমস্যা থাকলে তোরা কেক খাইতে আসিস নারে ভাই তোদেরকে কেক খাওয়ার জন্য কেউ কি পায়ে ধরেছে,Neutral,20,False
অসাধারণ লোভনীয়,Positive,2,False
ভাই মাথা নস্ত হইলে খায়া পাগল হয়ার দরকার নাই,Neutral,9,False
একটু ঘামও মিশিয়ে দিয়েছে সব নোংরার পরেও যদি স্বাদ না হয় তাই,Negative,12,False
কি বারে বসে,Neutral,3,False
ব্যবসা হালাল মাশা আল্লাহ কি সুন্দর চেহারা সাংবাদিক ভাই তাকে প্রকাশ করা ঠিক হয়নি,Neutral,14,False
নিজের পায়ে দাঁড়ানোটা খুবই ভালো,Positive,5,False
এই চিংড়ি মাছ গুলো আমার খুব,Positive,6,False
আসলেই যদি তিনি মিনিট এ কেক ডেকোরেশন করতে পারে উনি তো দারুন বেকার বেকিং আসলেই ভীষণ কঠিন বাট ইনি পারছে,Neutral,20,False
হে ঠিক ভাই এটা আমাদের সিলেটের ঐতিহ্য,Neutral,7,False
উনি একটা বাটপার,Negative,3,False
ধুর মিয়া কিছু ব্যবসায়ীদের ভাত মেরে দিলেন,Negative,7,False
রান্না তো চমৎকার হয়েছে,Positive,4,False
ছিঃ ছিঃ অস্বাস্থ্যকর পরিবেশে এই খাসির পিস৮০০ এটা অতিরিক্ত,Negative,9,False
কিছু দালাল আর কিছু আদেকলা দের জন্য খাবার এর টেস্ট খারাপ এর দিকে,Negative,13,False
দাম বাংলাদেশের চাইতে বেশি পড়ে,Negative,5,False
চাইনিজ ব্যাগ আছে কম দামে পাওয়া যাবে,Neutral,7,False
আর সৌদি আরবে ৩ রিয়েল দিয়ে খাবার কিনি উটের মাংস দেয় দেখে খাই না আমি,Negative,15,False
দোকান টা কোথায়,Neutral,3,False
কাতারে ফ্রী ডেলিভারি দেয় ৫৭দিনে মোবাইল ও কোন সমস্যা নেই,Positive,10,False
আনলিমিটেড তোমার কোন বাপে দেয় হাঁসে মাংস দিয়ে ভাত,Negative,9,False
যেই দাম বলতেছেন,Neutral,3,False
শূকরের জন্য খাবার মেশানো হচ্ছে নাকি,Negative,6,False
এটা খেতে অনেক মজা লাগে,Positive,5,False
এ তো চোরের এজেন্ট মনে হয়,Negative,6,False
মুরগি এত সস্তা হইলো কোন আমলে দেখেন আবার কুত্তার পিচ দিয়ে গেল কিনা,Negative,13,False
তিষি এটা কি,Neutral,3,False
আমি তোমার দোকানে যাচ্ছি,Neutral,4,False
ধন্যবাদ আপনাকে এটা আমার অনেক উপকারে আসবে,Positive,7,False
ভাই আপনারা কি ট্রাস্টেড,Neutral,4,False
কষ্ট করলে সফলতার মুখ দেখা যায়,Positive,6,False
জাতীয় ভোক্তা অধিকার অধিদপ্তরের অভিযান করা হোক দ্রুত,Neutral,8,False
কপি ক্যমেরা দেখে বুঝা যাচ্ছে,Negative,5,False
জেমস বন্ড এর জন্য বানানো হইছিলো এই ফোনগুলি অভাবে পড়ে তিনি এগুলো গুলিস্তানে বিক্রি করে গিয়েছেন,Neutral,16,False
মেছতার ভিডিও দেন,Neutral,3,False
ওজন কম দেওয়া,Negative,3,False
খাওয়ার পর অসুস্থ লাগলো,Negative,4,False
ফোন দিলে রিসিভ করে না কথা বলে না ভিডিও করে ভিউজ নেয়,Negative,12,False
নোংরা পরিবেশ,Negative,2,False
এই বাঙালি,Negative,2,False
এগুলোর মালিকদের হাতে পৌঁছে দেন আই ই এম নাম্বার যাচাই করে ধন্যবাদ স্যার,Positive,13,False
ধানমন্ডি হকার্স হিডেন প্লেস,Negative,4,False
সফলতা কামনা করছি,Neutral,3,False
তোর পাহাড় ভালো,Negative,3,False
আপনি যেকোনো আইটেম অর্ডার করবেন চশমা অর্ডার করলে ১০০০ টাকার অর্ডার করতে হবে গেঞ্জি অর্ডার করলে সেটাও ১০০০ টাকা অর্ডার করতে হবে একসাথে সবগুলো পণ্য মিলিয়ে এক হাজার টাকা করবেন এই সিস্টেম নেই,Negative,33,False
ওদের আফঘানি পোলাও খেয়েছিলাম জঘন্য,Negative,5,False
আমি নেবো,Neutral,2,False
পারফিউমের বোতল ছোট,Neutral,3,False
উচ্চারণ সঠিক করুন,Neutral,3,False
মালের কোয়ালিটি ভালো,Positive,3,False
লালাও তো পড়ছে,Negative,3,False
আমি একজন কেক মাষ্টার ওনিযে বলেছে দুই জনে মিল ৫০ টা কেক বানানো সম্ভব আমি আমার অভিজ্ঞতা থেকেই বলছি দুই জনে ৫০ টা কেক বানানো অসম্ভব,Neutral,26,False
অসাধারণ ভিডিও দৃশ্য,Positive,3,False
সব ঠিক আছে হাতে গ্লাস লাগাতে হবে,Neutral,7,False
এটা কি দুবাই,Neutral,3,False
অসাধারণ মাশাআল্লাহ,Positive,2,False
কোথায় ভাই,Neutral,2,False
এই কেক খায়া মানুষের ডায়াবেটিস ও স্থুলতা সমস্যা হবে ঝাপায়া পড়া বন্ধ হওয়া উচিত,Neutral,14,False
মাংস কি রান্না করে নিয়েছেন,Neutral,5,False
কমেন্ট করলে নাকি লাইক পাওয়া যায়,Neutral,6,False
এখান থেকে পেপসি এটা নিয়ে খায় গরীপ,Negative,7,False
তোমার জন্য দোয়া রইল যেন সামনে তুমি এভাবেই এগিয়ে যেতে পারো,Positive,11,False
কে কে আমার মতো কমেন্ট পড়তে এসেছে,Neutral,7,False
জায়গাটা কোথায় ভাই লোকেশন বলেন মানে ঠিকানা টা কোথায়,Neutral,9,False
মাশাআল্লাহ মাশাআল্লাহ অনেক এগিয়ে যাও আপু তুমি,Positive,7,False
কেন রে ভাই আর বাংলাদেশ সবাইকে এক মাংস হয়নি,Neutral,9,False
কুরিয়ার সার্ভিস ফিরি করেন,Neutral,4,False
আল রাজ্জাক রেস্টুরেন্টে প্রাই খাই ৩৫০ টাকা,Neutral,7,False
কিনে নিয়ে অন করলে তাঁর একটু পর তার বাসায় পুলিশ চলে আসবে তখন ৩ হাজার এর জায়গায় ৩ লাক্ষ টাকা মামলা দিয়ে জেলে নিয়ে যাবে,Negative,25,False
আমি কাল একটা কম্পিউটার নিব,Positive,5,False
ধন্যবাদ ভাইয়া এত গুরুত্বপূর্ণ ভিডিও দেখানোর জন্য,Positive,7,False
আসলেই ভালো গেজেট,Positive,3,False
আমার বোন ও একসাথে বিক্রি করে কিন্তু ১২ টা বেশি হয়না,Neutral,11,False
৫০০ টাকা দালাল,Negative,3,False
হোলসেলের মাল কিনতে চাই,Neutral,4,False
ভাই আমি একজনকে শেয়ার করেছি কোন সমস্যা হবে কি প্লিজ জানাবেন,Neutral,11,False
সুন্দর সিস্টেম,Positive,2,False
রুপের গুনে আসে পুরুষ,Neutral,4,False
খাবার জিনিস কখনও এইভাবে নিক্ষেপ করে দেয়া মটেও ভাল দিক নয় কেও তাকে নিষেধ না করে রকেট খালা বানিয়ে দিতেছে,Negative,20,False
চামরার লোম ভালো করে পরিষ্কার হয় নাই,Negative,7,False
চোরাই মোবাইল বলেই কি দেখানো যাবে না সিক্রেট ফালতু,Negative,9,False
ইনশাল্লাহ সামনে ভালো কিছু হবে আপু,Positive,6,False
এই গুলো সব ধর্ম বিশ্বাস কারি গরু মুত খাওয়া পাঠি আর ঊটের মুত খাওয়া,Neutral,14,False
খুব সুন্দর প্লেটিং হয়েছে,Positive,4,False
আমার ও ভালো লাগে,Positive,4,False
আমি খাবারটা খেয়েছি ভাই অসাধারণ সাদ,Positive,6,False
খুবই ভালো উদ্যোগ দোয়া ও শুভকামনা রইল আপনার জন্য চট্টগ্রাম থেকে,Positive,11,False
খেতে খুবই তেলচিটচিটে বিরক্তিকর,Negative,4,False
আপনার ভিডিও এতো ভালো লাগলো যা বুঝানো জাবে না কারণ আপনি অনেক সুন্দর করে গুছিয়ে বুজিয়েছেন ধন্যবাদ আপনাকে,Positive,18,False
আপনারা ফ্রি খেতে চলে যান,Negative,5,False
ভাই অনলাইনে পাওয়া যাবে দেখেই তো জিভে জল আসছে,Neutral,9,False
ঠিকানা ভাল ভাবে বললে ভালো হত ভাই,Neutral,7,False
দৈনন্দিন ব্যবহারের মতো,Neutral,3,False
আমার সিফুড অনেক ভালো লাগে,Positive,5,False
স্বাদের দিক দিয়ে সেরা,Positive,4,False
খুব খারাপ অভিজ্ঞতা হলো,Negative,4,False
এই গুলা মনে রাখে কি ভাবে,Neutral,6,False
আমার দোকানের জন্য নিব,Positive,4,False
ব্যবসা ভালো জিনিস কিন্তু আপনার কথা বেশি অল্প করে নিবেন তাহলে সফলতা আসবে,Neutral,13,False
হ্লা মাদারবোর্ড দাম রাখে খুচরার চেয়ে বেশি,Negative,7,False
হুম পুরা হিসাব বরাবর,Neutral,4,False
ভাই তোরা যে সামান্য কটা টাকার জন্য এইসব স্ক্যামার কোম্পানি প্রমোট করস তোদের কারণে মানুষ অনেক প্রতারিত হচ্ছেআমার টাকা মেরে দিয়েছি,Negative,21,False
ভালোবাসা দিলে ভালোবাসা পাবেন,Positive,4,False
ভাই আমি টিক টকে আপনার রান্না দেখলাম আর আজকে ইউটুবে আপনার ভিডিও টা সামনে এসে গেলো তাই সাবস্ক্রাইব করে কমেন্ট করে গেলাম,Neutral,22,False
এজন্যই বাংগালীর সমস্যার শেষ নেই,Neutral,5,False
দারুন লোভনীয় খাবার,Positive,3,False
সৌদি আরবে উটের থেকে গরুর মাংস দাম বেশি আর এই বাঙ্গুরা কি করছে,Negative,13,False
উফ্ সেই লাগছে আপু,Positive,4,False
অসাধারণ ব্যবসা শুভকামনা রইল আপু অনেক দূরে এগিয়ে যাও,Positive,9,False
সাকি সাকি গান প্রশংসা করেছে আর এখনো রুমা আব্বার,Neutral,9,False
ফেইক পেইজ থেকে কিনে ধরা খেয়েছি অথেনটিক পেইজ দিলে উপকার হতো,Negative,11,False
খাও আর,Positive,2,False
সবকিছু চেষ্টার মাধ্যমে সফলতা পাওয়া যায়,Positive,6,False
সিলেটের চুরি হওয়া মোবাইলের আড়ৎ,Negative,5,False
চোলি ভেলওয়ালা,Neutral,2,False
কোন দোকান,Neutral,2,False
মানসম্মত পণ্য,Positive,2,False
মাশাআল্লাহ ছোট ভাই দেখতে অনেক সুন্দর,Neutral,6,False
সাদা রং পাওয়া যাবে,Neutral,4,False
সফলতা ভাগ্যে থাকলে যেকোন ভাবে আসে,Positive,6,False
দামের সাথে মান একেবারে মেলে না,Negative,6,False
অনেক ধন্যবাদ,Positive,2,False
যেই পরিমাণ মাংশ এবং রাইচ দেখাচ্ছেন এইটা ব্রাজিল এর মাংশ ছাড়া,Negative,11,False
ঊ আমার কাছে মনে হয়েছে ধন্যবাদ,Positive,6,False
ভাই আমি বেকারিতে কাজ করি ৪০৷ ৫০ পিছ তাও একজন মহিলা সবাইকে ধোকা দিতেছে সাংবাদিক ভাইদের ওনার বাসাই যেতে বলেন আপনারা সবাই সব সত্যি বের হবে,Neutral,26,False
নিশ্চয়ই অনেক অনেক মজার রান্না হয়,Positive,6,False
দাদা ভিডিওটা দারুন লাগলো,Positive,4,False
আমি দেখি ডোনাল্ড ট্রাম্প এসে নিয়ে গেছে,Neutral,7,False
চটপটির স্বাদ ভালো না,Negative,4,False
আমারে রাখবেন,Neutral,2,False
অসাধারন ভিডিও আপনার রান্না অনেক সুন্দর,Positive,6,False
চো দ না তোর কেডা দেবে,Neutral,6,False
আমি আছি আপু,Neutral,3,False
এরা কি মানুষ খাবার জিনিস গুলোকে এইভাবে কাজ করে,Negative,9,False
সবথেকে বেস্ট হচ্ছে ফুচকা,Positive,4,False
ভাই এর অনেক গেন আছে তার দেখে উপকার হয় এটাতে কোনো সমস্যা নাই কিন্তু সে যে সাপোর্ট টা দেওয়ার কথা বলেছিলোও সেটা আসলে তার দিতে পারেনা তাদের এর ব্যবহার টাও আন্তরিক না তাদের জিঙ্গেস করলে খালি ঘুরাই তাদের দিয়ে আমি পারসোনালি খুব বিরক্ত এই জিনিস গুলোর উপর এত টাকা দিয়ে কোর্স কিনার পর সে যা বলছিলোও তা যদি না পাই তালে তো কষ্ট তার ঠিম টা ভালো হলে আলহামদুলিল্লাহ ব্যবসায়িরা অনেক আগাই যেতে পারতোও,Neutral,74,False
সাংবাদিক মনে হয় একটু বেশি শুকনা খাইছে,Neutral,7,False
ত্বকে ব্যবহার করে ভালো ফল পেয়েছি,Positive,6,False
এত সৎ,Positive,2,False
কাপড় পরে শরীরে আরাম,Positive,4,False
মাংস পরিস্কার করা হয় নাই পশম আছে কামড়ায,Negative,8,False
আমার ভালো লাগে,Positive,3,False
সঠিক দাম বলছে,Positive,3,False
এই দেশে কেউ কিছু করে খেতে গেলে মানুষের সয্য হয় না ধ্বংস করার জন্য উঠে পরে লাগে,Neutral,17,False
চাকরি থেকে ব্যবসা শতগুনে ভালো,Positive,5,False
সব মিত্থা,Negative,2,False
আলহামদুলিল্লাহ খুব ভালো,Positive,3,False
চার্জ ঠিকমতো নেয় না,Negative,4,False
পাকিস্তানি বিরিয়ানি সেরা যাস্ট সেরা,Positive,5,False
ভালো লাগছে দেখতে,Positive,3,False
ঠিক আছে ভাই অনেক বেশি খেয়ে যাচ্ছেন,Negative,7,False
চোখের কালো দাগ বেশি হলে কোন ক্রিমেই যায় না দেখিয়ে নিতে হয় লেজার,Neutral,13,False
মুড়ি খান,Neutral,2,False
তিসি টা কি,Neutral,3,False
কারা নিয়ে যায় কখনো তো দেখতে পেলাম না,Neutral,8,False
খাওয়ার মান একেবারেই খারাপ,Negative,4,False
কি যে সুন্দর দেখতে মন চায়,Positive,6,False
অনলাইন ডেলিভারী হয়,Neutral,3,False
সবসময় পাওয়া যাবে,Neutral,3,False
দোকানটা কোথায় জানাবেন,Neutral,3,False
দোকানে আমাকে লিখে দেন আপনার হাঁস আম্মুকে চিনে দেবো না,Neutral,10,False
বেশি টাকা মনে হচ্ছে,Negative,4,False
আপু এত মজার মজার খাবারের ভিডিও দেখলে কি লোভ সামলানো যায় বলেন তো এখন তো খেতে মনে চাচ্ছে,Positive,18,False
আপনি এ যুগের বেগম রোকেয়া,Positive,5,False
দাদা আমি তোমার সব ভিডিও দেখি,Positive,6,False
নতুন চ্যানেল,Positive,2,False
খুব বাজে মান,Negative,3,False
আমি নতুন সবাই বন্ধু হয়ে যাও,Neutral,6,False
পাইকারি কিভাবে পাবো কুড়িযার সার্ভিসে পাওযা যাবে কি,Neutral,8,False
হাসের দোকানের পাশের দোকান চা পাওয়া যায়স্যুপ খেতে হলে এই দিকে তাকান ভাই,Neutral,13,False
যাস্ট ইয়াম্মি,Positive,2,False
উটের মাংস খেলে ওজু ভেংগে যায় মক্কায় ৪৫০ কেজি উটের সলিড মাংস,Neutral,12,False
মাশাআল্লাহ আপু খুব সুন্দর,Positive,4,False
সে মিথ্যা কথা বলেছে তাই মানুষ সন্দেহ করছে যারা প্রফেশনালি কেক বেক করে তারাও রোজ ৬০৭০ টা কেক বানাতে পারবেনা,Neutral,20,False
ইউটুবারদের কন্টেন্ট বানানোর কোন বিষয় খুঁজে পাচ্ছে নাই লোকটার পিছনে লাগছে,Neutral,11,False
যার থাকে তার আরো চাই,Neutral,5,False
খুব সুন্দর হয়েছে এবং মজার খাবার,Positive,6,False
আপনাদের সব ঠিক আছে আমি নিতে চাই,Positive,7,False
ইনবক্স প্লিজ,Neutral,2,False
ঝাল বেশি হয়ে গেছে,Negative,4,False
আমরা হলাম এমন জাতি যারা নোংরা ও রাস্তাঘাটের অস্বাস্থ্যকর জিনিস খেতে অভ্যস্ত এজাতি এসবে কি বুঝবে একটা লোক কেক বিক্রি করছে তাতেও তাদের সমস্যা দোকানে যখন দুই নম্বর জিনিস দিয়ে কেক বানান বাঙালি এগুলো খুব মজা করে খায়,Neutral,38,False
ভালো হইছে এই জায়গাটার কারবারই হচ্ছে এটা,Negative,7,False
সিলেটের সবচেয়ে বড় বাটপারির আখড়া করিমউল্লা,Negative,6,False
নরক না,Negative,2,False
টাকা নাই ভাই নিতে পারছি না,Negative,6,False
কোন সুস্থ মানুষের এসব খাওয়ার রুচি হবে না,Negative,8,False
আমিও গিয়েছি,Neutral,2,False
করতে চাই অর্ডার,Neutral,3,False
পাগলামি ছাড়া কিছু না,Negative,4,False
কমেন্ট দেখে সরে গেলাম,Neutral,4,False
আমি নতুন ইউজার আপু পাশে থাকবেন,Positive,6,False
পাগল হালারাআমরা খাইনা,Negative,3,False
এর সঠিক বিচার করা হোক যাহাতে আর কেউ সাহস না পায় চুরি করতে,Negative,13,False
সবকিছুই ভালো ছিল গোসটা একটু কষিয়ে নিলে আরো ভালো হতে পারতো আশা করি,Positive,13,False
একদল এসে বলবে আপনি ঠিক মত বানাতে পারেন না তাই হিংসে হচ্ছে,Neutral,12,False
বুঝি নাই ভালোভাবে বলেন,Neutral,4,False
ভাই দামাদামির ক্লাস আমার কাছ থেকে নিয়েন আরো ৫০০ কমে পেতেন,Negative,11,False
ভাইয়া এর ভেতর একটি লেপটপ সাজেস্ট করে দেনডিজিটাল মার্কেটিং এর জন্য,Neutral,11,False
এইটা কোনো বিষয় হলো নিউজ করার মতো আমাদের সাংবাদিক দের কাছে কি নিউজ নাই,Neutral,14,False
এগুলার দাম কি অনেক বেশি হয়,Neutral,6,False
দোকান টা কোথায় অবস্থিত,Neutral,4,False
আন্টি আপনার রান্নার ভিডিও দেন,Positive,5,False
ভাই আমার জিভে পানি এসে পড়েছে ক্ষুধা বেড়ে গিয়েছে,Positive,9,False
কত করে,Neutral,2,False
৩০ টাকায় বিরানি মুরগি কি মরা না জেতা সেটা পরীক্ষা করার জন্য ল্যাবে টেস্ট করা দরকার ছিল,Negative,17,False
১২০ টাকার ভাড়ায় চালিত ৪২০ নং সার্ভিস স্টেশন,Neutral,8,False
দূর সালি,Neutral,2,False
ভাই আপনার সাথে কোন নাম্বারে যোগাযোগ করব,Neutral,7,False
বেকারির থেকে লোক এনে দেখাচ্ছে ঘরে বানায় আসল কথা হচ্ছে ভিডিও করবে দেখে সব আয়োজন বাসায় করছে ওনার বউকে তো দেখলাম না কেক বানাতে,Negative,24,False
প্লেটের প্রতিটি আইটেমই দারুণ,Positive,4,False
অতি লোভে তাঁতি নষ্ট লোকটা লোভে পড়ে গেছে তাই বেশি বেশি কেক আনছে আর সবার নজরে পড়ে যাচ্ছেএত লোভ কেন রে ভাই অল্প আনো অল্প বেচো তাহলে তো কারো দৃষ্টিগোচর হয় না,Neutral,32,False
সব ছোটলোকের দল কি সব বাজে মন্তব্য ব্যাবসা করা হালাল মা বোন নাই আপনাদের,Positive,14,False
ভাই তার নাম্বারটা দেওয়া যাবে,Neutral,5,False
দাম ঠিক আছে,Positive,3,False
ভাই প্রথমে ফোনটা ওপেন করে দেখা ছিলেন হ্যাং হয়ে ছিল,Negative,10,False
খুব ভালো লাগলো খাবারের কালার,Positive,5,False
এটা দুঃখজনক ভাইয়া এটা কখনো আশা করি নি,Negative,8,False
পুরুষ লাগবে না মহিলা লাগবে,Neutral,5,False
গায়ের ঘাম আর চুল দিলে নাকি স্বাদ বাড়ে,Negative,8,False
খাওয়ার স্বাদ একেবারে নষ্ট,Negative,4,False
গরমের বদলে ঠান্ডা খাবার,Negative,4,False
অন্যান্য পেজ থেকে কিনে নিজের নাম করে চালায় দেয়,Neutral,9,False
বিরিয়ানি মানে হচ্ছে খুব মজাদার লোভনীয় দেখলেই খেতে মন চায় আর আপনার রান্নাটা অসাধারণ সুন্দর হয়েছে আসলে খুব সুন্দর হয়েছে এবং দেখেই মনে হচ্ছে খেতে খুব মজা লাগবে,Positive,28,False
ভাইয়া লোকেশনটা ঠিকমত বলতে কি আপনার পুটকি বেথা করে,Neutral,9,False
এখন যে রকম মাংস দেখা যাচ্ছে খেতে যাওয়ার পর হারিকেন দিয়েও আর একটা মাংস খুঁজে পাওয়া যাবে না,Negative,18,False
হুদাই ভাইরাল হইছে মাইয়া মানুষ দেখে খাইছি উনার দোকান থেকে খাবার ভালো না কাঁকড়া কোনো গ্রবি নাই শুধু তেল এমনকি লবন ও দেয় নাই জাস্ট চিন্তা করেন সি ফুড লবন ছাড়া কতটা বাজে লাগে খেতে গরুর কালাভুনা ও ফালতু ছিল টেস্ট,Negative,41,False
এটা কী নাটক,Negative,3,False
দাদা ভাই তোমাদের সাপোট,Positive,4,False
এই ফোন কিনলে বিপদে পড়বে ১০০,Negative,6,False
খাবারের প্যাকেট ছেঁড়া ছিল,Negative,4,False
হাসের দোকানের পাশের দোকান চা পাওয়া যায় সুপ খেতে হলে ভাই পাসের দোকানে আসেন ভাই,Positive,15,False
মাস্টার কপি,Negative,2,False
হলে হতো,Positive,2,False
দোকান এবং কারখানা দেখে ভালো লাগছে আসব,Positive,7,False
অসাস্থকর খাবার,Negative,2,False
মাদ্রাসার অফিস রুম সাজানোর জন্য ভালো মানের বস চেয়ারসহ কিছু আইটেম দেখান প্রাইজসহ,Neutral,13,False
নোয়াখালীর মাল মেডিন হে জাপানি,Neutral,5,False
এটা মজা,Positive,2,False
দারুণ কাজ,Positive,2,False
এই বেশ্যার ভিডিও কেউ দেখেন না কাল কি বুড়া হয়ে গেছে তাও জোয়ান সাইজা করে আবার যুবক পোলাপান গো পটাইতে চায় এই মহিলা একটা নটি ঘ,Negative,26,False
এটা সদরঘাট লালকুঠি,Neutral,3,False
আমারো অনেক ভালো লাগে,Positive,4,False
থাইরয়েডের সমস্যা জন্য চুল পড়া,Neutral,5,False
ভাই এটি বানাইতে লাগলো আমগো তো লোভ লাগে পেট ব্যথা করব কিন্তু দিয়া খায়,Neutral,14,False
আপনি এত সুন্দর ভিডিও করলেন কেও এর আগে এতো সুন্দর ভিডিও দেয়নি রান্না শেখার ভীষণ ইচ্ছে আমার এখন থেকে আপনার সব ভিডিও দেখব,Positive,23,False
মজানা ফালতু,Negative,2,False
আমার লাগবে ০১৭১৬১২০৬৫৫,Neutral,3,False
আসসালামু আলাইকুম ভাই ভাই আপনার লোকেশন টা জানতে চাই দয়া করে একটু জানাবেন,Neutral,13,False
ফল একদমই পাইনি,Negative,3,False
ফালতু হয়ে গেছে আগের মতো আর নাই ক্যামেরা দেখে এতগুলা দিছে,Negative,11,False
হাঁসের দোকানের পাশের দোকান দুধ পাওয়া যায় দুধ খেতে হলে দোকানে আসতে হয়,Neutral,13,False
ছবি আর আসল মিলেনি,Negative,4,False
গ্লাভস পরে নিতে পারেন না,Negative,5,False
আলহামদুলিল্লাহ এরকম উদ্যোগ এবং ব্যবসায়ী এবং সৎ মানুষ প্রত্যেকটি জেলা জেলায় ইউনিয়নে দরকার,Positive,13,False
অসাধারণ লাগে,Positive,2,False
আমাদের বাড়ির পাশে,Neutral,3,False
ভাই আসল কালা ভুনার জায়গাতে গিয়েছেন আপনি,Positive,7,False
খুব সুন্দর পরামর্শ দিয়েছেন কিন্তু টেনশনের কারণে চুল পড়ছে,Negative,9,False
আপু রান্নার প্রশংসার সাথে আল্লাহর প্রশংসা করতেও হবে,Positive,8,False
ভাই এই দোকান টা কোথায়,Neutral,5,False
গোপালপুর কোথায়,Neutral,2,False
দাদা আপনাদের কথা শুনে অনেক মানুষ ঠোকেছে,Neutral,7,False
ইস যদি আপনার হাতে তৈরি করা প্রতিটা খাবার পারতাম খেতে,Positive,10,False
শুভ সকাল,Positive,2,False
কখন খাব,Neutral,2,False
একদম ঠিক বলেছেন এটা কোথায় ভাই,Neutral,6,False
করিমউললা মার্কেট বয় কট করা হোক,Negative,6,False
বড় মাঠে আসলেই কম দামের মধ্যে অনেক ভালো ভালো খাবার পাওয়া যায় তাইতো দুদিন পরপরই যাই,Positive,16,False
খুব সুন্দর হয়েছে রান্নাটা,Positive,4,False
আপু আমি কাজ করতে চাই তোমার ওখানে,Neutral,7,False
মাশাআল্লাহ লোভনীয় খাবার ফলো করে গেলাম বন্ধু ব্যাগ দিয়ো,Positive,9,False
কলাপাতা কোথায় পাইলেন,Neutral,3,False
থাকতেই পারে সমস্যা কিসে সে তো ব্যবসা করেই খাচ্ছে,Neutral,9,False
ভাই আপনারে আজ মরফিয়স মরফিয়স লাগতেছে,Positive,6,False
বিয়াই কমিয়ে খান,Neutral,3,False
লোকেশন কোন জায়গার,Neutral,3,False
টেকনিক আপু,Positive,2,False
বউ অসুস্থ হলে আগামীকাল ৭০৭৬ টা কেক কিভাবে তৈরি করবেন এত কেক একজনের পক্ষে বানানো কিভাবে সম্ভব,Neutral,17,False
ছার আপনার গবেষণা চালিয়ে যান আপনার ভিডিও মাধ্যমে সঠিক আলোচনা জানতে পারি,Positive,12,False
ু না,Neutral,2,False
ভাই আসসালামু আলাইকুম ভাই টাকা ইনকাম করার কিছু ভিডিও আপলোড করেন না,Neutral,12,False
আপনার ভিডিওটা খুব ভালো লাগলো সকালে ভোরে উঠে আপনার দেখানো পদ্ধতিতে তৈরি করার চেষ্টা করব বাকি আল্লাহ পাকের ইচ্ছা তবে একা খেলেন,Positive,22,False
দিয়ে কিভাবে ইউটিউব ফেসবুক মাইক্রোসফট ওয়ার্ড এক্সেল পাওয়ার পয়েন্টের কাজ করা যায় এই নিয়ে একটা ভিডিও দেন ভাই,Neutral,18,False
দোকান বসার জায়গা ভালো না হলে ও টাটকা আর ফ্রেস খাবার পাওয়া যায়,Positive,13,False
এখানে আছে আমার মোবাইলটা,Neutral,4,False
খুব লাগে ভিডিও,Positive,3,False
অসাধারন রান্না মাশাআল্লাহ,Positive,3,False
সুফ খেতে হোলে এখানে আসতে হবে ভাই,Positive,7,False
পণ্য ফেরত দিতে অনেক ঝামেলা,Negative,5,False
এটা প্রয়োজন,Neutral,2,False
আমাদের ব্যারেজের দোকানে কি এরকম চিংড়ি পাওয়া যায় যদি যায় তাহলে হোক না কেন আগামীকাল আগামীকাল জেন্ডার সমতা করেন আমি আসতেছি,Neutral,21,False
ভোক্তা অধিকার অভিযান করা হোক,Neutral,5,False
মরা মুরগির ফ্রাই পেট ভরে খাও,Negative,6,False
তিসি দানা মেথি দানা কালো জিরা ও নারিকেল তেল একসাথে,Neutral,10,False
এতক্ষণ পর্যন্ত বাজে বগর বগর করলে কাজের কাজ কিছুই করলেন না দোকানে সাইনভোট তো দেখালেন না এক ঝলক নিয়ে গেলেন নিজের ভিডিওটা দেখানোর জন্য নাটক করলে আজ নামে মামলা করা উচিত কমপ্লেন করা উচিত বাজে মহিলা,Negative,36,False
বলে কীচোর বাজার,Neutral,3,False
মাশাআল্লাহ মাশাআল্লাহ খুব সুন্দর হয়েছে ভাইয়া আপনার রেসিপি টি,Positive,9,False
এই ঝাল মুড়ি বাথরুমের সাথে সম্পর্ক বেশি,Negative,7,False
গি ঘী ফানি পানি উচ্চারণ ঠিক করুন আগে,Neutral,8,False
ডিজিটাল মার্কেটিং কোর্স করতে ১ লাখ লাগে কে বলছে,Neutral,9,False
ধন্যবাদ জানাই এটা শুধু বিক্রি নয় এক ধরনের সেবা আল্লাহতালা হায়াতে তাইয়েবা দান করুক তার রিজিকে বরকত দান করুক অনেক ইচ্ছা হচ্ছে তার হাতের রান্না খেতে কিন্তু আমার বাসা নারায়ণগঞ্জ কিভাবে খাবো কিন্তু তার জন্য অনেক দোয়া রইল,Positive,38,False
জামদানী ছাড়া সুতি শাড়ি কি আছে,Neutral,6,False
ফ্রি পাইলেই এমন বলে,Negative,4,False
আপনার রান্নাটা খুব সুন্দর হয়েছে,Positive,5,False
এটা তার কাঝ,Neutral,3,False
মাশাল্লাহ ভাই ঢাকাতে একটা ব্রাঞ্চ খুলেন,Neutral,6,False
ফোন কিনবো না জেনেও আমার মতো কে কে ফারাবী ভাইয়ের ভিডিও দেখতে আসছেন,Neutral,13,False
খুব সুন্দর এগিয়ে যাও,Positive,4,False
আপনার ভিডিওতে কমেন্ট করে গেলাম আশা করি আপনিও আমার পরিবারে ঘুরে আসবেন ইনশাআল্লাহ,Positive,13,False
অনেক হেল্পফুল ভিডিও ধন্যবাদ দাদা,Positive,5,False
অনেকের হারিয়ে যাওয়া মোবাইল ফোন জিডি করা আছে,Neutral,8,False
ধন্যবাদ খুব ভালো,Positive,3,False
তুমি পাগল,Neutral,2,False
শূন্য একটা কম আছে,Neutral,4,False
ভাই ড্যামেজ মাল পরিবর্তন নেন না কেন,Negative,7,False
সুন্দর সুন্দর খাবার সাপোর্ট করবেন প্লিজ আমার সখের বিজনেস,Positive,9,False
অনেক ভালো লাগলধন্যবাদ আপনাকে,Positive,4,False
ডাক্তার এখন কবিরাজ,Negative,3,False
এই খাবারটা সত্যিই অসাধারণ,Positive,4,False
আজকে খোলা আছে,Neutral,3,False
ভাই দোকান টা কোথায়,Neutral,4,False
আপনার দোকান কোন জায়গায় আপু,Neutral,5,False
কুত্তা কেটে বিরিয়ানি করছে ৩০ প্লেট,Negative,6,False
হাঁসের মাংস আমার ভীষণ পছন্দ,Positive,5,False
সুপ খেতে হলে চা খান বোন,Neutral,6,False
আর আমি মিশরে গিয়ে উটের গোস্তো রেখে বেশি দাম দিয়ে গরুর গোস্তো ক্রয় করে নিয়ে আসতাম,Negative,16,False
এরকম দুচারটা দোকান দেখছি অফারের নামে দামে ভালো জিনিস দেখা কম ২৮ টাকার জিনিস ২০০ টাকা হওয়ার সম্ভাবনা,Negative,18,False
আমার চোখে এগুলাই পরে,Neutral,4,False
ঢাকায় দিলে দোকান সহ তুলে নিয়ে যাবে পাবলিক মাশাল্লাহ,Positive,9,False
ওরে চিংড়ী রে,Positive,3,False
টিক বলছেন আপু,Positive,3,False
লাইনিং হাই কার্বন ১৮০০ আছে,Neutral,5,False
খেলে মানুষ মারা যাবে শালা সেদ্ধ সাপ লাগছে,Negative,8,False
আপু আমাকে একটা ফেসওয়াশ সাজেস্ট করে দাও,Neutral,7,False
ভালো মানের চাপাতা,Positive,3,False
খুব ভালো হয়েছে চিকেনটা,Positive,4,False
এটাত দেখতে লোভনিও হইছে,Positive,4,False
নিতে চাই গরু আর মুরগি দাম কত,Positive,7,False
খাটি স্যাম্পু তো বাংলাদেশে নাই,Negative,5,False
অদম্য ইচ্ছা শক্তি মানুষকে অনেক উপরে নিয়ে যেতে পারে,Positive,9,False
তাহলে আমি ১ লাখ ৬২ হাজার টাকা দিয়ে ল্যাওড়া কিনলাম,Neutral,10,False
কাজ চলে,Neutral,2,False
আমার এক টা আছে,Neutral,4,False
ধর্মপাশা উপজেলা থেকে দেখছি,Neutral,4,False
দুকানে গেলে কি দাম বেশি করবেন নাকি,Neutral,7,False
কোথায় আছো এখন আর আমি তোমাকে হাজার দিবো তোমার বিজনেস এর জন্য,Positive,12,False
গায়ে ঠিক ফিট হয়নি,Negative,4,False
ভাই বউ বেচে কি ব্যবসা করছেন নাকি ঘেউঘেউ খাসি খেতে দিচ্ছো,Negative,11,False
আর প্রোডাক্টও নিতে পারছি অন্য কোথাও যেতে হচ্ছে না,Positive,9,False
দোকান টা কোন দিকে যদি একটু বলতেন এড্রেসটা,Neutral,8,False
নাইস হইছে,Positive,2,False
ভাই এই ঘড়ি কতদিন চলবে,Neutral,5,False
ভাইরাল হওয়ার নেশায় সবি ফন্দি আমরা সবাই কান্দি,Negative,8,False
হাহা ভাইরাল হওয়ার ফন্দি,Neutral,4,False
এদেরকে কঠিন শাস্তি দেয়া হোক,Negative,5,False
পান চিবিয়ে ঘামে ভেজা শরীররুচি শেষ,Negative,6,False
আহ চিংড়ি ভুনা দেখে জিবে জল এসে পরলো,Positive,8,False
আপনার দোকানে আমাকে রাখার অনুরোধ করছি টাকা লাগবে না বোন,Positive,10,False
এটা তো আমাদের বাসায় পাশের বাজারে,Neutral,6,False
তদন্ত করা দরকার অন্ন কোন দান্দা আছে নাকি হোটেলের নামে,Negative,10,False
মাষ্টার কপি,Negative,2,False
তার বউয়ের হোগায় অনেক কারেন্ট,Neutral,5,False
টাকায় পাবেন আমার দেখা বেস্ট আই সিরাম,Positive,7,False
নিবে কিছু বলো ওকে,Neutral,4,False
যেই নিবে ওর মতো গাদা এই প্রিথিবিতে নাই,Neutral,8,False
আমি একজন নারী উদ্যোক্তা আমাকে আপনারা হেল্প করবেন প্লিজ আমর খাবারের মান অনেক ভালো অফিসের জন্য লাগলে যোগাযোগ করতে পারেন আমি,Positive,21,False
অ্যান্টিক দোকান থেকে আর যাই কিনোনা কারো কিনতে নাই,Negative,9,False
একদম ঠিক বলেছেন ভাই য়া,Positive,5,False
ইশশশ সব মজার খাবার,Positive,4,False
ভালো লাগলো আপনার রান্না এবং ব্যাখা আমি তো ডাউনলোড করে রাখলাম খুব সুন্দর আপনার বাচনভঙ্গি ধন্যবাদ,Positive,16,False
এটাই বাংলাদেশ ৮০০ টাকার উটের মাংস ৫৫০০,Negative,7,False
১২ ভাতারীদের মন ঘরে থাকেনা,Neutral,5,False
আমার তো মুখে পানি চলে এলো,Positive,6,False
জীবনে মনেহয় কেক খায়নাই পাবলিক এতো পাগল হয়ে খাওয়ার কি দরকার,Neutral,11,False
এই জন্য আমি ছোটো বেলা থেকে এগুলো খাই না,Negative,9,False
তথ্য ছাড়া বাল মার্কা ভিডিও,Negative,5,False
এভাবে মানুষের রুচবে কিভাবে,Negative,4,False
আমারও একটা মোবাইল চুরি হয়েছে,Negative,5,False
এই চাচার লোকেশন কোথায়,Neutral,4,False
গড়পড়তা অভিজ্ঞতা,Neutral,2,False
ফেরত দিবে বলে পরে দোকানে গেলে বলে না না এই মাল আমার দোকানের না,Negative,14,False
ভাইয়া আপনাকে অনেক ধন্যবাদ ভিডিওটি শেয়ার করার জন্য আমি অবশ্যই চেষ্টা করব এভাবে রান্না করার,Positive,15,False
আমি তো এটা খাইতেই পারিনা,Negative,5,False
আমার একটি জিডি করা আছে,Neutral,5,False
এসে সাংবাদিক মেয়েরা তোমাদের জন্য ফেসবুকে ঢুকানো হচ্ছে কি একটা ভিডিও বানাতে মিয়া তোমরা অত্যাচার শুরু করে দিয়েছো পাবলিকের উপর,Negative,20,False
একেবারে টপ ক্লাস ফুড,Positive,4,False
এক আনা,Negative,2,False
ভাই সেরা সেরা,Positive,3,False
আমারও অনেক ভালো লাগে,Positive,4,False
দেখে অনেক লোভনীয় লাগতাছে যদিও খাইতে পারি না খেতে ইচ্ছে করতেছে,Neutral,11,False
খাবারটা একেবারেই ভালো না বাজে স্বাদ,Negative,6,False
টেকা গাছে ধরে,Neutral,3,False
এটা দিয়ে গোসল করলে ভালো ঝাঁঝ লাগবে,Negative,7,False
খেতে হলে চলে আসো ভাই এখানে,Positive,6,False
করিমুল্লাহ নয় এটা কসাইখানা চোরাইখানা ডাকাতখানা বলেন স্যার এখানে নিয়মিত অভিযান দেওয়া হোক,Negative,13,False
ভাই আন্ডার ২ ভিতরে কোনো অরেজিনাল র্যাকেট আছে ভাই,Neutral,9,False
বালএগুলো চিংড়ি,Neutral,2,False
ভাই আপনাদের উদ্দেশ্য সুন্দর আমি নতুন উদ্যোক্তা আপনার সাথে কাজ করতে আগ্রহী,Positive,12,False
সেলাই মোটামুটি,Neutral,2,False
চমৎকার হয়েছে ভিডিওটি,Positive,3,False
নাম্বার দিবেন,Neutral,2,False
আপনারা অন্য মানুষের নিয়ে পড়ে থাকেন কে আর এরকম খারাপ করে মন্তব্য করেন কে যে রকম ভাবে কামাই করতে পারে শেষ এরকম ভাবে চলুক না আপ,Positive,26,False
মানুষ ভাত খাইনা কেক খাই,Neutral,5,False
ভাইয়া প্রেসার কুকারে দম দিলে কেমন হয়,Neutral,7,False
ব্যবসার উপরে কিছু নাই,Neutral,4,False
নাইস ভিডিও,Positive,2,False
অনেক সুন্দর রান্না হয়েছে,Positive,4,False
সব ঠিক আছে কিন্তু এখানে তো পণ্যের দাম বেশি,Negative,9,False
ওনি তো ঢাকার কেক কিনে বিক্রি করছে আর গুজব ছড়ানো হচ্ছে,Neutral,11,False
কত হাইজেনিক খাবার শুধু ভারতেই সম্ভব ব্যঙ্গ,Negative,7,False
এত সহজ না,Neutral,3,False
হুম ঠিক আছি আমি,Positive,4,False
করিউল্লায় ৯০ দোকানি চুর,Negative,4,False
অনেক গুরুত্বপূর্ণ,Positive,2,False
খুবই মজার গিলা বুনা,Positive,4,False
অনেক মজার মজার ভর্তা সাথে আছে ইলিশ মাছ ভাজা অমৃত লাগবে খেতে,Positive,12,False
তেল দিয়ে চুল পড়া কমে না,Neutral,6,False
আগের চেয়ে সার্ভিস ভালো হয়েছে,Positive,5,False
মানছি ওনার অনেক টেলেন্ট কিন্তু এই ভাবে খাবার দেওয়া ঠিক নয়,Negative,11,False
ভাইয়া আপনার নাম্বারটা আমি কিভাবে পাব,Neutral,6,False
আমার খুব পছন্দের সেই লাগে খেতে,Positive,6,False
তিশি দানা টা আবার কি,Neutral,5,False
অসাধারণ একটা দৃশ্য,Positive,3,False
মজা পেলাম,Positive,2,False
খাবারের চেয়ে সালাদের দাম বেশি,Negative,5,False
কোথায় কোথায়,Neutral,2,False
এই দোকানের লোকেশন কই,Neutral,4,False
লাল টমেটো খাও খুব সুন্দর,Positive,5,False
ধিমি ধিমি না ধুয়ে,Neutral,4,False
আপনি সুন্দর করে বুঝিয়ে বলেন এবং রান্না করে দেখান অসাধারণ লাগে,Positive,11,False
কোন কাজে ছোট না,Neutral,4,False
আমার প্রোডাক্ট প্লেনের ছাদে করে আনতে হবে ছিল,Positive,8,False
অনেক সুন্দর তো চেষ্টা করলে সফলতা আসবে ইনশাল্লাহ,Positive,8,False
চমৎকার একটা ভিডিও ভালো লাগছে,Positive,5,False
আপু আমি তোমার রান্না থেকে তোমার পাতিলের প্রেম পরে গেছি,Positive,10,False
ভাই তোমার ঠিকানা দিয়ে,Neutral,4,False
খুব সুন্দর বিজনেস,Positive,3,False
এটা তো আমার জীবনের স্বপ্ন,Positive,5,False
ভাই মুরগী মাংস কি আগে পাকানো লাগে নাকি,Neutral,8,False
ফালতু রেস্টুরেন্টের জঘন্য খাবার,Negative,4,False
পরলে কোথায় হারায় যাবে,Neutral,4,False
লাস্ট কথা ভাল্লাগছে,Neutral,3,False
গাড়ি আছে ১২ ভাতার ও আছে,Neutral,6,False
আপনি যদি এত দামে বিক্রি করেন খুচরা বিক্রেতারা বেশি দামে বিক্রি করলে সমস্যা হয়ে যায় ঘড়ি নষ্ট হলে ফেরত নিয়ে আসে,Neutral,21,False
যার কিডনির সমস্যা সে মেথি পানি খেতে পারব কিনা একটু জানাবেন,Neutral,11,False
অনলাইনে দেওয়া হয়,Neutral,3,False
খেতে ইচ্ছে করছে কিন্তু যাবো কী ভাবে আপু,Neutral,8,False
এটা ভিউ বাড়ানোর ব্যবসা,Negative,4,False
অসাধারণ হয়ছে রান্না,Positive,3,False
অনেক মজা খেতে খুবই দারুণ,Positive,5,False
নাম উল্লেখ করা একদম উচিত হয়নি একে কিছু বলুক এই পৃথিবীতে একমাত্র রিজিকের মালিক মহান আল্লাহ,Neutral,16,False
ব্যবসা বাল করবো মানুষ সব দাম বইলা বইসা আছেন,Negative,9,False
২৫০ টাকা দিয়ে একটা হাঁস কিনে খাওয়া যাবে,Neutral,8,False
কোন জায়গায় ভাই ঠিকানা দিন,Neutral,5,False
ভাই লোকেশন টা দিয়েনপ্লিজ,Neutral,4,False
ারে ভাই ময়দা ডিম ভাঙ্গার মেশিন দিয়ে গুলেন হাত কেনো দেখতে কেমন দেখায়,Neutral,13,False
আগে তাদের বিচার করা উচিত,Negative,5,False
এটা ফেক আইফোন,Negative,3,False
ধান্ধাবাজ মিথ্যা স্বপ্ন দেখায়,Negative,4,False
চুল ঘনো করার উপায় কি,Neutral,5,False
অসাধারণ রেসিপি হয়েছে ভাই অসাধারণ,Positive,5,False
চমৎকার আয়োজন,Positive,2,False
বাহ দারুণ সব খাবার,Positive,4,False
ওই দামে কাস্টমারকে সেল করা যায়,Negative,6,False
হুমমম অনেক মিস করি এখন,Positive,5,False
এইটা কোন জায়গা ভাই,Neutral,4,False
বাংলাদেশ হচ্ছে একটা হিংসার জায়গা কেউ একটু উপরে উঠে গেলে সেটা নিয়ে নাসার গবেষণা শুরু হয়ে যায়,Neutral,17,False
দাম বেশি কথা বলার সুযোগ পাওয়া যায় না ভুল সাইজের মাল দিয়েছে,Negative,12,False
অনেকদিন ধরেই এর মাধ্যমে পণ্য আনি সাপোর্ট অসাধারণ,Positive,8,False
কি কি দিলেন যদি একটু বলতেন আপু দয়া করে,Neutral,9,False
কেমন মনিটর কিনবো,Neutral,3,False
একটা ভালো দোকানে খাবার পাওয়া যায়,Positive,6,False
আমি আপনার হেলপাড় হতে চাই,Neutral,5,False
এইটা কোথায়,Neutral,2,False
দোকান কনে,Neutral,2,False
অথচ যে শাড়িটা আপনি ঐ মার্কেট থেকে ১৮০০ তে কিনছেন সেই শাড়ি আমাদের এলাকার দোকানে ১৫০০ তে সেল করে,Negative,19,False
ওয়াক থু থু থু,Neutral,4,False
অনেক মজার রান্না,Positive,3,False
আমাকে রাখবা আপু,Neutral,3,False
কয়টার সময় আসলে পাওয়া যাবে,Neutral,5,False
স্লামালাইকুম ভাই আপনার সাথে থেকে কাজ শিখতে চাই কাজ শিখাবেন,Neutral,10,False
ভাই একটু কথা ছিলো,Neutral,4,False
মুসলমানরাই এই সমস্ত ছোটলোকি কাজ করতে পারে,Negative,7,False
ব্যবহার করে হতাশ,Negative,3,False
সুস্থ্য থাকুন এগুলো এড়িয়ে চলুন,Positive,5,False
অসম্মান না করে বলিএটা অস্বাস্থ্যকর,Negative,5,False
ওয়াও সুন্দর প্লেটার,Positive,3,False
এনায়েতপুর সিরাজগঞ্জে,Neutral,2,False
নতুন পেজ সবাই ফলো দিয়ে পাশে থাকবেন ধন্যবাদ,Positive,8,False
রেষ্টুরেন্ট টা কোথায়,Neutral,3,False
কাকা খুব ভালো মানুষ চাইলে মাল নিতে পারেন,Positive,8,False
কথায়ে গেলো পাবো,Neutral,3,False
ল্যাপটপ পাওয়া যাবে কারো কাছে,Neutral,5,False
মানুষ কেন এটা কিনে খায়,Negative,5,False
এটার নাম চিংড়ি এটা গুড়া মাছ না মাছ চেনেন তারপর কনটেন্ট তৈরি করেন আবালে দেশটা ছেয়ে গেছে,Negative,17,False
আপনি কি বিবাহিতো,Neutral,3,False
খেতে ইচ্ছা করতেছে,Positive,3,False
সামনের দিকে এগিয়ে যাও শুভকামনা রইল,Positive,6,False
৫৫হাজার দাম নিয়েছিল রিগাল থেকে,Neutral,5,False
কী দাম,Neutral,2,False
অনেক সুন্দর বিনোদন,Positive,3,False
ঘামের সাথে মুড়ির টেস্ট বেশি,Negative,5,False
হায় আল্লাহ জীভে পানি চলে আসছে,Positive,6,False
দামাদামি ভালো করে করতে পারেন নাই,Negative,6,False
টা পরিমাণে খুবই কম থাকে দামের সাথে যায় না,Negative,9,False
গুলিস্তানের মাল একবার কেনো মরার আগে পর্যন্ত মনে রাখতে হবে,Positive,10,False
আপু একদম সঠিক দাম বলছেন,Positive,5,False
আমি আপনার দোকানে কাজ করবো যদি বলেন,Neutral,7,False
এরকম চুর বাজার আমাদের বাংলাদেশের চট্টগ্রামে ও আছে ২০ হাজার মোবাইল পাওয়া যায় ১০০০ হাজার টাকা দিয়ে ভাল মোবাইল এইটা হচ্ছে আমাদের চট্টগ্রামের নিউ মার্কেটে অবস্থিত,Neutral,26,False
বিদেশিরা এসব দেখে আমাদের ঘৃণা করে,Negative,6,False
ভাই আপনে সেরা,Positive,3,False
খুব মজার মজার রেসিপি,Positive,4,False
সব বাটপারি কথার সাথে কাজের মিল নাই,Negative,7,False
শুনেছি সীফুড অনেক মজা,Neutral,4,False
এই চিংড়ি মাছ আমার খুব প্রিয়,Positive,6,False
ইস জিভে জল চলে আসলো,Positive,5,False
যতো পচা খাবার আছে সেটা ওর কাছে আছে ভাই এই খাবার নিয়ে কেউ প্রতারিত হবেন না এই মাংস গুলো হলো নষ্ট খাবার পচা গন্ধ বের হয় খাবার,Negative,27,False
আমার নিজস্ব কারখানা আছে দরকার হলে যোগাযোগ করুন,Neutral,8,False
ভাই তুই পাগল কিন্তু পাবলিক পাগল না,Neutral,7,False
খেতে অনেক মজা হবে,Positive,4,False
ধন্যবাদ হিমেল ভাই আপনার জন্য দোয়া রইলো,Positive,7,False
রাতের বেলাএকটা ট্রাক ১টি লাশ নিয়ে নোয়াখালী থেকে বরিশাল যাচ্ছে বিনোদনের জন্য থেকে ঘুরে আসুন,Neutral,15,False
মানুষের রুচি কীভাবে এমন হয়,Negative,5,False
ফ্রি খাবার খাওয়ানো ইবাদত,Neutral,4,False
ভাইয়া আপনার বিরিয়ানি মসলা কোথায় খুঁজে পাচ্ছি না প্লিজ কোথায় আছে বলবেন,Negative,12,False
হাতের রিং দেখাবে কম সোনার মাঝে,Neutral,6,False
মরা মুরগি,Negative,2,False
কোনো বিষয় বা খাবার সম্পর্কে অভিজ্ঞতা থাকে তবে খেতে যাওয়া বেকুবের কাজ,Neutral,12,False
খাসির বিচি,Negative,2,False
বেডি নাকি অসুস্থ এত কেক কেমনে বানায় তার স্বামী বলল উনি অসুস্থ অসুস্থ মানুষের পক্ষে কি এতগুলা কেক বানানোর সম্ভব,Neutral,20,False
এক কথায় অসাধারণ,Positive,3,False
বিয়েডা কইরালা একটা সুযোগ আছে,Neutral,5,False
কি সাপোর্ট দিবে,Neutral,3,False
অনলাইনে কি মাল দেন আপনারা,Neutral,5,False
গোসল করছে নাকি থুথু দিচ্ছে,Negative,5,False
হেরিকেনের দাম কত,Neutral,3,False
এত সুন্দর চিকিৎসা পরামর্শ অনলাইনে দেয়ার জন্য অনেক দোয়া রইলো,Positive,10,False
সার্ভিস একদম খারাপ,Negative,3,False
হলুদ নাই,Neutral,2,False
কস্টিউম নেই শুধু নাটক,Negative,4,False
কোনো ত্রুটি পাইনি,Positive,3,False
মিডিয়ার ভলিউম বাড়াও,Neutral,3,False
লোকটা বদনজর এর কবলে পড়েছে এত লাফালাফি বা হাইলাইট হলে দিনশেষে এমন হয়,Neutral,13,False
লাম্বা মিটা,Neutral,2,False
নিজ এলাকায় কম রেটে দিতে বলে,Neutral,6,False
মোমোর দোকানটা কোনদিকে,Neutral,3,False
আলুটমেটোবেগুন ভর্তা সবই মজার মজার ভর্তা,Positive,6,False
এটা চোরাই বাজার না এখানে সব কিছু পাইকারি জিনিস,Positive,9,False
ভাই হাতে তুলে দেন কেন চামুচ দিয়ে দিবেন,Negative,8,False
অনেক সুন্দর রান্না,Positive,3,False
সাপাহারে কি হাজার টাকা দামের একটা বেস্ট পিসি পাওয়া যাবে,Neutral,10,False
আলুবখেরা দিলেন না,Neutral,3,False
আমি সাক্ষ দিচ্ছি আল্লাহ ছাড়া কোন মাবুদ নাই এবং হযরত মুহাম্মাদ সাঃ আল্লাহর বান্দা ও রাসূলকালেমার দাওয়াত দিয়ে গেলাম,Positive,19,False
রঙ মোটামুটি,Neutral,2,False
মজা অনেক মজা,Positive,3,False
একদম ঠিক দাদা সালা কিছু অমানুষের বাচ্চারা রয়েছে ওখানে আমার সাথেও এমন হয়েছে,Negative,13,False
প্লিজ আপু আমাকে ফলো করবেন,Neutral,5,False
ফলো দিয়ে পাশে থাকুন,Positive,4,False
দারুন আইডিয়া,Positive,2,False
প্রত্যাশার চেয়ে ভালো,Positive,3,False
ভাই ঐটা রসুল নগর না ঐটা বক্স নগর,Neutral,8,False
দাম বলেন,Neutral,2,False
পাগল ছাগল কি করে,Neutral,4,False
অনেক ভালোবাসা রইলো আপুর জন্য,Positive,5,False
অনেক সুন্দর আপু,Positive,3,False
আপনিও আমার মতো দামাদামি করতে পারেন না,Negative,7,False
এরা ইন্ডিয়ায় জন্মালে ভাল ব্যবসা করতে পারত টয়লেটে পানিতে গোমৃত্র মিশিয়ে স্ট্রিট প্রসাদ বিক্রি,Negative,14,False
এক পিলেট ভাত নিয়ে আসতেছি,Neutral,5,False
ভাই খাট কত,Neutral,3,False
ভাই ভিডিওগুলো অনেক ভালো,Positive,4,False
অনলাইনে দেবে কি,Neutral,3,False
বাংলাদেশ টা কোনো সময় পরিবর্তন হবে না এতো দাম হয় কী করে সব চোরের দল গরীব মানুষ ছুঁয়ে ও দেখতে পাবে না,Negative,22,False
এই খাবারের তো হাইজেন মেইন্টেন করে বানায় না হাতে গ্লাবস ও নাইমাথায় হেয়ার সেপটি ও নাই এগুলা খেয়ে মানুষ অসুস্থ হবে,Negative,21,False
খুব চুল পরতেছে,Negative,3,False
নতুন স্বাদ কিন্তু দারুণ মজাদার,Positive,5,False
চমৎকার হয়েছে ভাইয়া,Positive,3,False
ছাগলের বাড়া,Neutral,2,False
যাদের খেয়েদেয়ে কাজ নেই তারা শুধু এগুলো নিয়ে পড়ে থাকে,Negative,10,False
খেতে ইচ্ছা করছে,Positive,3,False
কোন ব্যবসায়ী ছোট নয় সামনে এগিয়ে যান,Positive,7,False
কোন জায়গায় নদীর পাড়ে ভাতের দোকান ভাই,Neutral,7,False
এপরন ব্যবহার করেন গ্লাবস ব্যবহার করেন,Neutral,6,False
বিদেশ থেকে আসার পর এগুলো কি বাছাই টাচাই করে আবার কাটুন করা হয়,Neutral,13,False
ভয়ানক খারাপ ফোন,Negative,3,False
কে বলছে বাংলাদেশ গরীব,Positive,4,False
৩০০০০ এর মধ্যে ফ্রিল্যান্সিং এর সব কাজ করা যায় এমন একটা সাজেস্ট করেন,Neutral,13,False
১০০ মরা ফেলে দেওয়া মুরগি বিরিয়ানি,Negative,6,False
চোখের সামনেই সব কিছুভালো লাগে,Positive,5,False
ভাই আপনার নাম্বারটা কি দেওয়া যাবে,Neutral,6,False
একবার পরা যায়,Neutral,3,False
রান্নার কালার টা সেই,Neutral,4,False
এটা একটা বেশি বড় ছিল না ভালই ছিল জামা কাপড় রাখার জন্য সুন্দর ছিল ভালো মোটামুটি ভালোই ছিল নিতে পারেন অবশ্যই,Positive,21,False
মরা মুরগি খায় ্,Negative,4,False
আপুর ডায়লগ টা অনেক সুন্দর কিন্তু আপু থেমে গেল,Neutral,9,False
হোম মেইড কেক যেহেতু বলেছে হোম কেক বানানোই হতে হবে আর তা না হলে হবে এটা একটা প্রতারণা,Neutral,18,False
পরিবেশন এমন সুন্দর ছিলো ছবি তুলতে মন চাইলো,Positive,8,False
এটা বাটপারি ব্যাবসা আপনার চ্যানেলে এধনের ভিডিও দিয়েন না প্লিজ মানুষ বিভ্রান্ত ও ক্ষতিগ্রস্ত হওয়ার সম্ভাবনা রয়েছে ধন্যবাদ,Negative,18,False
অরিজিনাল গুলোর এত কম দাম না সব ভুয়া প্রডাক্ট,Negative,9,False
আপু তোমার খাবার গুলা এতো সুন্দর আর তোমার প্রেজেন্টেশন জাস্ট ওয়াও,Positive,11,False
আসল গোলাপি লবণ আর ঘাম মিশানো চানাচুর,Negative,7,False
ওকে ধরে পুলিশের হাতে তুলে দেওয়া হোক,Positive,7,False
তিন সপ্তাহ বা চার সপ্তাহ ফলের রস থাকলে ওইন হয়ে যায় আর ৮৪বছর চিন্তা করা যায়,Neutral,16,False
যেমন কর্ম তেমন ফল ক্যামেরাওয়ালা সামনে আসলেই বাধা দেবে আপনার ব্যবসার বারোটা বাজাবে,Neutral,13,False
ভাই মোর খাইতে মনে চায় লোকেশন টা কোথায় বলে যান,Neutral,10,False
নোংরা কাচিছ মাথায় সেপটি হাতে দেওয়া নোংরামি,Negative,7,False
আপনার রান্না দেখে খেতে মন চাচ্ছে,Positive,6,False
শব্দ সহনীয়,Neutral,2,False
দামাদামির বিষয়টা খুব ভালো লাগলো,Positive,5,False
কিভাবে নিবো,Neutral,2,False
জিডি আছে ফোন ফেরত দিচ্ছেন না কেন,Negative,7,False
সব বাবা মা চাই আমার ছেলে মেয়ে পড়াশুনা করে মানুষের মতো মানুষ হোক দোয়া রইল সকল বাবা মায়ের জন্য,Neutral,19,False
মানুষ জেনেও বেশি দামে কিনে,Neutral,5,False
সস্তা পাইয়া বস্তুা বোইরা নিয়া লাব নাই মামলা খেয়ে সস্তা ফোন কিনার সক মিটে যাবে,Negative,15,False
চাপার জোর ত দেখি ভালোই,Neutral,5,False
ভিডিও দেখলে তো জিবে পানি এসে পড়ে,Negative,7,False
আজকে হাঁটতে গেলাম দুজনে কেকের কাছে যেতাম খেয়েদেয়ে আসতাম কি বলেন,Neutral,11,False
আমি কথাটা বলার কারণ আমার পেশায় বাবুর্চি ঢাকার যেকোনো কমিউনিটি সেন্টারের আমাদের কাজ হয় যদি আপনারা দেখতে চান সেনা মালঞ্চ এটা খেতে পারবে কাজ,Neutral,24,False
আমী করভো,Neutral,2,False
এমনি তো স্বাবলম্বী হওয়া যায়,Positive,5,False
ভাই মেটাল সানগ্লাস এর পাইকারি ভিডিও দেন,Neutral,7,False
আমি নতুন আমার ফেসবুক বাড়ি থেকে সবাই ঘুরিয়ে দেন সবাই আমাকে একটা সাপোর্ট করেন,Neutral,14,False
ভাই আমার এই ছেলেকে অনেক ভালো লাগছে আমি তার জন্য কিছু উপহার পাঠাতে চাই অনুগ্রহ করে তার এড্রেস ও যোগাযোগ করার মাধ্যম দিবেন ধন্যবাদ,Neutral,24,False
প্রথমবার খেলাম অসাধারণ লেগেছে,Positive,4,False
অনেক সুন্দর রেসিপি,Positive,3,False
সেই স্বাদ এত সাদ ক্যা,Positive,5,False
আমার সবচেয়ে পচন্দের খাবার,Positive,4,False
অসাধারণ আমার অনেক পছন্দের মাছ,Positive,5,False
কোন রেসপন্স নাই ফালতু কোম্পানি মানুষকে বিপদে ফেলার মতো কোন ভিডিও দিয়েন না ভাই,Negative,14,False
হিমেল ভাই ডিজাইন করার জন্য ৬০ থেকে ৮০ হাজারের ভিতরে একটা পিসি নিতে চাই কি কি কি কি ব্যবহার করতে হবে সাজেশন দেন,Neutral,23,False
একদম ঠিক কথা বলেছ আপু,Positive,5,False
খুবই সুন্দর হয়েছে তো ভিডিওটা ভালো লাগলো,Positive,7,False
ধানমন্ডি হকার্স মার্কেট একটা সময় প্রায় প্রতিদিনই যাওয়া হইতো আমাদের বাসা থেকে হেঁটেই যাওয়া যায়,Neutral,15,False
এই সব দেখলেই ক্ষুদা লাগে,Positive,5,False
এটা কোন জায়গা ভাই,Neutral,4,False
ভাি ভিডিও ওনেক সুন্দর লাগছে খুব একটা ভালো করে কাজ করার জন্য মানুষ কে,Positive,14,False
মাশাআল্লাহ অনেক সুন্দর প্রোডাক্টস,Neutral,4,False
সবাই আমাকে ফলো দিও,Neutral,4,False
প্যাকেজিং কিভাবে করবো এই বিষয়ে ভিডিও চাই,Neutral,7,False
খাচ্চুন্নী ব্রাহ্মণবাড়িয়ার ছেলের দিকে নজর দিয়েছে তারে বয়লা দিয়েন আমরা ব্রাহ্মণবাড়িয়া ছেলেদের রুচির দুর্ভিক্ষ এখনো আসে নাই,Positive,17,False
উদ্যোগটা অনেক ভালো,Positive,3,False
গাড়িবাড়িওয়ালা লোক খাবার বিক্রি,Negative,4,False
অনেক অনেক ধন্যবাদ হিমেল ভাই অনেকদিন যাবত এই সাইটগুলো খুঁজতেছিলাম আলী এক্সপ্রেস থেকে কিভাবে অর্ডার করবো অবশেষে পেয়ে গেলাম আপনাকে আবারও ধন্যবাদ,Positive,22,False
খুব সুন্দর ভিডিও মাশাল্লাহ,Positive,4,False
নতুন করে ব্যবসা করতে চাই কিভাবে লাভ করবো,Neutral,8,False
আমার ফোন হেরেছিল এক বছর যাবত,Negative,6,False
শরীরের অর্ধেক পানি মিশে স্বাদ দেবে,Negative,6,False
যারা খাচ্ছে তাদের মাথায় সমস্যা আছে,Negative,6,False
আমারতো মনে হচ্ছে মাইনুল ভাই আরো দাম বাড়িয়ে দিতে চাচ্ছে,Negative,10,False
এদের মাধ্যমে মোবাইলের একটা ব্যাক কভার দাম ১০২৩ ক্যান্সেল করে দিলাম ধন্যবাদ,Negative,12,False
২০২৫ সালের ভিডিও দেন ভাই,Neutral,5,False
এই ভাবে দাম বলা যাবে না তো আপনি বক্রস বিক্রি করছেন,Negative,11,False
তাদের খাবার গুলো এত মজা ছিলো,Positive,6,False
আমি গত বছর ধরে চাঁদনী মার্কেট থেকে পার্টস কিনে আনি এই ভাই একদম সঠিক বলছেন আমার মতে না জানা থাকলে ফুটপাত থেকে জিনিস কেনা উচিৎ নয় ধন্যবাদ,Positive,27,False
এই মাছ তো কেউ চাষ করেনা সাগরে খায় নদীতে ডিম পাড়ে তাহলে এতো দাম কেনো,Negative,15,False
সবচেয়ে বড় কথা কি জানেন ব্যবসায় শ্রম মেধার সাথে আরেকটা জিনিস লাগে সেটা হল ভাগ্য,Positive,15,False
পণ্যের মান একদম খারাপ,Negative,4,False
পা কিন্তু পরিস্কার আছে,Positive,4,False
খুব ভালো লাগলো পাশে থেকো,Positive,5,False
সীফুড রান্না সুন্দর ও লোভনীয় হয়েছে অনেক ভালো লাগলো ভিডিওটা,Positive,10,False
খুব সুন্দর অসাধারণ একটা ভিডিও,Positive,5,False
অনেক সুন্দর একটা ভিডিও,Positive,4,False
ভাই আপনাদের দোকান কোথায়,Neutral,4,False
সুন্দর একটা চিংড়ি মাছের কালার,Positive,5,False
আপনাদের সাথে ড্রপশিপিং করার সুযোগ আছে কি,Neutral,7,False
ব্যবসা অবশ্যই ভালো,Positive,3,False
৩০টাকার নেইলপালিশ আর ৭০০টাকার নেইল পলিশের কোয়ালিটি আলাদা আজাইরা চাপাবাজী,Negative,10,False
হাসের দোকানের পাশের দোকান চা পাওয়া যায় স্যুপ খেতে হলে ভাই,Neutral,11,False
পণ্যের ছবি বা ভিডিও কোথায় পাবো এড দেওয়ার জন্য,Neutral,9,False
কোনটা ভালো এর ভিডিও দেন,Neutral,5,False
কারণ বাহিরের দেশে একটিউটের দাম ৩০০০ টাকা বাংলাদেশী এক লক্ষ টাকা তাহলে লক্ষ টাকায় লাভ কে বলেছে আমার দেশ গরিব তিন হাজার টাকা,Negative,23,False
যারা এগুলো খায় তারা এক নম্বর বোকা,Negative,7,False
লোভ লেগে গেল আপু,Positive,4,False
৫ মিশালি গুড়া মাছ ভুনা গুলো আরো ভালো লাগে,Positive,9,False
আহারে তরুণীরা কই আমিওতো খাই,Positive,5,False
মরা মুরুগের বিরানি,Negative,3,False
আপু কোথায় আসতে হবে ঠিকানাটা একটু দিয়ে দিবেন,Neutral,8,False
অতিরঞ্জিত খবর মাসে ৮ লাখ কামানো সহজ ব্যাপার না আর বাংলাদেশে যে পরিমান বাটপার কাষ্টমার অর্ডার রিসিভ করেনা ডেলিভারি ফেইল্ড ইত্যাদি নানা সমস্যা তাই এটা একটা মার্কেটিং ভিডিও বানাইলেন জাস্ট তেমন আহামরি ইনকাম না,Neutral,34,False
তোমার বাড়ি কোথায় তোমার সঙ্গে কি দেখা করতে পারি,Neutral,9,False
ভাই লোকেশন কোথায় একটু বলেন প্লিজ,Neutral,6,False
আপু এই পেইজে কি ইন্ডিয়ান অথেনটিক প্রোডাক্ট পাওয়া যাবে না,Neutral,10,False
মারুফ ভাই অসাধারণ একজন মানুষ তার কাছে থেকে যত খেলা সামগ্রী নিয়েছি সব অসাধারণ,Positive,14,False
খুবই ভদ্র দোকানদার,Positive,3,False
এটা তো আমাদের বাসার টয়লেটের বালতি এই চাচা পেলো কই,Negative,10,False
কি দরকার এমন ভিডিও দেওয়া,Neutral,5,False
অসৎ উপায়ে কেক বানানো দুদিন পর বের হয়ে আসবে আসল রহস্য,Neutral,11,False
তিষি বাংলাদেশে কমন,Neutral,3,False
মাশাআল্লাহ সবগুলো আইটেম দেখতে অনেক সুন্দর এবং লোভনীয় হয়েছে অসাধারণ একটি ভিডিও উপস্থাপন করেছেন খুব ভালো লাগলো দেখে,Positive,18,False
জনগণ তোদের নাম হচ্ছে বাঁশ দেওয়ার ক্ষেত্রে এক নাম্বারে আছে তোরা বাঁশ দিবি না লোকটার ব্যবসা ভালোভাবে চলছে তোরা আবার শুরু করলি এখন আবার আইক্কাওয়ালা বাঁশ দিচ্ছিস,Positive,27,False
এগুলো হচ্ছে বেকারির তৈরি কেক,Neutral,5,False
এইসব ভিডিও ছেড়ে শুধু মানুষের টাকাই নষ্ট করাতে পারেন ব্যবসা এত সোজা না,Negative,13,False
ভাই আপনি ভাই কে একটা দোকান দিয়ে দিন রাস্তায় এতো জেম হবে না,Neutral,13,False
ভাই নোয়াখালী কোন জায়গায় আপনার বাড়ি,Neutral,6,False
ঠিক আছে সাকিলা মেডাম ধন্যবাদ,Positive,5,False
ভাইজাননিয়ে যাবেন,Neutral,2,False
সর্বনিম্ন কত পিস নিতে হবে,Neutral,5,False
তবুও আমি খাব আর এই লোকের বিরুদ্ধে একশন নেয়া দরকার,Negative,10,False
স্বাস্থ্য পরিদর্শক দেখে না নাকি,Negative,5,False
মাংসের উপরে যে চাউলটা দিলেন সেই মাংসটা কি রান্না করা চিল নাকি ৪০ মিনিট রাখার পর সেই কাচা মাংসের উপর চাউল দিলেন,Neutral,22,False
তাহলে নিজের ব্যবসা নিজেই করতে পারেন টাকা মেরে খাওয়া ধান্ধা,Negative,10,False
অনেক অনেক ভালো,Positive,3,False
এতো ফালতু স্বাদ এই হ্লা টাকা খেয়ে ব্লগ করছে,Negative,9,False
১০০ সত্যি কথা,Positive,3,False
চিকেন কি আলাদা রান্না করচেন,Neutral,5,False
দাদা আসলে দেখে মনে হয় আপনার হোটেলে যাই কিন্তু রাস্তা অনেক দুর দেখতে সুন্দর খেতে ও ভালো ধন্যবাদ,Positive,18,False
হাতের গ্লাভস পড়েন কি খালি হাতে মাখন দেখেই বমি আসে,Negative,10,False
আমার মোবাইল চুরি হইছে,Negative,4,False
চমৎকার ভিডিও আপু,Positive,3,False
একটু সাপোর্ট করবেন আপু,Positive,4,False
ঠিক আছে এরা কম দামে কিনে বেশি লাভের আশায়,Negative,9,False
এভাবে খাবার খাওয়া ঠিক নক,Negative,5,False
এত খোলামেলা জায়গায় খাবার বানানো ঠিক না,Negative,7,False
আসবো আপনার কাছে,Positive,3,False
পছন্দের খাবার,Positive,2,False
তিষি জিনিসটা কি,Neutral,3,False
ভাইয়া আপনার ভিডিওগুলা অসাধারণ,Positive,4,False
এদের দোকান বন্ধু করে দেওয়া ভালো হবে,Negative,7,False
কুয়েতে টাকার হিসেবে বাংলা টাকায় ১ হাজার পরে কেজি,Neutral,9,False
তোদের প্রতিবাদ নিয়ে আইসা রাস্তা বন্ধ করে মাইনসে ১২টা বাজাইয়া দে,Negative,11,False
ভিউ কমানোর বাটপারি নিউজ,Negative,4,False
অসাধারণ মজাদার রেসিপি,Positive,3,False
আমাকে নিয়ে নেন আপনি,Neutral,4,False
থল থলে লত লতে মালটা এই সব ভালো বাসে,Neutral,9,False
টাকা খেয়ে ভিডিও বানাইছে কি পণ্য কিনবেন না,Negative,8,False
মাই ইলেকট্রিকের ব্যবহার অত্যন্ত খারাপ মাল,Negative,6,False
এবার উনার ব্যবসাটা খাবে জনগণ মিলে উনার ব্যবসা টা করতে দেবে না,Neutral,12,False
ভাইয়া এখানে কি মুরগির গোশত সিদ্ব করা লাগবেনা,Neutral,8,False
আমিও জানতে চাই কয়টা থেকে কয়টা বসে,Neutral,7,False
কিছু মাল লাগবে ভাই,Neutral,4,False
খুবই সুন্দর পরামর্শ ভালো লাগলো,Positive,5,False
প্যান্টে ধরা খাইছেন বড় ভাই ১০০০,Negative,6,False
ভারতের বাংলা খুরেরা এসব খাই,Neutral,5,False
খাবার খাবার পর উলটি আসবে,Negative,5,False
খাঁটি চা পাতা,Positive,3,False
হিসেবে আপনাকে ফ্রি দেওয়া উচিত ছিলো এত সুন্দর প্রমোশন করলেন,Neutral,10,False
আমি এক বাটি নিব,Positive,4,False
আমি করেছি টাকা দিয়েছি আমাকে পণ্য এনে দেইনাই আমার সাথে যোগাযোগ ও করেনি,Negative,13,False
এই দোকান পুরো বাটপার,Negative,4,False
খাওয়ার সময় মনে হচ্ছিলো বিশেষ কিছু,Positive,6,False
ভেজে নিবো নাকি এর সাথে করবো,Neutral,6,False
ঠিকানা কোথায় আপো আমি নেবো,Neutral,5,False
চিনিগুড়া চালের থেকে বাসমতি বিরিয়ানি খেতে ভালো লাগে,Positive,8,False
দৈনন্দিন কাজে উপযোগী,Positive,3,False
এটার প্রাইজ কত,Neutral,3,False
কোথায় এটা লোকেশন,Neutral,3,False
ক্যামেরা দেখে খাবার বেশি দিচ্ছে,Neutral,5,False
১ম কোন চোরাই মাল গুলিস্তানে নাই ২য় এখানে সব ব্র্যান্ডের মাল রিজেক্ট মাল ৩য় এখানে টাকা নিয়ে বসে আছে তারা আসল টাকা নিয়ে আছে সবশেষে বলতে বাধ্য হলাম আপনার আরো জানার দরকার,Positive,32,False
আগের চেয়ে খারাপ,Negative,3,False
এসব ভিডিও দেখলে খেতে ইচ্ছে করে,Positive,6,False
দারুণ রান্না বান্না মাশাআল্লাহ,Positive,4,False
এসব খায় কে,Negative,3,False
সাব্বাশ মেয়ের দাম বলার ভালো আইডিয়া আছে,Positive,7,False
প্রোফাইল পোস্টে যে কমেন্ট করবে তাকে ফলো দিব ইনশাআল্লাহ,Neutral,9,False
এক নাম্বার বাটপার এগুলো বাহিরের সব পুরাতন ব্যবহার করা,Negative,9,False
প্রায় এক বছর ধরে এরকম ধরনের ভিডিও ইউটিউব এ খুঁজলাম কিন্তু পেলাম না,Positive,13,False
দাদা আপনাকে একটা অনুরোধ করছি আপনি যদি একটু হাওড়া মঙ্গলা হাট সম্মন্ধে একটু ইনফরমেশন দিলে ভালো হয়,Neutral,17,False
ভোক্তা অধিদপ্তর কি এগুলো চোখে দেখে না,Negative,7,False
সত্যিই খুবই অসাধারণ হয়েছে আপু,Positive,5,False
তাতে কি ভাল ফালিয়া পারছ বিডিও কইরাশাস্তি ত দিতেই পারো নাই,Neutral,11,False
আর দশটা টাকা পুরো জমি নামে লিখে দেই,Neutral,8,False
বাহ দারুন তো,Positive,3,False
তিষি মেথি কালোজিরা রেসিপি,Neutral,4,False
উনার চটপটি তেমন ভালো না কিন্তু ঝালমুড়ি অনেক ভালো,Neutral,9,False
দিয়ে খেতে খুব ভালো লাগে,Positive,5,False
যারা উটের কুশ মাংস ৫৫০০ টাকা করে নিতেছে তাদেরকে জুতার বাড়ি দেওয়া দরকার,Negative,13,False
জিরা বাটা দেয়া লাগে না,Neutral,5,False
সময়মতো পণ্য পেয়েছি,Positive,3,False
খাসির বিচি খাও,Negative,3,False
এখানে কি শান্ডা পাওয়া যায়,Neutral,5,False
আমি আসব পিল্জ কিভাবে যোগাযোগ করব,Neutral,6,False
দাদা সেলুন বা বিউটি পার্লার সামগ্রী কলকাতায় কোন জায়গায় হোলসেলার পাওয়া যাবে প্লিজ একটু জানাবেন,Neutral,15,False
কথার সাথে থুতু বের হচ্ছে,Negative,5,False
হাইজিন টোটালি মেইনটেইন করে না ওই জায়গাই খালি হাতে ডিমমুরগির তরকারি গুলোকে ধরা তরকারি তাড়াতাড়ি নষ্ট হয়ে যাবে হাত দিয়ে এই ভাবে মেখে খাওয়া ব্যাপারটা একটু কেমন যেন লাগে হাইজিন করা দরকার ছিল,Negative,33,False
লোভনীয় আহা,Positive,2,False
আপনার পোস্ট দেখে সত্যি ভালো লাগলো,Positive,6,False
খুব সুন্দর করে সাজানো একটা বিজ্ঞাপন এই চলতি ২৩ বছর আগে রাস্তায় রাস্তায় অলি গলি ঘুরে ভিডিও বানাইতো এখন পেইড এডভার্টাইজ করে বিদেশে এরকম পেইড মার্কেটিং এমন ভাবে বানানো হয় মেকিং দেখলে মনেই হবে না এটা এডভার্টাইজ,Neutral,37,False
সব চুরির মাল,Negative,3,False
বমি ভাব,Negative,2,False
খুব সুন্দর হয়েছে,Positive,3,False
চাপা না মারতে পারলে ব্যাবসা করা যাবে না বাংলাদেশে ৷,Negative,10,False
বাঙালির প্রিয় খাবার,Positive,3,False
খুব ই সুন্দর আয়োজন,Positive,4,False
বাংগালী বলে কথা,Neutral,3,False
এসব খেলে হাগা হয়ে জাবে,Negative,5,False
শুধু শুক্রবার নাকি সাত দিন রান্না করা হয়,Neutral,8,False
খুব লোভনীয় সব খাবার,Positive,4,False
ঠিকানা প্লিজ,Neutral,2,False
এই জায়গার কন্টাক্ট নাম্বার টা দিলে হয়,Neutral,7,False
মাশাআল্লাহ লোভনীয়,Positive,2,False
খুব সুন্দর আয়োজন মাশাল্লাহ,Positive,4,False
দোয়া রইল আপুর জন্য,Positive,4,False
ললিপপ তো ২টাকার ও পাওয়া যায়,Neutral,6,False
খুব সুন্দর উপস্থাপনা,Positive,3,False
তবুও ইন্ডিয়ার থেকে ভালো আছে,Positive,5,False
অর্ডার দেরিতে এসেছে,Negative,3,False
আপু তোমাদের সাপোর্টে আমিও কিন্তু তোমাদের মতন কন্টিনিউ টা সকলের সাপোর্ট চাই কিন্তু সকল ভালোবাসা পাই আপু,Positive,17,False
সৌদি আরবে গরুর মাংস বলে উটের মাংস বিক্রি করে কেউ উটের মাংস খাইতে চায় না,Negative,15,False
ভারত থেকে বলছি দারুন দারুন দারুন ভিডিও,Positive,7,False
সময়মতো ডেলিভারি পেয়েছি,Positive,3,False
এই শীতে হাঁস সেই লাগে,Neutral,5,False
মাশাআল্লাহ আলহামদুলিল্লাহ দোয়া রইলো এগিয়ে যাও বাদন,Positive,7,False
কোন রেস্টুরেন্ট বা বেকারিতে গিয়ে এত প্রশ্ন করবে ঢোকার অনুমতি পাইতো না,Neutral,12,False
আমার ফোন পকেট থেকে নিয়েছে,Negative,5,False
কঠিন বিচার দরকার,Negative,3,False
আপু আপনার ওজন ৩৫ কেজি বেশি হবে না নিজে একটু খায়েন,Neutral,11,False
আমি চাবিয়ে খাই কোন সমস্যা হবে,Neutral,6,False
১৩ ঘন্টার ঘড়িটা আছে,Neutral,4,False
আপনি কি করেন মিয়া,Neutral,4,False
খাইয়া আর কাম নাই,Negative,4,False
হোল্ডার দেখান না কেন,Neutral,4,False
হাই আপু আপনাদের মাথায় এত বুদ্ধি,Positive,6,False
সবাই বলি লা ইলাহা ইল্লাল্লাহু মুহাম্মাদুর রাসুলুল্লাহ সাল্লাল্লাহু আলাইহি ওয়াসাল্লাম,Neutral,10,False
ভালমানের এপিসোড,Positive,2,False
জেই দোকান দার ভালো তার মোবাইল নাম্বার দিতে হতো ভিডিও তে,Positive,11,False
বগুড়া বীমার ভিডিও কোথায়,Neutral,4,False
গাজা খাইছে নাকি জুতা খাবার,Negative,5,False
ইলিশ ভাজা,Positive,2,False
ভাই ওটা অরিজিনাল টাকা ওটাকে টাকার বাজার বলে,Positive,8,False
ইছা মাছ ভুনা গুলা অনেক সুন্দর হয়েছে মজা হবে খাইতে অনেক স্বাদ লাগবে,Positive,13,False
এই ভিডিও দেখে তাদের সাইট ঘুরে প্রোডাক্ট বাছাই করে রাখলাম ভাবলাম একদিন পরে অর্ডার কনফার্ম করি পরের দিন আর তাদের ওয়েব সাইটে ঢুকতে পারি না অল্পের ধরা খাই নাই আল্লাহ বাঁচিয়েছে আলহামদুলিল্লাহ,Positive,32,False
এর মধ্যে কোনটা ভালো হবে সাজেস্ট করবেন,Neutral,7,False
অর্ডার ট্র্যাক করতে সমস্যা হয়েছে,Negative,5,False
ডায়বেসিক কিভাবে জাবে বলবেন,Neutral,4,False
ডেলিভারি ম্যানের আচরণ ভালো ছিল,Positive,5,False
কেন ভাই আপনি থাকবেন,Neutral,4,False
এগ্লা বাঙালি খায় কিভাবে,Neutral,4,False
এটা তদন্ত করা প্রয়োজন সে কি খাওয়াচ্ছে কতটুকু মানসম্মত খাবার এটা অবশ্যই সাধারণ মানুষের জানার অধিকার আছে,Neutral,17,False
মজা অনেক,Positive,2,False
তরকারির মধ্যে কালার দিয়া ফাডায় ফেলছে,Negative,6,False
চিংড়ী ভুনা অসাধারণ হয়েছে দেখেই খেতে ইচ্ছে করছে,Positive,8,False
পোশাকটা পরে আরাম লাগছে,Positive,4,False
ভিতরে কিছু থাকেনা সব ভুওয়া প্রতারক,Negative,6,False
আমি ও আপনাদের চাঁদপুরের একটা বোন আমাকে একটু সাপোর্ট করেন প্লিজ,Neutral,11,False
ভাই আপনি বরিশাইল্লা উচ্চারণ ভুল করেন তাই বলে লেখার সময়েও,Negative,10,False
মারুফ ভাই একজন মাটির মানুষ,Positive,5,False
এত সস্তা কিভাবে দেন ভাই আপনার তো একবার নিজের খাইয়া চেক করে দেওয়া লাগবো,Positive,14,False
ঠিকানা কোথায়,Neutral,2,False
আমার সেই লাগে,Positive,3,False
সাইজ চার্ট অনুযায়ী হয়নি,Negative,4,False
খুব সুন্দর লাগলো অসাধারণ,Positive,4,False
এই মার্কেটে ডাকাতি বেশি,Negative,4,False
অনলাইনে চটকদার বিজ্ঞাপন দেখে অনেকে প্রতারিত হচ্ছে সাবধানে থাকবেন,Negative,9,False
ও সেই,Positive,2,False
এসব ইউটুবার কনটেন্ট ক্রিয়েটরদের বিরুদ্ধে মামলা করা উচিত,Neutral,8,False
স্বাভাবিক কাপড়,Neutral,2,False
আপু অনলাইন এ কিনতে পারব কি না,Neutral,7,False
একদম ঠিক না এটা কোন জায়গা,Negative,6,False
খায় কারা,Negative,2,False
এগুলো সব বাটপারি,Neutral,3,False
থেকে প্রোডাক্ট কেনার প্রসেস নিয়ে ভিডিও করেন প্লিজ,Neutral,8,False
ঠিকানা টা দেন গুলিস্তান কোথায় এটা,Neutral,6,False
ভাই আমি আপনার সাথে কথা বলতে চাই,Neutral,7,False
এটা ঢাকা কোথায় ভাই ঠিকানাটা একটু বলেন,Neutral,7,False
হেয় জে ভাবে আলু ধরছে মনে হয় মাটি মিলাইতাছে,Negative,9,False
ওই তেরোটা বাজা ঘড়ি টা আছে,Neutral,6,False
ভাইয়া স্ট্রিং এর নামটা কী পার্সেল দেওয়া যাবে,Neutral,8,False
এরা একটি পন্যের দাম ১৫০০ হলে ওদের কে আরও ১৫০০ টাকা দিতে হয়,Negative,13,False
কাজ মাঝে মাঝে বন্ধ হয়,Negative,5,False
অনলাইনে অর্ডার করা যায় কিনা,Neutral,5,False
কখন আসলে শান্তি মত বসে খাওয়া যাবে,Neutral,7,False
ফোন নম্বর চাই,Neutral,3,False
রং ব্যবহার করা হয়েছে,Neutral,4,False
এটা কোনো ভালো কাজ না,Negative,5,False
খোলামেলা যায়গায় ফেলে রাখছে এগুলো তো ফ্রি দিলেও খাওয়া যাবে না,Negative,11,False
এখান থেকে ৪২ হাজার টাকার লেহেঙা সাড়ে ৮ হাজারে কিনছি,Positive,10,False
এক আনার ৫ রোতে যদি ২৪ হাজার টাকা হয় তাহলে এক ভরি কত,Negative,13,False
পাইকারি দামে কাপড় নিলে কয়টা নিতে হবে থ্রি পিছ,Neutral,9,False
কারোর সাথে কারোর তুলনা করা মূখ্যতা,Neutral,6,False
একদম ক্ষেত টাইপের লোক এরা চামচ দিয়ে ধরতেছে না,Negative,9,False
ভাই তোমাদের কমেন্ট দেখে হাসি থামাতে পারছি,Positive,7,False
মাশাল্লাহ চমৎকার রান্না,Positive,3,False
খুব ভালো লাগল ভাই,Positive,4,False
নোটিফিকেশন পাওয়ার সাথে সাথেই ভিডিও দেখতে চলে এসেছি ভাই অনেক ভালো লাগতাছে,Positive,12,False
দারুন অফার ভাই,Positive,3,False
না না এটা আমি কি দেখলাম বাপের জন্ জন্মে আর ফুচকা খাওয়ার সক করবো না,Negative,15,False
বিজ্ঞাপন আরও ৪৫ বার,Negative,4,False
খুব সুন্দর এবং চমৎকার ভিডিও উপহার দিলেন,Positive,7,False
বাহ খুব লোভনীয় হয়েছে সব খুটিনাটি সুন্দর করে বুঝিয়েছেন একবার ট্রাই করব ইনশাআল্লাহ,Positive,13,False
ভালবাসা দিলে ভালবাসা পাওয়া যায়,Positive,5,False
খুব সহজেই কার্ড নিতে পারবেন সকল অনলাইন প্লাটফর্মে পেমেন্ট করতে পারবেন খুব সহজেই এটা রেডটপে এর থেকে ভালো,Positive,18,False
আচ্ছা ভাইয়া এই সাইট কি ফ্লিপকার্টআ্যমাজন এ কাজ করে,Neutral,9,False
এটা কী হচ্ছে,Neutral,3,False
আপু কথা ঠিক হয়েছে,Positive,4,False
সার্ভিস পাই,Positive,2,False
খাবারে মাছি বসেছিলো,Negative,3,False
ক্ষুধা লেগে গেলো,Positive,3,False
এটাই ঈশ্বরের খাবার নয়,Negative,4,False
এই সব সাইট থেকে কেনা কাটা না করাই ভালো এই সব সাইটের প্রোডাক্ট কোয়ালিটি অনেক খারাপ,Negative,16,False
ওই খানের বেশিরভাগ ব্যবসায়ী ই চুর,Negative,6,False
এসব বিষ খাওয়া হচ্ছে,Neutral,4,False
বুকের কাপড় নাই তাই ফেমাস,Negative,5,False
তাই নাকি ভাইয়া,Neutral,3,False
গরুর মাংস হোটেলে যে দাম রাখে তাতে ১৫০০ কেজি পরে,Neutral,10,False
আসে পাশে মদের দোকান আছে হয়তো,Neutral,6,False
ডেলিভারি চার্জ বেশি,Negative,3,False
এক কথায় অসাধারণ খাবার,Positive,4,False
এটা কি ব্যবসা বলে না এটা কি সুদ খাওয়া বলে,Negative,10,False
নিমতলা খালপাড়েএরশাদুলবাচ্চুর দোকান তবে প্রতিদিন পাওয়া যায় না,Neutral,8,False
আপনাগো বাড়ির সামনেই,Neutral,3,False
ইনশাআল্লাহ আমি খাব,Positive,3,False
সব সেলেদের সাথে খাইতে বইসে এক,Neutral,6,False
কতটা সত্য জাপানে ছয় মাস নয় মাসে দোকান খালি করতে হয় ফালতু,Negative,12,False
খাবার আসতে দেরি,Negative,3,False
সানগ্লাসটা কোত্থেকে নিছেন,Neutral,3,False
মাশাআল্লাহ মাশাআল্লাহ আলহামদুলিল্লাহ অসাধারণ,Positive,4,False
মাশাল্লাহ এগিয়ে যান ইনশাআল্লাহ,Positive,4,False
শুভ বিকেল,Neutral,2,False
মাথায় টুপি দিয়ে কি সুন্দর করে মিথ্যা কথা বলে যাচ্ছে,Negative,10,False
কাঙ্গালু মানে বিনোদন,Negative,3,False
আমার ফোনটা আগস্ট মাসে হারিয়েছে মুন্সিপাড়া রোড থেকে,Negative,8,False
এইআপু বহুরূপী বহুরূপী,Neutral,3,False
ঠিকানা বলেন প্লিজ,Neutral,3,False
কোথায় ভাই এটা ঠিকানাটা দিবেন কি,Neutral,6,False
মানুষের কি পরিমাণ টাকা আল্লাহ দিছে ১৫০ গ্রাম এর টুকরা ৮০০,Negative,11,False
আপা আমি আমি,Neutral,3,False
এটা মাতাল ছাড়া কেউ খাবে না,Negative,6,False
ঠিকানা কেউ বলেনা,Negative,3,False
কালার টা সুন্দর লাগছে,Positive,4,False
মজার মজার ভর্তা আয়োজন,Positive,4,False
ছোপ খেতে হলে ভাই সবাই মিলে আমার দোকানে আয়,Positive,9,False
কোয়ালিটি দারুণ সবাইকে রেকমেন্ড করবো,Positive,5,False
ভর্তা মানে সেই স্বাদ,Positive,4,False
কেউ কি বলতেছি ২০ টা বাচ্চা বানানো যায় আবার অনেকে গুনছে নাকি টা তোকে একাকীয় সম্ভব নৌকো বল থাকলে অথবা ওভেন অনেকগুলো থাকলে কেক তৈরি অনেকগুলো থাকলে সরঞ্জাম থাকলে তখন হয়তো অনেকগুলো তৈরি করা যায় এখন বাকিটা আপনারা বলেন মতামত দিয়ে যান,Neutral,42,False
রুচির দুর্ভিক্ষ হলে এমন খাবার খাওয়া যায়,Negative,7,False
পণ্য ফেরত দিতে হবে,Negative,4,False
বিয়ে বাড়ির পচা খাবার,Negative,4,False
সেই মনেহইতেছে,Positive,2,False
মজাদার হাসের মাংস,Positive,3,False
আমার ফোনটা কিছুদিন আগে চুরি হয়েছে,Negative,6,False
আমাকে একটা লাগবে,Neutral,3,False
দাম কত ভাই,Neutral,3,False
সেই লাগবে,Positive,2,False
খুব সুন্দর হয়েছে আপু,Positive,4,False
আমার অনেক অনেক চুল পরে যাচ্ছে,Negative,6,False
গরুর মাংস হলে কত মিনিট কুক করতে হবে,Neutral,8,False
ক্যামেরা দেখলে সবাই ভাল কিছুই দেয়,Neutral,6,False
টাকা ঘড়ি পিচ লাগবে,Neutral,4,False
তাইতো বেশী টেস্ট হয়,Positive,4,False
ইয়ামি হয়েছে দেখতে,Positive,3,False
আমি কেজি গরুর মাংস নিতে চাই একটু বলবেন কিভাবে নেব,Neutral,10,False
ভাই এই দোকান কোন জায়গায়,Neutral,5,False
আমার দেখা সবচেয়ে সুন্দর দারুণ বিরিয়ানি রেসিপি এককথায় অসাধারণ হয়েছে,Positive,10,False
আমার একটা লাগবে,Neutral,3,False
এই দোকান টা কোথায় ভাই,Neutral,5,False
তার ছিড়া,Neutral,2,False
কি ভাবে পাবো,Neutral,3,False
চোরাই মোবাইল কারখানা,Negative,3,False
আমার দোকানে আয়,Positive,3,False
লাইট আমি ৫০০ দিয়ে কিনছি এনি বলে ৬০০,Negative,8,False
অসাধারণ দারুণ,Positive,2,False
বাঁধন আমি জানি যে এই ভিডিওটা দেখতেছো তোর ব্যবসা খুব দ্রবী বন্ধ হয়ে যাবে তাহলে একটা দাম অনেক বেশি,Neutral,19,False
ড্রপ শিপিং অথবা রিসেলিং ব্যবস্থা কি আছে থাকলে জানাবেন,Neutral,9,False
রাত ১২ টার পর এসব দেখলেই ক্ষিধা লেগে যায়,Positive,9,False
লাক্সারি ২৮ সিটের এসি মিনিবাস ভাড়া করুন সব থেকে কম ভাড়ায় ভালো গাড়ি বেস্ট সার্ভিস প্রফেশনাল ড্রাইভার,Positive,17,False
আমি মনোয় কানা আমি তো গুঁড়া মাছ চোখে দেখতেছিনা চিংড়ি দেখতে পাচ্ছি,Neutral,12,False
দারুণ হবে আপু,Positive,3,False
সুন্দর একটা কথা বলেছেন,Positive,4,False
ভয়ানক প্রতারনা করে এরা,Negative,4,False
মাশাল্লাহ মাশাল্লাহ মাশাল্লাহ,Positive,3,False
তিন পিচ দেয়না আপনার ক্যমেরা দেখে তিন পিচ দিছে,Negative,9,False
এটার কাজ কি,Neutral,3,False
লোকেশন কোন জায়,Neutral,3,False
শুভরাত্রি প্রিয় সবাই মিলে বন্ধু হয়ে এগিয়ে যাইশুভকামনা,Positive,8,False
টাকা হাতে চলে যাই,Neutral,4,False
আমাদের কাতারের মধ্যে বাংলাদেশের ৭০০ টাকা কিলো উডের মাংস আমরা খাই না,Negative,12,False
গুঁড়া মাছ মাছের নাম ও জানে না,Neutral,7,False
এই মেথি পানি আলসারের রোগী খেতে পারবে,Neutral,7,False
খাইছিলাম খুবই বাজে স্বাদ,Negative,4,False
বিভিন্ন দোকান থেকে বহু আইটেম ভালই বুদ্ধি,Neutral,7,False
জেল কনফার্ম,Negative,2,False
এই মোবাইল গুলোর নাম্বার প্রকাশ করে মালিকদের ফিরিয়ে দেয়া হোক,Neutral,10,False
অসাধারণ ভিডিওটা এভাবেই চাকরি না খুঁজে উদ্যোক্তা হয়ে কাজ করা অনেক ভালো দোয়া ও শুভকামনা রইল,Positive,16,False
মরা পোল্টি নাকি,Negative,3,False
এগুলা ঘি নত করে খাইতে শেষ নোংরা খাবার,Negative,8,False
কেক গুলো ডাইরেক কোথায় রাখার হচ্ছে একটু খেয়াল করুন দশক,Neutral,10,False
ঘোড়ার মাংস মরা মুরগির মাংস,Negative,5,False
আমরা চার্জ করি ২৫০০ টাকা,Neutral,5,False
ভাইয়ের ওয়েবসাইট নাম কি বললে আমরাও অর্ডার দিতে পারতাম,Neutral,9,False
ওখানে দাম কম এখানে আনলে খরচ কেমন পড়বে,Neutral,8,False
উড়ন্ত পিঠা বাহ দারুণ তো,Positive,5,False
এগুলো ভুয়া,Negative,2,False
খুবি ভালো লাগলো,Positive,3,False
দোকান কোথায় লোকেশন দিন আমরা কুতুব খালী যাএাবাড়ী থেকে ২০জন আসবো,Neutral,11,False
রামপুরা বনশ্রী থেকে কিভাবে যাবো এই মেরাদিয়া হাটে ও বুধবার সকাল কয়টা থেকে কয়টা পর্যন্ত চালু থাকে হাটটি,Neutral,18,False
গরুর গোস স্বাদ কেমন,Neutral,4,False
একেবারে মান নেই,Negative,3,False
বাংলাদেশে নেই এই কারণে সরকারের কাছে অনুরোধ জানাই বাহিরের দেশ থেকে উট আমদানি করার সুযোগ করে দেয়া হোক বিশেষ করে বাচ্চা আউট গুলো,Neutral,23,False
আমি নিয়েছি ফুল কমপ্লিট ৩২০০ টাকা,Positive,6,False
বাই ফ্লিপকার্ট থেকে কিভাবে কিনব সেটার ব্যাপারে ভিডিও দেন,Neutral,9,False
ইউটিউবার মনে হচ্ছে অনেক তেলবাজ,Negative,5,False
খাইসি অনেক মজা সিলো,Positive,4,False
খুব ভালো ভিডিও সবার উপকার হবে,Positive,6,False
এদের এখানে তো একদাম দামাদামিও করা যায় না বরং অনলাইনেই এর দাম কম,Negative,13,False
কোথায় এ জাযগা বলেন ৎ,Neutral,5,False
কোর্স ফি কত,Neutral,3,False
নষ্টামি ও হিংসার কারখানা হয়ে গেছে পুরা দেশটা,Neutral,8,False
পারফরম্যান্স ভালো,Positive,2,False
সুন্দর সুন্দর রান্নার রেসিপি দেওয়ার জন্য ধন্যবাদ,Positive,7,False
দালাল সংবাদিক টাকা খাইচে,Neutral,4,False
ভাই এই বাজার টা কোন জায়গায় কেউ কি বলবেন,Neutral,9,False
এই কেকগুলো তৈরি করে কি পাত্রে পাত্রটা কতটা স্বাস্থ্যসম্মত সেটা যাচাই করেন নিশ্চয়ই অ্যালুমিনিয়াম এবং সিলভারের পাত্রেবান তৈরি করে,Neutral,19,False
কাজের সময় হ্যাং হয়,Negative,4,False
সব দুই নংবার,Negative,3,False
আপনার ভিডিও দেখে অর্ডার করেছিলাম ৭ দিন হয়ে গেল ফোন ধরেও না আবার দেয়ও না সংশ্লীষ্ট মেইলে ইমেইল যায় না মনে হচ্ছে প্রতারনার শিকার হলাম,Negative,25,False
এরা হচ্ছে সব চোর আমার প্রতিটা লাইট একদিনের বেশি জলেনাই,Negative,10,False
এসব ব্লগাররা যায় আর রাধুনী ব্লগার বকবক করে ক্যামেরার সামনে মুখ থেকে কিছু তো থুথু পড়ে না,Negative,17,False
এরকম খাবার থাকলে তো আর কিছুই লাগে না খুবই খাবারগুলো টেস্ট তাইনা আপু অনেক লোভনীয় খাবার,Positive,16,False
আমার ভিষণ পছন্দ,Positive,3,False
গাড়ি আছে মালিক ওনি,Neutral,4,False
আপনার সাথে কথা বলতে চাই,Positive,5,False
সত্যি অসাধারণ একটা খাবার,Positive,4,False
বাংলাদেশে কেউ কারো উন্নতি দেখতে পারে না এটাই উন্নত দেশের সাথে আমাদের দেশের বড় পার্থক্য,Neutral,15,False
এর পরেও কি প্রশাসন ঘুমিয়ে থাকবে,Negative,6,False
সবগুলো চেক করে নেওয়া যাবে,Neutral,5,False
সেই স্বাদের রান্না,Positive,3,False
তরে করতে চাঁদ পুরের ছেলেরাই যথেষ্ট,Neutral,6,False
আমার একপিছ লাগবে,Neutral,3,False
দেখেই খাওয়ার শখ মিটে গেছে,Negative,5,False
খাইছি আসলেই সেই স্বাদ,Positive,4,False
আপা আমার একটা কাজ খুব দরকার,Neutral,6,False
সত্যি কথা বলছেন ভাইয়া,Positive,4,False
কাঁকড়াগুলো দেখে আমার লোভ লাগছে,Positive,5,False
আমি পন্য আনছিলাম দেখায় একটি দেয় অন্য একটি,Negative,8,False
তারা ভাত খান,Neutral,3,False
খেয়ে শান্তি লাগছে,Positive,3,False
ভাই আপনি খাইলেন আমরা কেমনে বুজব,Neutral,6,False
আহা সেই স্বাদ,Positive,3,False
কিভাবে ১ আনা ৫ রতি হয়,Neutral,6,False
বাহারি ধরনের ভর্তা দিয়ে শীতে এই পিঠা খেতে অনেক মজা,Positive,10,False
আল্লাহ আমার ফুচকা খাওয়ার শখ সারা জীবনের মত মিটে গেছে মনে হয় আমি আর কখনো ফুচকা খাব না এটা দেখার পর,Negative,21,False
দেখেই বুঝা যায় অবস্থা,Negative,4,False
কঠিন সিদ্ধান্ত যেটা সবাই নিতে পারে না,Neutral,7,False
ভাই আপনার হোয়াটসঅ্যাপ নাম্বারটা দিয়ে দেন,Neutral,6,False
অনলাইনে কেনাকাটা করে সন্তুষ্ট,Positive,4,False
অন্যজনের আটি খাবার এত দাম দিয়ে কোন কারণে নেবে অস্বাস্থ্যকর খোলামেলা আটে খাবার এক বাটি নাকি ৫০০ টাকা আরে তরতাজা কাঁচা মাংস,Negative,22,False
ভাত রান্না করস দুইবার আমি ঝামেলায় পড়ছি একবার হইলো গলা ছলাপ সাধ নাই মজা নাই,Negative,15,False
সি ফুড দারুণ মজাদার,Positive,4,False
ভুলেও কেউ কিনবেন না একেবারে বাজে শাড়ি,Negative,7,False
তিষি দানাটা কি,Neutral,3,False
বলেন কি,Neutral,2,False
হাঁসের দোকানের পাশের দোকান চা যায় স্যুপ খেতে হলে ভাই এই দিকে তাকাই,Positive,13,False
আপু আমি আপনার কাছে থাকতে চাই,Neutral,6,False
আমার আইফোন চুরি হয়েছে জিডি করে মোবাইল পাইনি চুরির সব মোবাইল চুর মার্কেটে বিক্রি হয় এদেরকে রিমান্ডে নেওয়া হোক,Negative,19,False
তিনি খুবই ভালো মনের একজন মানুষ,Positive,6,False
মাস্টার কপি ফ্রী দিলেও তো নিবো না,Negative,7,False
খাওয়ার পর মনে ভালো লাগলো,Positive,5,False
অসাধারণ হইছে রান্না,Positive,3,False
বাসমতি চাল আমার পছন্দ না,Negative,5,False
লাভ আর লাভ,Neutral,3,False
আপু এটা চট্টগ্রামের কোন জায়গায়,Neutral,5,False
খাবার দেখেই বোঝা যাচ্ছে খাবার অনেক ভালো হয়েছে,Positive,8,False
এজন্যই এটা বা দেশ নিজের দেশ তার পরে ও বলতে হ,Negative,11,False
পাকিস্তান মনে হচ্ছে,Negative,3,False
৩ হাজার টাকা খরচ কইরা পরে ৩ হাজার টাকার মামলা খাওয়ার দরকার নাই,Negative,13,False
আমরা মাদারীপুর পোলাপান বাল ফালাইতেছি আমরা থাকি ইতালি,Neutral,8,False
ভাইজান আপনার নাম্বারটা কষ্ট করে দিলে ভালো হতো,Neutral,8,False
দিলে ভালো হতো ভিডিও ছিলো,Positive,5,False
গ্রাম্য ক্ষ্যাত যখন প্রথম ঢাকায় মার্কেটে যায় তখন এমন টাই বলে,Negative,11,False
দেশের নাম খারাপ করার জন্য এই ভিডিও যথেষ্ট,Negative,8,False
ভাই আমি ৪৫ হাজারের মধ্যে কম্পিউটার বানাতে চাচ্ছিআমাকে একটু সাজেশন দেন প্লিজ,Neutral,12,False
এটা কি মার্কেটে,Neutral,3,False
অমপ্রেই তূম ভেরববাজারজং,Neutral,3,False
মসলা খাঁটি মনে হয়েছে,Positive,4,False
এই চিংড়ি ভুনা দিয়ে ভাত খেতে ভীষণ মজা লাগে,Positive,9,False
এই মেয়ে হলো ১২ ভাতারি মেয়ে যখন যে ফ্রি খেতে দেয় তখন তার সুনাম করে,Negative,15,False
ভাই এই পেন্টগুলো ৩০০ টাকা করে পাওয়া যায়,Negative,8,False
আপনাদের অফিস কোথায়,Neutral,3,False
হিংসা নয় ভালোবাসা দিয়ে মানুষের মন জয় করতে হয় একে অপরের সাপোর্ট করে মিলে মিশে কাজ করলে তবেই সফলতা সম্ভব একা সফলতা আসবেই না,Positive,24,False
ভাইরাল হওয়ার ধান্দা,Negative,3,False
এটা ভিডিও করেছেন আবার সেই ভিডিও প্রচার করেছেন বাংলাদেশের সরকারের কি এই বিষয়ে কিছু বলার নেই প্রতি মাসে হোটেল রেস্তোরায় করা হয় আর বাংলাদেশের সরকার ভিডিও বানিয়ে পাবলিক কে সচেতন করছেন মানে কি পানি গড়াতে না ঢেলে আগাতে ঢালছেন,Negative,39,False
যদি মোবাইল এর উপর জিডি করা থাকে তখন,Negative,8,False
আর যে শাড়িটা আপনি ১৮০০ দিয়ে কিনছেন ওটা আরো ২বছর আগে আমি ১৫০০দিয়া কিনছি আপা,Negative,15,False
এই শালার পুতেরা গ্রেট মিথ্যুক গুলশান বনানী নামে মিথ্যা ছড়াচ্ছে,Negative,10,False
ডিটারজেন্ট দিয়ে বালতি পরিষ্কার কর,Negative,5,False
দারুন তো আপু শুনে খুশি হলাম ইনশাল্লাহ চালিয়ে যান ব্যবসা সামনের দিকে নিয়ে যান আরো সামনের দিকে,Positive,17,False
মাশাআল্লাহ খুবই ভাল,Positive,3,False
এটা কি পরাটাই সোনা থাকবে,Neutral,5,False
মাশাআল্লাহ জাজাকাল্লাহ খাইরান অনেক গরিব মানুষ অল্প করে হলেও খেতে পারবে,Positive,11,False
এগুলো ক্যান্সার সমৃদ্ধ পণ্য ত্বকে নানা রোগ হবে,Negative,8,False
চামড়ার ব্যবসা করলে জানায়েন আমি আসবো,Positive,6,False
বালতিতে গোসল করা হয়,Negative,4,False
ভাই বলতেই হবে বাংলাদেশে আমি বাদে সবার কাছেই টাকা আছে আমি শুধু ফকিন্নি,Negative,13,False
প্রোডাক্ট মোটামুটি মানের,Neutral,3,False
এটা কোথায় গুড়া মাছ এটাতো চিংড়ী গুড়ার চর্চরী,Positive,8,False
একদিন যাবো,Neutral,2,False
২০০ টাকা,Neutral,2,False
গ্যাবাডিন ফরমাল প্যান্ট কিনার ভিডিও দিলে উপকার হবে,Neutral,8,False
দারুন বিজনেস,Positive,2,False
আসলে ওনেক সুন্দর খাবার,Positive,4,False
দামটা বেশি,Neutral,2,False
ভিডিওতে অসহায় লোকটা অধীর আগ্রহে আপনার দিকে তাকিয়ে ছিল,Neutral,9,False
এই ব্যাটার ভিডিও তে ডিজলাইক দিয়েছি,Negative,6,False
এটা আমার ও অনেক পছন্দের,Positive,5,False
কোন পাপের বদলে যে জীবনে প্রথম এমন গুড়া মাছ দেখলাম,Positive,10,False
ভিডিওটা কাঙলুদেশের মনে হচ্ছে,Negative,4,False
লোভনীয় খাবার,Positive,2,False
সৌদি আরব ৩০ টাকা কিলো জাবাংলা টাকায় ৯৬০ টাকা,Neutral,9,False
আহা ইলিশ রে,Positive,3,False
একই বালতি সকালে ব্যবহার করেছে,Negative,5,False
জামালপুর থেকে বিজনেস করতে চাই,Neutral,5,False
সবজি ফ্রেশ পেয়েছি,Positive,3,False
দোকান কোথায় বসে,Neutral,3,False
আপনি এতো মানুষের ভিডিও করে অনলাইনে আপলোড করেন পারমিশন কি নেন,Neutral,11,False
অসাধারণ আপনার হাতের চুড়ি গুলো খুব সুন্দর,Positive,7,False
মসলা ঠিক ছিল না,Negative,4,False
কাঠের নকশা তৈরীর মেশিন কোন গোলিতে পাওয়া যায়,Neutral,8,False
খাবারগুলোকে তামাশা বানিয়ে ফেলেছিস,Negative,4,False
ব্যবসা ভালো হওয়ার ধান্দায় মাশাল্লাহ খুব ভালো,Positive,7,False
এটা কোন যায়গা এ যায়গার নাকি,Neutral,6,False
এক কথায় অসাধারণ হবে মনে হয়,Positive,6,False
এত বিদেশের মাটিতে বাঙ্গালি অতিরঞ্জাম,Neutral,5,False
সাবধান কেউ কিন্তে যাবেন না,Negative,5,False
ভাই ভিডিওটা দেখতে পাচ্ছি না নোটিফিকেশন আসছে,Neutral,7,False
আমার সাথেও এই রকম হয়ে ছে,Neutral,6,False
পণ্য আসতে অনেক সময় নিয়েছে,Negative,5,False
আপনার কাছ থেকে প্রোডাক্ট কিভাবে কিনবো,Neutral,6,False
লাইথ্যাইয়া ড্রেনের মধ্যে ফেলানো উচিত,Negative,5,False
আমার ২ টা মোবাইল চুরি হয়েছে এখনো কোন সন্ধান পাইনি,Negative,10,False
আমি আসতে চাই এটা কোথায়,Neutral,5,False
আমি চায়না থেকে করতে চাই,Neutral,5,False
পূজা এবং খাবারের ওপর একটা এপিসোড চাই,Neutral,7,False
চোর বাজার এবং চাঁদনি মার্কেট কি একই না আলাদা,Neutral,9,False
মাংস তা সব কিছু দিয়ে মিক্স করার পরে কিছু করেছিলেন ভাইয়া নাকি শেষে শুধু দম দিয়েছেন চাউল এর সাথে,Neutral,19,False
পরা যায়,Neutral,2,False
অনেক গুলো এনে ব্যবসা করতে চাইলে কিভাবে কি করতে হবে তখন তো কাস্টস চার্জ অনেক বেশি আসে যা প্রডাক্টের খুচরা বিক্রয় মূল্যের সমান এ নিয়ে একটা ভিডিও দিলে ভালো হতো,Neutral,30,False
আসসালামু আলাইকুম ভাইয়া অসাধারণ রেসিপি,Positive,5,False
ঠিকানা কই,Neutral,2,False
ইন্ডিয়ান কথাটা শুনেই তো রুচি চলে গেল,Negative,7,False
অসাধারণ খুব সুন্দর ধন্যবাদ,Positive,4,False
যারা যারা ওদের ওয়েবসাইটে অর্ডার করে পুন মারা খেতে চান,Negative,10,False
খুব সুন্দর অভিজ্ঞতা হলো,Positive,4,False
এগুলা কোম্পানি বানাইয়া দেয় এটা বুঝার জন্য মেধা দরকার,Neutral,9,False
মাংস খাইয়া পাই না খুল আ আবার মাংসের আচার,Neutral,9,False
আর খাবোনা জিবনে,Negative,3,False
মজাদার রেসিপি,Positive,2,False
১০৫১০ টাকা কিনা ২০০ টাকা বিক্রি,Neutral,6,False
লাভ কতো হয়েছে,Neutral,3,False
দারুণ কথা বলেছেন আপনি কেউ খেতে পারে না তো তাই অনেক দাম,Positive,12,False
এভাবে দেওয়া কি হলো,Negative,4,False
সুন্দর খানা পিনা,Positive,3,False
আমার ভাইয়ের ফোন চুরি হয়েছে,Negative,5,False
করা যাবে,Neutral,2,False
শুভকামনা রইল আপনার জন্য,Positive,4,False
ভাইয়া আপনার কোথায়,Neutral,3,False
ভাইয়া আমি ডেক্সটপ কিনতে চাই কিন্তু সাহস পাচ্ছি না,Neutral,9,False
এটা বন্ধ করে দেয়া দরকার,Negative,5,False
ঘোড়া চিংড়ি আরে এটা গুড়া চিংড়ি ঘোড়া চিংড়ি নয়,Neutral,9,False
সবাই আমার পেজে ঘুরে আসবেন,Neutral,5,False
জব করা যাবে,Neutral,3,False
খাবারের মধ্যে ময়লা ছিলো,Negative,4,False
প্যাকেজিং দুর্বল ছিল,Negative,3,False
ভাই লোকেশন টা দেন কোন জায়গায় আসবো,Neutral,7,False
পণ্য ব্যবহারযোগ্য না,Negative,3,False
অনেক অনেক অভিনন্দন,Positive,3,False
খুবই ভালো,Positive,2,False
এটা বাটপারি এত দামে কিনে কী বিক্রি করবে বাঙালি বাটপার তাই উন্নত না,Negative,13,False
আহা দেখি লোভ লাগছে,Positive,4,False
ঘড়ির দাম এটাই থাকবে নাকি দোকানে গেলে দাম বেড়ে যাবে,Neutral,10,False
কোন জায়গায় ঠিকানা দেন,Neutral,4,False
অনেক মজা করে রান্না করছেন আপু,Positive,6,False
ছবিগুলো ঝাপসা করা হয়নি কাজটা ঠিক হয়নি আশা করি সামনে থেকে এ জারীয় ছবির খেত্রে ব্লার করে দেখবেন,Negative,18,False
ওয়াও ইয়াম্মি,Positive,2,False
ও বু এমনে লোভটা যে ধরাইলা এখন তো আমার লাল পড়তেছে তোমাগো প্যাট খারাপ হলি কিন্তু আমার দোষ দিও কয়ে দিলাম,Neutral,21,False
মজার মাছ,Positive,2,False
সাভার একটা ব্রাঞ্চ করেন,Neutral,4,False
বাই ইস্টিক আছে,Neutral,3,False
আমি নিতে চাই,Neutral,3,False
এই দেশি চিংড়ি এখন বিলুপ্ত হয়ে গেছে,Neutral,7,False
ভাই দেখে তো খুব খাইতে ইচ্ছা করতেছে,Positive,7,False
ওয়াও মজার খাবার সব,Positive,4,False
বগলের ঘামও মিশে যায়,Negative,4,False
বাঁশ খাবে,Negative,2,False
সবার মাঝে এটা কি পিঠা,Neutral,5,False
রিমান্ডে নিলে পুরো চক্র ধরা যাবে,Negative,6,False
লোকেশনটা বলেন,Neutral,2,False
দোকানে গিয়ে দেখেন,Neutral,3,False
আমি কিছুই বলবো না যেহেতু আমি জানি না এদের সম্পর্কে আর অসম্ভব বলে কিছু নাই তাছাড়া কেকগুলো তো আহামরি কোনো ডিজাইন না ফিনিশিং দিয়ে শুধু খুবই সিম্পল ফুল দিয়েছে আর বড় মেশিনে এক সঙ্গে অনেক গুলো কেকের বেটার তৈরি করা যায় আবার বেকও একসঙ্গে অনেক গুলো করা যায় তাছাড়া একটা কাজ করতে করতে ওই কাজ অনেক সহজ হয়ে যায় বেটার তৈরি করে কেক বেক করতে যে সময় তারপর ডেকোরেশন খুব সহজেই হয়ে যায়,Neutral,73,False
ভালোভাবে কাজ করছে,Positive,3,False
ভাই একটা নাম্বার দিয়ে কয়টা ফেসবুক আইডি খোলা হয়েছে সেটা কি এখন দেখা যায় না,Neutral,15,False
আমরাও গিয়েছিলাম,Neutral,2,False
ওয়েটার বুদাই হয়ে গেছে,Negative,4,False
খাবার ঠান্ডা হয়ে গিয়েছিল,Negative,4,False
আপনি বাঙ্গালী হইয়া রান্না করেন হায়দ্রাবাদের তারপরে ধনেপাতা দিলেন কেন আপনি যত মশল্লা দিলেন সব টেস্টি নষ্ট শুধু একমাত্র ধনেপাতা দিনা পাতার কারণে,Negative,23,False
থেকে নেওয়া প্রোডাক্ট অরিজিনাল কিনা কনফিউজড,Neutral,6,False
রুপে চমক,Positive,2,False
পেন্ট টা কিন্তু ১৪০০ টাকায় ই দিয়ে দিছিল ভাইয়া,Neutral,9,False
এক বারে ঠিক আছে ৪০০ টাকা,Positive,6,False
ভাইয়ের হাইপ এত কম কেন আজকাল,Neutral,6,False
কত টাকা,Neutral,2,False
শীতে জমে যাওয়া ১০০ পিওর নারিকেল তৈল,Neutral,7,False
কি বলবো,Neutral,2,False
দামে সাশ্রয়ী প্রোডাক্ট,Positive,3,False
ভাইজান চাল সিদ্ধ ৬০ আর ৮০ এর পার্থক্য কিভাবে বুঝবেন,Neutral,10,False
ভর্তা গুলো দেখেই খিদে পেল,Positive,5,False
ফলো দিয়ে পাশে থাকবেন ফলো ব্যাক পাবেন,Neutral,7,False
মজা খাবার,Positive,2,False
এত রাজকীয় ভাবে মুরগীর গিলা রান্না হলো তবে খেতে দারুণ,Positive,10,False
ভোক্তা অধিকার অফিস ঠিকানা,Neutral,4,False
দাম কতো,Neutral,2,False
বাই দামকত,Positive,2,False
আমি এমনিতেই খাইনা,Negative,3,False
হালকা বয়সে চুল পাকলে কি করবো,Neutral,6,False
কাপড় সাধারণ মানের,Neutral,3,False
কলকাতা ৭৫০,Neutral,2,False
আমার খুব প্রিয় একটা মাছের ভুনা,Positive,6,False
চাচার মঙ্গল কামনা করছি,Positive,4,False
আমাদের পাছার ভীতরে গুরি কিরমিতে খোচে তাই কোনো লোকে কোনো কাজ করলে আমাদের ভালো লাগেনা,Positive,15,False
আমি খেয়েছি এবং খুব মজা,Positive,5,False
সত্যি নাকি,Neutral,2,False
অনেক ভালো ব্যবস্থা,Positive,3,False
ভালো থাকুন অনেক অনেক ধন্যবাদ,Positive,5,False
ঠিক বলেছেন,Neutral,2,False
রান্নার কালার খুব সুন্দর,Positive,4,False
ভাই এটা ঢাকা গুলিস্তান এটা চোরাই বাজার না এখানে সব কিছু পাইকারি জিনিস,Positive,13,False
এটা কোথায় অবস্থিত এবং ঠিকানা টা কি,Neutral,7,False
চুল পাকলে কি করবো,Neutral,4,False
ড্রপ শিপিং অথবা রিসেলিং ব্যবস্থা থাকলে ভালো হয়,Neutral,8,False
চোর ডাকাত ধরতে পারেন না মানুষ কাজ করলে সমস্যা,Neutral,9,False
চ্যানেল শেষমেষ পন্ডিতামি করতে গেল,Neutral,5,False
ভাইরাল হওয়ার জন্য এগুলো,Neutral,4,False
আমি ব্রাহ্মণবাড়িয়া সদরের ছেলে,Neutral,4,False
আরো কম দেয় ভাইব্লগারদের দেখলে ঠাসা করে ভরে দেয়,Negative,9,False
এই মার্কেট মানুষ অ্যাভয়েড করলে চুরি বন্ধ হবে,Negative,8,False
অনেক মজার খাবার আপু,Positive,4,False
হাঁসের দোকানের পাশে চায়ের দোকান যদি খেতে চাও তাহলে আপুর কাছে যাও,Positive,12,False
ঘামের ফোঁটাও মিশেছে মনে হয়,Negative,5,False
অনেক উপকার হলো ইনশাআল্লাহ যোগাযোগ করব,Positive,6,False
হাঁসের দোকানে পাশের দোকানে স্যুপ পাওয়া যায় সব খেতে হলে তাহলে ভাইবোনরা এদিকে তাকান,Positive,14,False
চায়না কপি ফোন পুলিশ ধরবে,Negative,5,False
ধরেন একটা এন্টিক পিস কিনে আনলেন পরে সেটার সাথে একটা ভূত ও চলে আসলো কেমন হবে ব্যাপার টা,Neutral,18,False
প্লেটের প্রতিটি আইটেম অসাধারণ,Positive,4,False
নতুন ব্যবসা করতে চাই কিভাবে শুরু করবো,Neutral,7,False
মাশাআল্লাহ অনেক মজার রান্না হয়েছে মুরগির গিলা আমার অনেক পছন্দ,Positive,10,False
মান অনুযায়ী দাম ঠিক,Positive,4,False
ভিডিও করার জন্য এত খাবার দিয়েছেবাস্তবে এমন না,Neutral,8,False
কোন যায়গায়,Neutral,2,False
বাহ বাহ চমৎকার,Neutral,3,False
আমাদের আল্লাহ যাকে বড় বানাইতে চান তখন কেউ নিচে পারবেনা ইনশাআল্লাহ আর আমাদের বাংলাদেশের মানুষ সব সময় মানুষ কে ছোট করে থাকেন কিবারে নিচে নামাইতে পারবে ইবলিশ শয়তানকে ও হার মানাবে বাংলাদেশের মানুষরা এই জন্য বাংলাদেশ সব সময় পিচে থাকতেছে কোনো উন্নয়ন নাই যারা চোরি চাঁদাবাজি করে তাদের কে দেখেনা এমন শয়তান মানুষ,Neutral,53,False
বাসমতি চাল দিয়ে আসল বিরিয়ানি খেলে এর থেকে ভালো আর কেউ বানাতে পারবে না,Positive,14,False
আপনাদের মত ইউটিউবারদের দরকার কি জানেন রিপোর্ট দেওয়া,Neutral,8,False
খুব ভালো লাগলো আপু আপনার ভিডিও,Positive,6,False
কমদামে ঘড়ি কেনার ভিডিও বানাবেন,Neutral,5,False
বাংলাদেশ কাপড়ে সারাবিশ্বে কত তম জানা আছে কি,Positive,8,False
খাওয়ার পর অনুতপ্ত হয়েছি,Negative,4,False
দাদা অনলাইন ক্লাসের সুবিধা আছে,Neutral,5,False
করিমউল্লাহ মার্কেটে মোবাইল ব্যবসায়ী চোর,Negative,5,False
াস্তাগফিরুল্লাহ হাল্লাজি লা ইলাহা ইল্লাহুয়াল হাইয়ুল কাইয়ুম ওয়াআতুবুইলাইহি আলহামদুলিল্লাহ আমার দ্বারা কেউ একজন তওবা করলো,Positive,15,False
খুব সুন্দর আর ভালো লাগলো ভিডিও টা,Positive,7,False
অনেক সুন্দর হয়েছে রান্নাটা,Positive,4,False
একবার খেলেই ভক্ত হয়ে গেলাম,Positive,5,False
ভাই রেস্টুরেন্ট টা কি আরমানি লাউঞ্জ নামে পরিচিত,Neutral,8,False
চমৎকার রেসিপি,Positive,2,False
ভালো একটাতে ২ টা বড় কম্বল রাখা যাবে কোয়ালিটি ভালো নিতে পারেন,Positive,12,False
ভাই এই দোকানদারের বাসা কোথায় একটু প্লিজ জানাবেন,Neutral,8,False
দোকানের নাম আর নাম্বার কত,Neutral,5,False
আসসালামু আলাইকুম লোকেশন কোথায় ভাইজান,Neutral,5,False
মেথি কালো জিরা ভেজে নিবো স্যার,Neutral,6,False
চোরাই ফোন,Negative,2,False
৪ পিচ এ ১ কেজি ৩২০০,Neutral,6,False
দারুন সব ভর্তা,Positive,3,False
আপনার কোর্সের মূল কত,Neutral,4,False
হই পাবলিক তো বোকার মতো দাম জানার পরও দোকান থেকে কিনবে,Negative,11,False
চরভোদা আবার কি,Negative,3,False
আপনার সাথে ব্যবসা করতে চাই ভাইয়া,Positive,6,False
খাবার হলে ঠিকভাবে বিক্রি কর নিরাপদ আর পরিষ্কার রাখ,Negative,9,False
দোকানটা কোন জায়গায়,Neutral,3,False
ভাই যে দাম বলতাছেন আমাদের শহরে কম দামে পাইকারি দেয় কম পাইলে নিতে পারি,Neutral,14,False
এগুলো খেলে মানুষের পেটে ১০০ সমস্যা হবে এগুলো রাস্তার খাবার,Negative,10,False
এখানে গেলে আর ফোন পাওয়া যায় না,Negative,7,False
যারা ক্রয় করেছে তারাই চোরের গড ফাদার,Negative,7,False
এটা মতিঝিল কোনদিকে,Neutral,3,False
ভাই অনেক দিন হলো একটু খাওয়াবেন,Neutral,6,False
দাদা বলছি ভেলিভারি করবেন,Neutral,4,False
গ্লাভস ছাড়া খুব বিরক্তিকর,Negative,4,False
গুলিস্তান এর মাল একদম ফালতু,Negative,5,False
রামপুরা বনশ্রী মেরা দিয়া হাট বুধবার,Neutral,6,False
আমি সৌদিতে হায়দ্রাবাদি বিরিয়ানি হোটেলে কাজ করি,Neutral,7,False
হেয়ার নেইট এবং হাতে হেন্ড গেলাপ্স নেই কেন সাস্থ্য কর বাবে খানা তৈরী জরুরিতানা হলে জরিমানা আওতায় আসবে,Negative,18,False
ভাই আপনি মোবাইল এর রিভিউ দেন ওটাই ভাল আপনার কম্পিউটার সম্পর্কে স্টাডি কম এটা ২০২৪ সাল এমনভাবে বলছেন মনে হয় এটা ২০০০ সাল এখন যারা কম্পিউটার ব্যবহার করছে এবং কিনছে তারা আপনার থেকে অনেক ট্যালেন্ট এ বিষয়ে,Negative,37,False
টাকা দিয়ে এর থেকে ভালো মাছ পাওয়া যায় আপু ঠিক বলেছেন,Positive,11,False
না ছড়ায়ে সত্যটা জেনে বলা উচিৎ,Negative,6,False
রাস্তাটা ছেড়ে দিন,Negative,3,False
শুভকামনা রইলো,Positive,2,False
আপনার আর কত লাগবো,Neutral,4,False
ওর জামাই ওর দেহের চাহিদা মেটাতে পারে না তাই রাস্তায় নামছে নষ্টামি করার জন্য আর নাহয় গাড়ি বাড়ি থাকতে কেন তার এসব করতে হবে,Negative,24,False
বলতেই পিছনের লাল ড্রেস আপুর লুক,Neutral,6,False
হ দেখছি গোলামের হোটেল যেখানে মানুষ আর মাছি একসাথে খায় এটার সাথে গু খান,Negative,14,False
শাউয়্যার নিউজ চোদান সাইটের নামটাই তো বলতে পারলেন না,Neutral,9,False
সুন্দর তথ্য ছিলো,Positive,3,False
আজুবা বেস্ট চা,Positive,3,False
আমার প্রিয় এগুলা,Positive,3,False
কি চমৎকার হয়েছে রান্নাটা,Positive,4,False
ভাই কেনাকাটার দরকার পড়ে কিন্তু ভয় লাগে এখানে ঠকার চান্স নেই তো,Neutral,12,False
ভাই দেইখা তো জিভে জল এসে পড়ল পার্সেল করে পাঠিয়ে দেন আমি ঢাকা মগবাজারে থাকি খরচ টা বলবেন পাঠিয়ে দেবো বিকাশে,Positive,21,False
ভাই আমি নিজেও কেক বানাই প্রচুর টাইম লাগে ফিনিশিং আনতে ডেকোরেশন করতে জীবনেও সম্ভব না তাড়াতাড়ি কেক বানানো তারপরে তো এত এত কেক উনার স্ত্রীর জীবনেও একা বানাতে পারবে না,Neutral,30,False
মেয়ের দাম বলাটা একদম পারফেক্ট,Positive,5,False
খুব খুব সুন্দর,Positive,3,False
ভিউ লোভে লোভী,Negative,3,False
কেক গেছে,Neutral,2,False
পরিবেশ নিয়ে অভিযোগ ভোক্তা অধিদপ্তর,Negative,5,False
ভাই আপনার কাছে একটি অনুরোধ থাকবে যেকোনো ভাষার ভিডিও বাংলাতে ডাবিং করা যাবে এমন কোন অ্যাপস বা সফটওয়্যার আছে কি প্লিজ থাকলে একটি ভিডিও দিন,Neutral,25,False
অন্য দোকানের বদনাম করা উচিত হয় না নাম ধরে বলছেন তাই,Negative,11,False
খুব ভালো বলেছেন,Positive,3,False
অনেক কিছু দিছি কাম হয় না,Negative,6,False
তারপর আবার উপর থেকে বোম্বাই লঙ্কা আপনারা তো বলছিলেন ভারতের কোন জিনিস নেবেন না যতসব ভাওতাবাজি,Negative,16,False
ভাই আপনি যে ওয়েবসাইট থেকে জিনিস কিনতে বলেছেন ওই ওয়েবসাইটের লিংক দেন নাই কেন,Negative,14,False
একে আইনের আওতায় আনা উচিত,Neutral,5,False
আমার তিন মাস আগে নিয়েছে,Negative,5,False
জুয়েলারি ড্রেস এ কোড বসানোর কাজ,Positive,6,False
টাকা মারা খাওয়ার সহজ বুদ্ধি,Negative,5,False
ভিডিও কোয়ালিটি অনেক ভালো হয়েছে এগিয়ে যাও,Positive,7,False
খালাকে দেখে আমি তো পুরাই অবাক,Positive,6,False
কিভাবে যোগাযোগ করবো বিস্তারিত জানতে চাই,Neutral,6,False
রুটি দিয়ে দারুণ লাগে,Positive,4,False
হাস একটু শক্তই বেশি ভালো লাগে গলেই ভালো লাগে না,Neutral,10,False
আসসালামু আলাইকুম ওয়ারাহমাতুল্লাহ আপনার সাথে কথা বলার ছিলো খুব দরকার একটা বিষয় জানার জন্য,Neutral,14,False
খাবার জিনিস নিয়ে এমন করা ঠিক না,Negative,7,False
মামা কট খাইছে এইবার,Neutral,4,False
ভাই আমরা অনুষ্ঠানে সব সময় লম্বা মিটা থাকে ইকটারে আমরা ডাকি খাটা,Neutral,12,False
কাউকে বাদ দিবো না যে দিবে ফলো থাকেই ব্যাক দিবো,Neutral,10,False
সব নামে চিনি না আমি কি ব্যবসা করতে পারবো,Neutral,9,False
রক্ত ঘাম সব মিশিয়েছে,Negative,4,False
আমার সাদা মনে কালা প্রশ্ন ব্রাহ্মণবাড়ীয়ার বউয়ের দিকে কি কুমিল্লার মানুষ গিয়ে তাকাবে নাকি তাদের এলাকার মানুষই তাকাবে হিসাব ক,Neutral,20,False
সেদিন ২কেজি দই কিনছিলাম দোকান দার বলে সেদিন এর ই বানানো বাসায় এসে খেয়ে বুঝলাম মিনিমাম ৩৪দিন আগে বানিয়ে ফ্রিজে রেখে বেচছেসবজির দোকানের একি অবস্থা মাংস দোকান ও তাইবাচ্চার জন্ম দিনে কেক ওডার দিয়ে আসলামযেদিন আনতো গেছি বুঝলাম পুরানো কেক শুধু ডিজাইন করে দিছেতার আগে এক দোকান থেকে পাকা পেপে কিনছিদোকানদার বললো গাছ পাকাবাসায় এসে কেটে দেখি ভিতরে বিচিই হয়নাইতো এই কেক ওয়ালা একা নয় এই দেশের সব কিছু এভাবেই বিক্রি হয়সেসব নিয়ে কারো মাথা বেথা নাই,Neutral,77,False
টা খুব নিতে ইচ্ছা করেছিলো,Negative,5,False
খাশি জবাইমজা করে বলা,Neutral,4,False
এসি ডিসি লাইট মিনিট জলে আবার বেশিরভাগ লাইট দিছে সব নষ্ট,Negative,11,False
চমৎকার আলু বেগুন টমেটো ভর্তা,Positive,5,False
সালামালাইকুম ভাইয়া আমাকে কল দিতেছি কল রিসিভ করতেছে না,Neutral,9,False
কথাগুলো সত্যিএকদম কোন ভুল নেই,Positive,5,False
এরে চিংড়ি মাছ তো সেই লবনি হইছে দেখলে তো মুখে পানি এমনি পড়ে যাবে,Positive,14,False
দেখেই লোভ লাগছে,Positive,3,False
সেই স্বাদ আপু,Positive,3,False
একটা কেক বিক করতেই অবস্থা খারাপ হয় সত্যি বলে বিক্রি করলে সমস্যা কোথায় বাটপার দিয়ে ভরে গেছে দেশ আর বাংঙালির এমন অবস্থা গু যদি ভাইরাল হয় সেটাও খাবে,Negative,28,False
কে দন্যবাদ,Positive,2,False
এই দোকানের ঠিকানা কোথায়,Neutral,4,False
এসব বেশি করছে হোমমেড কেক বানায় যারা বিক্রি করে বেশি দামে তাই সহ্য হয় না,Neutral,15,False
ভাইয়া আপনার দোকানটা কোথায় প্লিজ বলুন আমার এরকমই ব্যাটটি দরকার বুঝছেন প্লিজ বলুন এরকম এরকম সেম টু সেম ব্যাট চাই ভেদাম কত পড়বে একটু কমেন্টে বলে যান,Neutral,27,False
ভাই একদম নিঃসন্দেহে সঠিক,Positive,4,False
দক্ষিণ আফ্রিকা থেকে,Neutral,3,False
ভিডিও দেখলাম ভালো লাগলো,Positive,4,False
এখন বুঝলাম কেন বাবুর্চিদের বিরিয়ানির স্বাদ আলাদা এবার আমিও ট্রাই করব এই গোপন টিপস ধন্যবাদ এমন মজার তথ্য শেয়ার করার জন্য,Positive,21,False
একেবারেই খাওয়ার মতো না,Negative,4,False
গেছিলাম একদিন গলা কেটে রাখছেএক প্লেট গুড়া মাছ ১২০ টাকা,Positive,10,False
আমি মনে করি এই ব্যবসাটা হালাল,Positive,6,False
গ্রাম কোথায় গ্রামের নাম বলেন,Neutral,5,False
খুব সুন্দরভাবে প্রস্তুত,Positive,3,False
দারুন ভিডিও,Positive,2,False
তাদের মতো খেতে পারতাম জীবন সারথোক হয়ে যেতো,Positive,8,False
আনহেলদি সমস্ত খাবার চর্বি মোটি ভালো না শরীরের পক্ষে হার্টের উপর প্রচন্ড চাপ পড়ে শরীরে কোলেস্টেরল বৃদ্ধি করবে,Negative,18,False
এনার সাথে কি যোগাযোগের মাধ্যম বলা যাবে,Neutral,7,False
আর যে তেলে ভাজে সেই তেলে গু ভেজে দিলেও পিয়াজুর মতো লাগবে,Positive,12,False
টাকা মেরে দেবে না তো,Negative,5,False
মাছের বিরিয়ানি রান্না দেন,Neutral,4,False
আমার মোবাইল চুরি হয়েছে হবিগঞ্জ থেকে,Negative,6,False
ব্যবসার হোগা মারা সারা,Neutral,4,False
স্মার্ট চোরাই ফোন গ্যালারি,Negative,4,False
আপনার সিস্টেম আমার সিস্টেম আলাদা ভাইয়া,Positive,6,False
ভাইজান অনেক উপকার হলো,Positive,4,False
প্রোডাক্ট দেরিতে এসেছে,Negative,3,False
আল্লাহ তায়ালা বরকত দান করুন,Positive,5,False
গোসল করা হচ্ছে নাকি,Negative,4,False
দেওয়ার পর কোন ব্যবহার করবো,Neutral,5,False
এর দাম কত,Neutral,3,False
এটি সেই মজা,Positive,3,False
আমারে রাখবেন না,Neutral,3,False
হ্যাঁ আমার প্রশ্ন ছিলো আমি ও কেক বেকার ২ ঘণ্টা লাগে একটা তার বউ বানায় ঠিকই ৩৪ টা সে দেখেছে সেল বেশি তাই বাকি গুলো কিনে এনে অ্যাড করে,Neutral,29,False
মসলা বেশি ঝাল না,Positive,4,False
কাজ হয় না,Negative,3,False
বেতন কতো,Neutral,2,False
সৌদি থেকে দেখতেছি,Neutral,3,False
হাঁস দেখে খেতে ইচ্ছা করছে,Positive,5,False
স্বাদ আলাদা কিছু না,Neutral,4,False
এক ভিডিও তে বললো এক ওবেন এ ১২টা করে হয়,Neutral,10,False
ভাই আপনাকে বলছি বড়লোকরে শুধু বড়লোক না গরিবরা আরো বিস্ফোরণ এটা আপনাকে বললাম,Neutral,13,False
অনেক লোভোনিয়ো হইছে,Positive,3,False
আমি যাচ্ছি কাঁকড়া খুঁজতে আপনারা থাকেন,Neutral,6,False
আমার শালার ফোনটা এখানে আছে,Negative,5,False
ধুলাবালি ফ্রী,Negative,2,False
আপনার দোকান কোথায়,Neutral,3,False
সেম প্রসেসে আমিও রান্না করছি আমারটাও টেস্ট অনেক ভালো হয়েছে কিন্তু আমি ধনিয়া পাতা পুদিনা পাতা দেইনি বাকি সব প্রসেসিং সেম ছিল আলহামদুলিল্লাহ ফাস্ট ট্রাই ংয়ে টেস্ট মাশাল্লাহ,Positive,28,False
পণ্যটি ব্যবহার করে সন্তুষ্ট,Positive,4,False
হাঁসের দোকানে পাশে দোকান কি তোমার দুধ পাওয়া যায়,Neutral,9,False
এতো গিলা কোথায় পেলেন দারুন হয়েছে আপু,Positive,7,False
ছি মাংসের মধ্যে লোম দিয়ে ভরা ভালোমতো পরিষ্কার করে নাই,Negative,10,False
বেশি লোভ ভালো না,Positive,4,False
এগুলা শুনলে টাকলা হইয়া যাবেন,Negative,5,False
আমার দুইটা মোবাইল চুরি হয়েছে জিডি আছে ফেরত পাবো কি,Negative,10,False
কোর্সটি কত সালে রেকোর্ড করা,Neutral,5,False
গিলা আমার খুব পছন্দের,Positive,4,False
ধৈর্যের ফল মিষ্টি হয় আপু,Positive,5,False
ভাই বিরিয়ানিতে ধনিয়া পাতা দেই আজ প্রথম দেখলাম যতসব ফালতু বিরিয়ানির স্বাদ আলাদা ধনিয়া পাতা আলাদা ধনিয়া পাতা দিলে পুরো খাবার টাই নষ্ট হয়ে যায় কি দেখে ভাই আপনি ধনিয়া পাতা দিলেন,Negative,32,False
চিংড়ি আমার খুব পছন্দের,Positive,4,False
সুন্দর ভিডিও,Positive,2,False
অনেক ভালো লাগছে খুব সুন্দর হয়েছে ঠিক বলেছেন আপু,Positive,9,False
মানে এতো যাচাই করে আপনাদের খাইতে কে বলছে আপনাদের একজন ঘুরে দাড়াতে গেলেই আপনাদের সমস্যা তারে কেমনে নামানো যায়,Neutral,19,False
চিংড়ি ভুনা ভাত দিয়া খাইতে অসম্ভব মজা,Positive,7,False
সেফফন ওয়াটার কি,Neutral,3,False
র্যাকেট ওয়ার্ল্ড এর আরও ভিডিও চাই,Positive,6,False
অল্প বয়সে চুল পাকলে,Neutral,4,False
খাবার নষ্ট হয়ে গেছে,Negative,4,False
২৫ হাজার হলে বেস্ট ডীল হতো,Neutral,6,False
এই বিজ্ঞাপন দেওয়ার জন্য দোকানদারের কাছ থেকে কত টাকা নিয়েছেন,Neutral,10,False
বাংলার মানুষ শুকনা গু যদি রং বেরং দিয়ে দেয় পাগল হয়ে খাবে,Neutral,12,False
মাশাল্লাহ অনেক সুন্দর হয়েছে ভিডিও টা অনেক অনেক ধন্যবাদ ভাই আমাদের কে এরকম ভিডিও উপহার দেওয়ার জন্য,Positive,17,False
ভালো মেয়েরা কখনো ক্যামেরার সামনে আসে না সস্তা থার্ড ক্লাস,Negative,10,False
ভাইয়া যেকোনো দেশে যাওয়ার জন্য ভিসা কিভাবে করে এই নিয়ে একটা ভিডিও বানান দয়া করে আমার খুব প্রয়োজন,Neutral,18,False
ভাই আমিওও কোক,Positive,3,False
আপুকে অনেক কিউট লাগে,Positive,4,False
বারবার অর্ডার করতে ইচ্ছে করবে,Positive,5,False
ঢাকা কোন জায়গায় জানেন ভাই নাম্বার থাকলে পাঠাইয়া দিয়েন কনটেক করমু ওকে,Neutral,12,False
ব্যাডাগো ঘষা খাওয়ার জন্য টাকার জন্য না,Negative,7,False
হাসের দোকানের পাশের দোকান চা পাওয়া যায় সুপ খেতে হলে ভাই জলদী চলে আয়,Positive,14,False
পরবর্তী পার্টটা দিয়েন ভাই,Positive,4,False
স্বাদ আর পরিবেশনে একেবারে টপ ক্লাস,Positive,6,False
এটা তো পায়েস হয়ে যাবে,Neutral,5,False
প্যাকেজিং ঠিকঠাক ছিল,Neutral,3,False
আর কিছুই কী নেই খাবার,Neutral,5,False
এটা কনো ভাবে হতেই পারে না একজন লক এক সাথে এক দিনে এতো গুলো কেক বানাতে পারে তাও আবার ঘোরের মধ্যে কি করে সম্ভব,Neutral,24,False
ওয়াও চমৎকার সুপ খেতে হলে চলে আসেন ভাই,Positive,8,False
এই ব্লগার নিজেই বাটপার,Negative,4,False
সিলেটের সব চুরাই মোবাইল মনে হয় এখানে যায়,Negative,8,False
এগুলো ছোট খাবার আর ওয়ালারা যেটা পায় সেটাই খায় নাকি,Neutral,10,False
চিংড়ি মাছ রান্না অনেক মজার লাগতেছে,Positive,6,False
দারুণ হয়েছে দেখতে দেখেই পেট ভরে গেছে দেখার ও একটা মজা আছে তাইনা,Positive,13,False
একটু কালো ধনের অভাব,Negative,4,False
আপনার রান্নার ভিডিও গুলো আসলেই সুন্দর,Positive,6,False
আমার দুইটা মোবাইল চুরি হয়েছে,Negative,5,False
মজার খাবার আমার ও অনেক পছন্দের খাবার,Positive,7,False
দেখতে অনেক ভালো লাগলো জীবে জলে এসে গেছে,Positive,8,False
ভাই ঠিকানাটা ভালো করে দেন,Neutral,5,False
খাঁটি নারিকেল তেলেই তো পাওয়া যায় না স্যার,Neutral,8,False
সস্তা মাল পক পক,Negative,4,False
ভাই এটা কোথায় অবস্থিত,Neutral,4,False
আমার অনেক বেশি পছন্দ,Positive,4,False
কয়দিনের জন্য খুলছে জিগ্যেস করেন নি,Neutral,6,False
যে জিনিস দেখতেই ভক্তি লাগেনা সে জিনিস খাওয়া যায়না কখনো কেমন গা গুলোচ্ছে দেখেই,Negative,14,False
সেকেন্ড হ্যান্ড মোবাইল বিক্রি করা বন্ধ হোক,Negative,7,False
দেখে লোভ লাগলো,Positive,3,False
কোথায় বললে না রেসপন্স নাই ব্যবসা সফল হবে কিভাবে,Negative,9,False
ছিঃ ছিঃ এদের কে কঠিন সাসতি চাই,Negative,7,False
এদের কে এভাবে পারানো উচিত,Negative,5,False
বাংলাদেশ উন্নত দেশ,Neutral,3,False
খিদে পেয়ে গেল,Neutral,3,False
আপনার কাছে কি সব ফোনই জাতীয় ফোন,Neutral,7,False
বাচ্চারাও খুশি,Positive,2,False
শুভ কামনা রইলো আপু,Positive,4,False
টিকটকে ফেসবুক কোথায় জাওয়া যায় না এই লোকের ভিডিওর জন্য শেষ মেষ ইউটিউব এ,Neutral,14,False
ভিডিও অনেক,Positive,2,False
২ বছরের মেয়ের মাথায় চুল নাই,Neutral,6,False
সাত বছর ব্যবসা করছি ভালো ঘর তুলতে পারি নাই আর বলে ২ বছরে বিল্ডিং তুলবে,Negative,15,False
ভাই আমি সৌদি আরবে অনেক বার খেয়েছি,Neutral,7,False
মজাই মজা,Positive,2,False
আমাদের ব্রাহ্মণবাড়িয়া ছেলে মানেই আগুন,Positive,5,False
ঠিকঠাকই আছে,Neutral,2,False
মহিলা মোবাইল চোরও আছে,Negative,4,False
ভাই আমও নিতে চাই,Positive,4,False
আমাদের অপরুপ প্রকৃতি চাকরির থেকে ব্যাবসা ভালো এরকম যদি বেকার ছেলেরা করে তাহলে বেকারত্ব কিছুটা দূর হবে,Positive,17,False
জীবনে এডি দেহাও বাকি আছিলো মাইনসে বিলে ছাগলের হ্যাডা আর দানাও খায় হালা পাডার পো পাডা তরে পয়দা করসে কেডা,Negative,20,False
অনলাইনে পাওয়া যাবে আপু,Neutral,4,False
দারুন ভাই,Positive,2,False
অনেক অনেক ভালোবাসা রইলো ভাই ইনশাআল্লাহ সবসময়ই আপনার পাশে আছি আপনার জন্য দোয়া করি ভাই আপনি সফলতার চূড়ান্ত শিখরে পৌঁছে যান,Positive,21,False
খুবই তেলতেলে খাবার,Negative,3,False
এজন্যই মানুষ রেস্টুরেন্টে বিরিয়ানি খেতে যায় বিরিয়ানি রান্না অাসলেই অনেক সময়সাপেক্ষ আর ধৈর্যের ব্যাপার,Positive,14,False
ম হইসে চামড়ার ব্যবসায়ী,Negative,4,False
সব বাজে মাল,Negative,3,False
খাওয়ার অভিজ্ঞতা অসাধারণ,Positive,3,False
কোথায় লোকেশন জানাবেন,Neutral,3,False
ইসরে ভাই চুট্ট বেলা নিজে মাছ মেরে কেতাম এভাবে,Neutral,9,False
এদেরকে কঠিন শাস্তির আওতায় আনা হোক সবার প্রিয় এই মুখরোচক খাবার এভাবে কেন তৈরি করবে খওয়া বাদ না দিয়ে সাস্হসম্মত ভাবে তৈরি করলেই হয়,Negative,24,False
আমি একটা পিসি ভিডিও এডিটিং এর জন্য বানাতে চাই ৬০ হাজার এর মধ্যে এখন কি কি কনফিগারেশনে কিনলে আমি ভালো কাজ করতে পারব দয়াবশত যদি বলতেন,Neutral,26,False
মেয়েটা ১০০ জিনিয়াস,Positive,3,False
আবার অর্ডার করবো,Positive,3,False
আরো অনেক দোকানে এরকম পাবে,Neutral,5,False
ব্যাপারটা অনেক ভালো ছিল,Positive,4,False
মানুষ কতোটা খাচ্চর হইলে মাল বের হওয়া নুনু খায় ছি,Negative,10,False
আল্লাহ আমি খেতে চাই,Positive,4,False
মাশাআল্লাহ ব্যবসার সম্পর্কে খুব সুন্দর উপদেশ এবং আইডিয়া ভাইয়া,Positive,9,False
হুফফাজ ট্রেনিং সেন্টার প্রোমো পোস্ট,Neutral,5,False
আপনি একজন সাহসী মেয়ে,Positive,4,False
খাবারে পা লাগানো ঠিক নয় এতে আপনাদের রিজিক দিন দিন নষ্ট হবে,Negative,12,False
সুন্দর শাড়ি,Positive,2,False
দোকানটা কোথায় আপু,Neutral,3,False
এই খাবার প্রত্যাশার চেয়ে অনেক ভালো,Positive,6,False
১৫০০ টাকার মধ্যে রেকেট দেখান,Neutral,5,False
বন্ধুদের সাথে শেয়ার করার মতো খাবার,Positive,6,False
আমি কিন্তু সেম রেসিপি কাল রান্না করেছিলাম খেতে কিন্তু অসাধারণ ছিল,Positive,11,False
গুটি কাকা,Neutral,2,False
আমাদের এখানে কাঁচা মাংস ৮০০,Neutral,5,False
ফেসবুক পেজ খুললে অর্ডার দিতে পারতাম,Neutral,6,False
ভিডিও আরো একটু বেশি সময় নেওয়া দরকার ছিল,Neutral,8,False
সিমি আপু অনেক বড় দোয়া রইলো উনার জন্য অনেক পরিশ্রম করে,Positive,11,False
লোবনিও খাবার,Positive,2,False
আলহামদুলিল্লাহ শুভ কামানো রহিলো ভালো উদ্যোগ সাধুবাদ জানাই,Positive,8,False
এদের বিরুদ্ধে ত কিছু করা উচিত,Negative,6,False
আমার একটা মোবাইল চুরি হয়েছে,Negative,5,False
আমার ও অনেক পছন্দের খাবার গিলা,Positive,6,False
দারুণ হয়ছে,Positive,2,False
চামচ দিয়ে নেরে হাত দিয়ে দেয়,Negative,6,False
ঠিকানা বলেন ভাই দ্রুত সময় কিন্তু সব ঝরোটার পর,Neutral,9,False
বাইরে দেখলে সবাই আমাদের ইন্ডিয়ান বলবে,Neutral,6,False
ওয়াও ইয়ামি,Positive,2,False
১ মাস ধলে খাচ্ছি কোনো ফলাফল পাচ্ছি না,Negative,8,False
এদের কে শাস্তি দেয়া দরকার,Negative,5,False
ভাই চলেন এইটার মিশনে যাই একদিন,Neutral,6,False
ভাই রেকেটের দাম কত,Neutral,4,False
কনো দিন যাইতে পারলাম না শুধু দেখেই গেলাম,Neutral,8,False
ইউনিক স্টাইলে খাবার দিচ্ছে খাবারের টেস্ট কেমন,Positive,7,False
আমার মোবাইল চুরি হয়েছে জিডি করা আছে পাবো না,Negative,9,False
ভাই ৫ বছর আগে ভিডিও দিয়েছিলেন এখন ২০২৫ সালে কোন প্রসেসর সেরা ভিডিও চাই,Neutral,14,False
বেতন আপনাদের যা খুশি তা দিয়েন,Neutral,6,False
এই অভ্যাস নিষিদ্ধ এবং ভারী নিয়ন্ত্রিত করা আবশ্যক এছাড়াও আমি মনে করি সবাই এই ঘৃণ্য অভ্যাস করে না তাই যারা এই ঘৃণ্য অভ্যাস করছে তাদের সতর্ক ও নিয়ন্ত্রিত করা উচিত,Negative,30,False
বস্তির মেয়ে,Neutral,2,False
একবার রোস্ট নিতে চাই,Positive,4,False
মার্কেটিং করার জন্য পণ্যের ক্যাটালগ আছে,Neutral,6,False
অর্ডার দেরি করে এসেছে,Negative,4,False
কিছু বাংলা কিছু ইংরেজী উনি এনহেন্স এর বাংলা জানে না,Neutral,10,False
খাসির গু আর বাপিদার বানু ত বাকী গেল কেন ওটাও কর,Neutral,11,False
প্রথম কমেন্টে,Positive,2,False
পানিটা কখন পান করবে ভরে পেটে নাকি খালি পেটে,Neutral,9,False
থাকতে পারে,Neutral,2,False
ঠিক বলছেন আপু,Positive,3,False
কোরবানির আগে আমার ফোন চুরি হয়েছে,Negative,6,False
আজ গরিব বলে ও পাইনা,Negative,5,False
এটা ভাতের দোকান কোথায় ভাই,Neutral,5,False
আলু ভর্তা বেগুন ভর্তা টমেটো ভর্তা সবগুলোই আমার প্রিয়,Positive,9,False
৪০৩০০ টাকায় নতুন চাচ্ছেন নাকি,Neutral,5,False
খাবারটা দেখতে খুবই লোভনীয়,Positive,4,False
টাকা থাকলে উটের মাংস কেন হরিণের মাংস খেতে পারে আর আমরা সাধারণ মানুষ গরুর মাংস খেতে পারছি না,Neutral,18,False
দারুন তো বিষয়টা,Positive,3,False
আহা দেখেই লোভ লোভ লাগে,Positive,5,False
বন্ধুরা চলো সবাই সবাইকে সাপোর্ট করি,Positive,6,False
খুব সুন্দর ইয়াম্মি,Positive,3,False
দোখান কোথাই,Neutral,2,False
ভাইয়া এর ব্যবসায় গুয়া মারা সারা ইরী নাম বাংলাদেশ,Neutral,9,False
অনেক অনেক শুভেচ্ছা ও ভালোবাসা রইলো সবার জন্য,Positive,8,False
কোলকাতা আসরে কি,Neutral,3,False
জীবনেও হুনছি না কেউ লম্বা মিঠার মাত মাত্তে তাও যদি খাইতে চাও বানাও তা দই বাদ কেরে দই ও থাকবে সমস্যা কোথায় নাকি দই বানাতে টাকা খরচ হইয়া যায় টাকা বাচানির লাইগা লম্বা মিঠা আনছ পরিবেশ আর সামাজিকতা কিছু শিখ তে এইটা ২০২৫ সাল চলে আপডেট হইতায় না নি,Neutral,49,False
ডিজিটাল মার্কেটার হতে ১ লাখ লাগে হাস্যকর,Negative,7,False
রোজয় গিয়ে দোকান বন্ধ ছিল,Neutral,5,False
দাদা টাকা গুলো আসল তাদেরকে পুরনো ছেরা পারা টাকা এবং তার সাথে ১০২০ টাকা বেশি দিলে তারা নতুন টাকা দেয়,Positive,20,False
ঘামও ফ্রি,Negative,2,False
পরিবারের কেউ অভিযোগ করেনি,Neutral,4,False
মাশাল্লাহ আলহামদুলিল্লাহ বরকত দান করুক,Positive,5,False
সার্ভিসে তেমন সমস্যা হয়নি,Neutral,4,False
কোন জায়গা এটা,Neutral,3,False
১২০০ টাকার সোলার লাইট লাগবে,Neutral,5,False
চমৎকার দৃশ্য,Positive,2,False
এটা ঠিক হয়নি হাতে ও অনেক সুন্দর করে বানানো যায় আমি বানিয়ে ছি নিজে মানুষ নিজের একটু কষ্ট হবে দেখে এমন করে ত্যরি করচে চি,Positive,25,False
৭ হাজার টাকার মাল কম দিয়েছে এখন কল ধরে না,Negative,10,False
নাম্বার দেন ভাই,Neutral,3,False
এগুলার প্রোডাক্টসের দাম দেখলে মাথা ঘুরেআমি যখন সাউথ আফ্রিকায় ছিলাম তখন টিশার্ট থেকে শুরু করে ইলেকট্রনিক সব কিছুই আর থেকে নিতাম পরে ভাবলাম এই ব্যাবসা দেশে গিয়ে করবোবাট কট খাইলাম পরে,Neutral,31,False
চিকেন কেন মালিক কি মা লু,Negative,6,False
চমৎকার লাগছিল ওকে,Positive,3,False
চলে আসো আপু আমাদের ব্রাহ্মণবাড়িয়া,Positive,5,False
আসসালামু আলাইকুম ভাই ৫০০০০ টাকায় কি এমন একটা ডেস্কটপ আসবে যাতে করা যায়,Neutral,13,False
শক্তপোক্ত মনে হচ্ছে,Positive,3,False
এই শালা তুই কি ঠিকানা দিয়েছিস,Neutral,6,False
হাত দিয়ে ঘাটেন কেন চামচ নাই,Negative,6,False
পরিশ্রম করে ভিডিওলাইক না করে পারলাম না,Positive,7,False
এরা বাটপার গেলে বুঝতে পারবেন,Negative,5,False
হুম ্্্্,Neutral,2,False
আপুরা একটু দেখেন,Neutral,3,False
খালা আমারা সবাই,Positive,3,False
মোরগের কলিজা আমার ভালো লাগেনা শুধু গিলা পছন্দ,Neutral,8,False
অসাধারণ আপু অনেক সুন্দর লাগলো অনেক ভালো লাগলো ভিডিওটা দেখে,Positive,10,False
নিয়মিত মান,Neutral,2,False
ছবি ঠিকঠাক,Neutral,2,False
প্রতারণামূলক কথা,Negative,2,False
সঠিক ভাবে বোঝাতে পেরেছেন বন্ধু অনেক ধন্যবাদ আপনাকে,Positive,8,False
আপু এই পাতিল ঢাকনা সহ কত টাকা নিছে,Neutral,8,False
ভাই আমার পেজে একটু সাপোর্ট করেন প্লিজ সাপোর্ট করেন সবাই ব্যাক করব একটা ফলো দিয়ে যান,Positive,16,False
মতিজিল কথা,Neutral,2,False
সো বিউটিফুল,Positive,2,False
পণ্য মন্দ না,Neutral,3,False
এত সহজ না সবকিছু যত সহজে আপনারা বলছেন এগুলো দেখেই লাখো মানুষ ফেসে যায়,Negative,14,False
ও আচ্ছা আপু ঠিক আছে দেখি কাউকে খুঁজে পাই কিনা,Neutral,10,False
১০০ নকল,Negative,2,False
ভাই দাম কতটাকা,Neutral,3,False
আমরা কাঁচা মাংসই তো ৮০০৮৫০ টাকা কেজি দরে কিনি,Neutral,9,False
ছোট থেকে বড় বয়সে সেনসিটিভ স্কিনে ব্যবহারযোগ্য বেস্ট ময়েশ্চারাইজার নাম বলুন ১০০০ টাকার ভিতরে,Neutral,14,False
লোকেশন দে সুদানিরপোয়া,Neutral,3,False
ভাইয়া ২৫৩০ হাজারের মধ্যে ভালো কয়েকটা ল্যাপটপ সাজেস্ট করেন,Neutral,9,False
খাওয়ার সময় খুশি হয়েছি,Positive,4,False
হের চাপা আর ভালো লাগেনা,Negative,5,False
শালার বাঙালি খাবারের জন্য যে পরিমাণ যুদ্ধ করে,Neutral,8,False
চমৎকার একটা কথা,Positive,3,False
এত গিলা কই পাইছেন,Neutral,4,False
এই কোর্সটি করার জন্য ল্যাপটপ কনফিগারেশন কি রকম লাগবে,Neutral,9,False
তিষি দানা কি ভাইয়া,Neutral,4,False
আপনার রান্না অসাধারণ হয়েছে আপু,Positive,5,False
কথা হয় শক্তি আর সাহস আমাদের নাহিদের আছে,Positive,8,False
আমাকে রাখা যায়নি,Neutral,3,False
ভাই সাইকেল পাওয়া যায়,Neutral,4,False
এদের কে আইনের আওতায় আনা দরকার,Negative,6,False
ব্যবহার করা কষ্টকর,Negative,3,False
অসাধারণ পোস্ট,Positive,2,False
ভাই বিরিয়ানির মশলা টা কি বলবেন বাই বিরিয়ানির মশলা সাতে আর কিছু মিশানু আছে নি বলবেন ভাইয়া,Neutral,17,False
ফ্রি তেও খাবো নাহ্,Neutral,4,False
আপু আমি এই রান্নার প্রেমে পড়ে গেছি আমি অবশ্যই রান্না করবো,Positive,11,False
চল ভাই খাইতে যাই,Positive,4,False
দোকান কোথাই,Neutral,2,False
মাশাল্লাহ আপু আপনি এগিয়ে যান খুবই ভালো উদ্যোগ,Positive,8,False
চুদলিংপং আপু,Neutral,2,False
এটা নিতে চাচ্ছি,Neutral,3,False
তোমাকে তো সবাই দেখে,Positive,4,False
বিয়ের খোপা ব্যাগ সাবান দানি পাবো,Neutral,6,False
দোয়া করবেন আপনের বয়স অনেক বড় আর বাউন্ডারি মানুষ ভালো আবার অনেক খারাপও,Neutral,13,False
বিদেশিরা দেখলে দেশের বদনাম হবে,Negative,5,False
দাম চারে নাই,Neutral,3,False
হাসপাতালের রোগী বাড়ছে এমন খাবারের জন্য,Negative,6,False
প্রোডাক্ট খুবই কাজে লাগছে,Positive,4,False
দেশে কোন অভাব নেই তাই,Positive,5,False
শুভ রাত্রী,Neutral,2,False
২০০০ টাকার মাল দিবেন ভাই,Neutral,5,False
আপু কি কি দিছেন রেসিপি শিয়ার করেন,Neutral,7,False
এসব খায় কি ভাবে হাত দিয়ে কি ভাবে খাটছে দেখলে ই ভুমি আসে,Negative,13,False
নেট না থাকলে জীবনে জানতাম ও না,Neutral,7,False
মানুষ এসব খায় কিভাবে,Negative,4,False
খুব সুন্দর ছিল,Positive,3,False
এদের কঠিন শাস্তি দেওয়া হোক,Negative,5,False
উনাদের খাবার আসলেই অনেক মজা,Positive,5,False
ভাইয়ে হেয়ার ট্রান্সপ্লান্ট করছেন,Neutral,4,False
কমেন্ট পড়লে বুঝা যায় সোসাল মিডিয়া ব্যবহার করে এমন ৫০ লোক এখনো অসচেতন এবং বোকা,Negative,15,False
ফুটপাত ফকিন্নি,Negative,2,False
মানুষের কাছে যখন আজাইরা টাকা থাকে তখন একপিস এভাবে ৮০০ টাকা দিয়ে কেনে,Negative,13,False
আপু আমাকে একটু ভাগ দেন,Positive,5,False
আমার রিয়েল মি ৮প্রো আছে কিনা,Neutral,6,False
রঙটা সুন্দর,Positive,2,False
আমাদের বাংলাদেশের মানুষ এত টাকা দিয়ে মাংস খেতে পারবে না ভাই,Neutral,11,False
আমি ফুচকা খাওয়া ছেড়ে দিয়েছি আজ তিন চার বছর মতো,Negative,10,False
বাংলাদেশের রাজস্ব কর্মকর্তারা কোথায় আছে,Neutral,5,False
খাবার গরম অবস্থায় এসেছে,Positive,4,False
শুনে অবাক হলাম টিউশনির টাকায় শুরু করে কোটি টাকার ব্যবসা গড়ে তুলেছেন আমি তে মাঝে মাঝে ব্র্যান্ডিং করি কিন্তু এই গল্প সত্যিই অনুপ্রাণিত করলো,Positive,24,False
এই খাবার সবার সাথে শেয়ার করার মতো,Positive,7,False
প্রথমবার খেলাম মনে হচ্ছে সেরা খাবার এটা,Positive,7,False
দারুণ কিছু কথা বলেছেন আপু,Positive,5,False
মিথ্যা কথা ছাড়া মিথ্যা কথা ক বলছে,Negative,7,False
আমার খুব খাইতে ইচ্ছা করতেছে ভাইয়া,Positive,6,False
কাপড় সাধারণ ব্যবহারযোগ্য,Neutral,3,False
আপনার ছড়াটা দারুন হয়েছে,Positive,4,False
বাঃ খুব সুন্দর,Positive,3,False
ভাইয়া চিকেন টা কি আলাদাভাবে রান্না করেন নাই ভাইয়া,Neutral,9,False
এটা কোথায় রে ভাই,Neutral,4,False
পরিশ্রম সৌভাগ্যের প্রসূতি,Positive,3,False
আপনাদের দোকান কোন জায়গা,Neutral,4,False
গুলিস্তানে আপনার মবাইল চুরি হয় নাইএটাই অনেক,Negative,7,False
কি অবস্থা,Neutral,2,False
জীবনে কখনো খাইনি আর খাবো না,Negative,6,False
কিনতে আসবেন উনি ভালো মানুষ,Positive,5,False
এগুলো হচ্ছে কফি ফোন বাড়ি যাওয়া পর্যন্তই চলবে,Negative,8,False
একটা ডো বানাতে যতটুকু সময় লাগে দশটা বিশটা বউ বানাতে তেমন সময় লাগে অতএব এটা কোন আহামরি কোন ব্যাপার না এখন ভাইরাল হওয়ার কারণে মানুষ উনার দোষ ধরতেছে কিভাবে তাকে ডাউন করা যায় এই প্রোপাগান্ডা বন্ধ করে উনাকে ওনার ব্যবসা করতে দিন,Neutral,42,False
তালি খাবানি,Neutral,2,False
খুব কাজে লাগবে ভিডিওটা শার্ট কীভাবে চাপানো যায় ভিডিও চাই,Positive,10,False
ফোন হারিয়েছে,Negative,2,False
অতিরিক্ত সব জিনিসই খারাপ,Negative,4,False
পাগলের দল যা পেট ভরে কেক খা,Neutral,7,False
পণ্যের তালিকা থাকলে ভালো হয় কবে হবে তালিকা,Neutral,8,False
আমিও রসুন দিয়ে শীতের প্রথম হাঁস ভুনা করেছিলাম,Positive,8,False
আপনার রেসিপি দেখে বানিছি অনেক মজা হয়েছে,Positive,7,False
ভিডিও দেখে কেউ পূর্ণ কিনবেন না উনি টাকা খেয়ে ভিডিও বানায়,Negative,11,False
ওনার বউ একটা কেকও বানায় না সারাদিন থাকে বেচাকেনার মধ্যে ওনার বউ কেক বানাবে কিভাবে,Neutral,15,False
ভাই আমি ওর ১ম বুট ক্যাম্পে জয়েন করে প্রতারিত হয়েছিআমি ওর নামে মামলা করবো ইনশাআল্লাহ কমিউনিটির বড়দের থেকে সাহায্য চাচ্ছিমামাল বিষয়ে আমার পূর্ব আভিজ্ঞতা নেই ভোক্তা আধিকারে করবো না ডিরেক্ট মামলা করবো যারা ওর প্রতারনার শিকার হয়েছেন আপনারা দয়া করে আপাদের আভিযোগ গুলো কমেন্ট এ দিন দরকার হলে আমারা কয়েকজন বাধি হয়ে একসাথে মামলা করবো,Neutral,55,False
দারুণ রান্না,Positive,2,False
খাবারের স্বাদ দারুণ,Positive,3,False
আরে ভাই সৌদি আরবে গরুর মাংস থেকে উটের মাংস দাম সস্তা,Neutral,11,False
সবাই সবার জন্য দুয়া রইলো অভিরাম,Positive,6,False
উনি যে বার বার কথা বলছে তার মুখের থুথু যে কত বার বলতিতে পড়লো আল্লাহ জানে,Negative,16,False
৪০০০ টাকার মধ্যে কোনো ভালো র্যাকেট প্যাকেজ আছে,Neutral,8,False
আমি নিয়ে ব্যবসা করতে চাই মালের দাম ঠিক থাকবে তো ও মালের কোন সমস্যা পেলে ফেরত দেওয়া যাবে,Neutral,18,False
যদি ভালো ব্যাবসা হয় তুই নিজেই কর,Neutral,7,False
সুন্দর ছিল,Positive,2,False
দেখে মনে হচ্ছে মজা হবে,Positive,5,False
অস্থির ভাই,Neutral,2,False
খোলা পায়খানা আমাশয় ডায়রিয়া,Negative,4,False
হাঁসের দোকানের পাশের দোকান চাপ পাওয়া যায় ছুপ খেতে হলে পাশেই সুন্দরী মেয়ে দাঁড়িয়ে আছে তার কাছে চলে যান,Neutral,19,False
এটা চোরাই বাজার না চোরাই বাজার দিল্লিতে,Positive,7,False
চালাক না হলে এই দুনিয়াতে চলবেনা,Neutral,6,False
কি এটা,Neutral,2,False
বিশেষ উপলক্ষ ছাড়া কেক খেতে ও রুচি লাগে,Neutral,8,False
আনেক সুন্দর কেক,Positive,3,False
ওফু সেই পছন্দ কিন্তু ভগ্যে নাই,Negative,6,False
হালার বাটপার,Negative,2,False
দোয়া রইল,Positive,2,False
গ্লাভস পরে না,Negative,3,False
ধন্যবাদ সঠিক তথ্য দেওয়ার জন্য,Positive,5,False
খুব বাজে অভিজ্ঞতা পেয়েছি,Negative,4,False
আপনাদের শোরুম কোথায়,Neutral,3,False
ভাইরাল হওয়া থেকে সবাইকে আল্লাহ হেফাজত করুক,Neutral,7,False
আমি সৌদি প্রবাসী আমি এরকম ভিডিও দেখ অনুপ্রাণিত হয়ে প্রবাসে থেকে শুরু করি আলহামদুলিল্লাহ ২৫ দিন হলো শুরু করছি এখন দৈনিক সেল ৩০০০০ টাকার বেশি,Positive,25,False
লোভনীয় চিংড়ি মাছ ভাজা,Positive,4,False
বিশেষ গোপন কোন মসলা হয় না ভিডিওতে যা দেখছেন চোখে তাই এর বাহিরে কোন কিছু না,Neutral,16,False
চকবাজার ব্রাঞ্চ এর ঠিকানা দিন,Neutral,5,False
এটা ঠিক কথা যে কেকগুলো এখন বাসা থেকে বানায় না কারণ বাসায় তো একজন লোক এতগুলো কেক কিভাবে তৈরি করতে পারে প্রতিদিন এগুলো এখন এক ফ্যাক্টরি থেকে বানিয়ে তারপর নিজের বলে চালিয়ে দেয়,Neutral,33,False
দাম করেন চাচা না হলে লস হবে,Neutral,7,False
একদম ঠিক দাম বলছে,Positive,4,False
যা মাকড়সা খাইয়া আয়,Negative,4,False
মায়ের হাতের রান্নার কাছে পৃথিবীতে আর কারও রান্নার তুলনা হয় নাম এগুতে কত ময়লা মসা মাছি ধুলো বালি তার কোন শেষ নেই আল্লাহ তুমি সবাই কে সুস্থ রেখ আমিন,Positive,29,False
আপনার খালাতো রকস্টার,Positive,3,False
ফুলহাতা গেঞ্জি সাথে ওয়েসকোট ভিডিও দাও,Neutral,6,False
২০ হাজার হলে বেস্ট ডীল হতো,Positive,6,False
মিম এর পম পম গুলা তো ভালোই বড় হয়েছে,Positive,9,False
উনি বলছে আরেকটু বাড়াই দিয়েন তারপরে দাম ঠিকই আছে এটা টাকার আশেপাশেই হবে,Positive,13,False
ফালতু একটা অ্যাপ আলিবাবায় ৫০০ টাকার জিনিস এখানে ১১০০ টাকা,Negative,10,False
এত লাভ হলে আমাদের যুবকরা বেকার থাকতো না,Neutral,8,False
হাতের স্পেশাল পাওয়ার হচ্ছে ওয়াশরুম থেকে এসে স্পেশাল মুড়ি,Negative,9,False
২৪ তারিখে লাইনিং ব্যাট কিনে ১ ম্যাচ খেললাম পরে ভাঙলো অটোমেটিক ৬০০০০ টাকা শেষ,Negative,14,False
এটাই বাংলাদেশ আর এ জন্যই আমাদের জাতীয় খেলা কাবাডি তাইতো কাউকে উপরে উঠতে দেখলে টাইনা নিছে নামানোর জন্য সবাই ব্যস্ত হয়ে যায় কেন রে ভাই সে বাসায় বানাক বা দোকান থেকে কিনে এনে বিক্রি করুক তাতে মানুষের এতো মাথা ব্যাথা কেন কারো ভালো লাগলে খাবে না লাগলে খবেনা এখানে এইটা নিয়ে এতো মাতামাতি করার কি আছে,Positive,56,False
আপনার পেছনের অসহায় লোকটা আপনার দিকে অধীর আগ্রহে তাকিয়ে ছিল,Neutral,10,False
একবার খেলেই বিরক্ত লাগছে,Negative,4,False
ভালোও না খারাপও না,Neutral,4,False
চিকেন বিরিয়ানি সঙ্গে ধনিয়া পাতা,Neutral,5,False
মনে হয়েছে জোর করে খেতে হচ্ছে,Negative,6,False
গরীব মানুষ তো টাকা নাই গরীব কতা থেকে এসেছে গরীব ছি ছি ছি ছি দামা দামির একটা লিমিট আছে হায় রে গীরব,Negative,22,False
বন্ধু হলাম সাপোর্ট করবে,Positive,4,False
দাম কম,Positive,2,False
অমুকরা চোরাই মোবাইল,Negative,3,False
কাপড় শক্ত,Negative,2,False
কোথায় কারখানা এটা কি সারাদেশে ডেলিভারি দেওয়া হয়,Neutral,8,False
ত্বক নরম হয়েছে,Positive,3,False
এটা কোন জায়গায়,Neutral,3,False
আহ্ আর কি লাগে,Positive,4,False
প্যাকেট ঠিক ছিল না,Negative,4,False
সিগন্যাল ভালো ধরে,Positive,3,False
যারা খায় তারাও পাগল,Negative,4,False
আর খাবি বন্ধু আয়,Positive,4,False
আল হামদু লিল্লাহ ভালো মানুষের সাথে আল্লাহ পাকের নেয়ামত আছে,Positive,10,False
আপু কাজ করা ভালো কথা পর্দ মেনটেন করে কাজ কর কাজ করতে কোন বাধা নেই,Positive,15,False
ক্যাশ অন ডেলিভারী পাওয়া যায়,Neutral,5,False
ভাই খাবারটি খুবই সুন্দর,Positive,4,False
এটা কোথায় মার্কেটের নাম কি,Neutral,5,False
বাংলাদেশের খাবারের মতো কোনো খাবার হয় না,Positive,7,False
সাফল্য কামনা করছি,Neutral,3,False
পণ্য ভেঙে এসেছে,Negative,3,False
আইফোন এ গুগল প্লে স্টোর,Neutral,5,False
এতিমখানায় দিলে ভালো হতো,Neutral,4,False
হে ভগবান দুনিয়া বদলে গেছে,Neutral,5,False
কাজিরহাট থেকে বলছি কোয়ালিটি ভালো দীর্ঘদিন বিজনেস করি,Positive,8,False
ধন্যবাদ ভাইয়া,Positive,2,False
খাবার খাওয়ার মতো ছিল না,Negative,5,False
খুব ভালো কাজ করেছেন,Positive,4,False
একজন এগিয়ে গেলে বাকিরা পা টেনে নামাতে চাইবে এইটাই স্বাভাবিক ভালো না লাগলে এড়িয়ে চলুন,Positive,15,False
অসাধারণ খাবারের আয়োজন মুরগির গিলে আসে,Positive,6,False
মনিটর আনতে চাই আনা কি উচিত হবে,Neutral,7,False
এখন মিজান নাই হয়ে গেসে কিছুদিন পর জাকিরা ও নাই হয়ে যাবে,Neutral,12,False
পুরুষনারী নিয়ে কটাক্ষ,Negative,3,False
এইগুলা সব অ্যানড্রয়েট মোবাইল উপর দিয়া আইফোনের কভার লাগাইছে,Negative,9,False
ভাই মোবাইল কিনে ব্যবহার করলে কি কোন সমস্যা হবে কোন ঝামেলায় পড়ব কিনা,Neutral,13,False
যোগ্যতায় কাজ করা খুবই ভালো কাজ,Positive,6,False
আপনার গাড়ি আছে যেহেতু ধরে নিলাম আপনারা আর যাই হোক গরিব না চাইলেই ভালো কিছু করতে পারেন সেই সামর্থ,Positive,19,False
ইচ্ছা শক্তি থাকলে অসম্ভব কেউ সম্ভব করা যায় কারণ সবচেয়ে বরকত রয়েছে ব্যবসায়,Positive,13,False
এই খাবার মনে রাখার মতো,Positive,5,False
অত সহজ না যেমন সহজে বুঝায় কতো কসমেটিক নষ্ট হচ্ছে,Negative,10,False
কোন সময় খুলা হয় দোকান,Neutral,5,False
আমি নিজে চোখে দেখা জুটা খাবার থেকে বেচে বেঁচে আলাদা করে রাখে পরে এগুলা বিক্রি করে,Negative,16,False
পণ্যের মান বুঝবো কিভাবে,Neutral,4,False
এখান থেকে মোবাইল কিনলে কি সমস্যা হবে পুলিশ ধরবে নাকি,Neutral,10,False
কিভাবে গরুর মাংসের আচার পাওয়া যাবে,Neutral,6,False
গলাকাটা দাম রাখে,Negative,3,False
এগুলো কি অনলাইনে দেয়া যাবে,Neutral,5,False
হোলুদ মরিচ গরম মশলা লাগবে,Neutral,5,False
বিরিয়ানির নিচে হালকা পোড়া লাগলে টেস্ট বারেখারাপ লাগে না,Positive,9,False
আমি সকালে সব সময় খাই,Positive,5,False
ফি আমানিল্লাহ্ আপু চালিয়ে যান,Positive,5,False
ভাই আপনার দোকান কোথায়,Neutral,4,False
জামালপুর থেকে দেখছি ব্যবসা করতে চাই,Neutral,6,False
চামচ নাই,Neutral,2,False
দারুণ একটা,Positive,2,False
অনেক মজা লাগে এই গিলা,Positive,5,False
ঠিক তাই আপু,Positive,3,False
দারুন হয়েছে আপু,Positive,3,False
এই লোক এর মধ্যে ঝামেলা আছে,Neutral,6,False
আইসক্রিম মেশিনের দাম কত,Neutral,4,False
ছি ছি ছি ছি ছি ছি ছি ছি ছি ছি আমি আর পাবনা আপনাকে অনেক ধন্যবাদ ভাইয়া এই ভিডিওটা আমাদের দেখানোর জন্য,Negative,22,False
উটের গোস্ত যতই দাম হোক না কেন আমাদের দেশের গরুর মাংসের মত মজা কোন দেশে নাই বিশ্বাস না হলে যারা ছবিতে থাকে দুবাই থাকে কাতার থাক,Positive,26,False
মজার জিনিস,Positive,2,False
কেক যেখান থেকেই আনুক চাপাতি নিয়ে কোপাইতেছে নাকি ছিন্তাই করে টাকা পয়সা রাখি দিলে যাকির রে আব্বা আব্বা করতি,Negative,19,False
এ আবার পাবনা থেকে পালিয়ে এসে ভাইরাল হলো কবে ভাই,Neutral,10,False
পরোটার সাথে খেতে মজা লাগবে,Positive,5,False
আমার একজন বন্ধু ওকে নিয়েছিল তিন ক্যামেরা ওয়ালা মোবাইল পরে সে এমন মারাটা খাইছে সেটা শেষে চিরকাল মনে রাখবে,Negative,19,False
বাজে মুড়ি,Negative,2,False
কোনো কাজ ছোট নয়,Neutral,4,False
আপনার ভিডিও দেখে অনেক অসহায় লোক খেতে পায়,Positive,8,False
ধন্যবাদ ভাইয়া আপনার ভিডিওটি সবার ঘরে ঘরে কাজে দিবে অত্যন্ত সুন্দর এরকম ভিডিও আমি আগে কখনো দেখিনি আমার খুবই ভালো লাগছে যদিও আমার ফ্যামিলির কিছু সদস্য অনেক বড় বাবুর্চি তারপরেও আপনি বেস্ট ইনশাল্লাহ এগিয়ে যান,Positive,35,False
এটা গুড়া মাছ কোথায় এটা তো ছোট চিংড়ি ভুনা,Neutral,9,False
এটা গুড়া মাছ না চিংড়ি মাছ,Neutral,6,False
বেগুন ভর্তা এবং টমেটো ভর্তা,Positive,5,False
সবজি একদম ফ্রেশ না,Negative,4,False
উনারা ১০০ এর ভিতর ৯০ টায় মিথ্যা কথা,Negative,8,False
ভাই এদের কথা কাজে কোনো মিল নাই,Negative,7,False
এতো খাসি পেলেন কোথায়,Neutral,4,False
ছি ছি ছি ছিড়ে ননী ছি,Negative,6,False
ভাই ব্যবসার সিক্রেট কোথায় কি করবো,Neutral,6,False
ইয়াম্মি খেতে তো মনে হয় অনেক মজা হয়েছে,Positive,8,False
গেমিং তালহার বড় ভাই নাকি আপনি,Neutral,6,False
ভিপি ভিপি মানুষ আসে,Negative,4,False
একটা ইস্ট দিবা কেউ,Negative,4,False
হুম অসহায় মানুষকে সাহায্য করেন ফ্রী তে খাবারটা খাওয়ান,Positive,9,False
আমি আয়নাল হক আনোয়ার উদ্যোক্তা হতে চাই সু পরামর্শ দিন,Positive,10,False
কুয়েতে টাকা কেজি বাংলা টাকা টাকা,Neutral,6,False
আমারো পছন্দ,Positive,2,False
এর মধ্যে কোন ঘাবলা আছে,Negative,5,False
সুইরা মারেন,Neutral,2,False
আলহামদুলিল্লাহ র্যাক গুলো আমাদের থেকে নিয়েছিলেন,Positive,6,False
স্ট্রিট খাদ্যের আরো ভিডিও চাই,Positive,5,False
চুসতা কি ছগলের সোনা নাকি রুপা,Neutral,6,False
আমি ব্রাহ্মণবাড়িয়ার ছেলে,Positive,3,False
মোবাইল মালিকের নামঠিকানা বলুন,Neutral,4,False
দারুন হয়েছে অসংখ্য ধন্যবাদ,Positive,4,False
পরিবারের সবাই খুশি,Positive,3,False
ভাইয়া দুধটা যে দিলেন ওটা কিসের দুধ দেবো গরুর দুধ না গুড়া দুধ প্লিজ উত্তরটা দিবেন,Neutral,16,False
ইয়াম্মি ইয়াম্মি পিঠা,Positive,3,False
আমার মোবাইল ফোন চুরি করছে,Negative,5,False
ওনারা যদি পারে তাহলে পাবলিকের কেনো এতো প্রবলেম বুঝিনা তারা কিনে আনুক বা নিজেরা বানাক সৎ পথে ঘাম ঝরিয়ে ইনকাম করছে দয়া করে তাদের কাজ করতে দিন সবাই,Neutral,28,False
যায়গা টা কথায়,Neutral,3,False
অসাধারণ হচ্ছে রান্না সেই মজার মাংস,Positive,6,False
মেরিনেট করার পর মুরগিটা আলাদা রান্না করতে হয়েছে চাল দিয়ে দম দেয়া আগে,Neutral,13,False
আপনার রেসিপি অসাধারণ,Positive,3,False
দোয়া রইল ফি আমানিল্লাহ,Positive,4,False
অনেক অনেক সুন্দর,Positive,3,False
নকল হতে সাবধান,Negative,3,False
তে সব স্কিনকেয়ার অথেনটিক,Neutral,4,False
১ কেজি চাউলে পানি কতোটুকু দিবো,Neutral,6,False
অনেক অনেক ধন্যবাদ আপনাকে,Positive,4,False
কি ফোন দিয়ে ভিডিও করছেন ভাই,Neutral,6,False
আইস ক্রিম এর নাম এই টেনসন আপনার সব ভিডিও দেখি আমি,Positive,11,False
প্যাকেট ভালো ছিল,Positive,3,False
ইনফ্লামেটেরী খাবার এগুলো খেলে বহুু রোগ হবে,Negative,7,False
ভাই মুরগির মাংস রান্না করলে গন্ধ যায় না এই গন্ধ যাওয়ার উপায় কি জানালে খুব উপকৃত হতাম,Neutral,17,False
অসাধারণ ভাইয়া,Positive,2,False
কাপড় পরে ভালো ফিট হয়েছে,Positive,5,False
যেভাবে মার্কেটিং করতেছে মনে হচ্ছে দুবাইয়ের কোন প্রফেশনাল মার্কেটের মার্কেটিং করতেছে,Negative,11,False
দারুন দারুন ভর্তা দেখে মনে হচ্ছে এখনই খাই খিদে পেয়ে গেল,Positive,11,False
হায়রে বাংগালী,Negative,2,False
এটা কোথায় দেশে থাকলে আসতাম ১০০,Positive,6,False
বাঙালি পাগলের জাত,Negative,3,False
আপনি ফ্যামিলি সাপোর্ট পেয়েছেন অধিকাংশ তরুণ তরুণী শুরু করে পরে হারায়ে যায় শুধুমাত্র সাপোর্টের অভাবে,Positive,15,False
আপনাদের এই সব মাংসের ভিডিও দেখে আমাদের মতো গরীব মানুষের যে খেতে ইচ্ছে করে সেটা কি আপনারা জানেন,Negative,18,False
টাকায় হালাগো গোয়া মারে তাইকোনো ভাবেই ১হাজার থেকে ১২শ টাকার বেশিনা,Negative,11,False
ভাই এটা চোর বাজার না মুখ সামলায় কথা বলেন,Negative,9,False
যারা কিছুই করতে পারেন না যাদের ভাগ্য খারাপ তারা দৈনিক ১০০০ বার দুরুদ শরীফ পড়ুন ২০০০০ বার আসতাগফিরুল্লাহ পড়ুন বিনামূল্যে ওয়াক্ত নামাজ পড়ুন দেখুন এই চ্যালেঞ্জ মোকাবেলা করতে করতেই সময় শেষ এটাই জীবন এটাই সফলতা,Neutral,35,False
অর্ডার কনফার্মেশন দ্রুত পেয়েছি,Positive,4,False
আপু অনেক সুন্দর অনেক অনেক শুভকামনা রইল,Positive,7,False
ভিডিও চাই দোকানের লোকেশন দিলেই ভালো হতো,Neutral,7,False
তোরা কিভাবে ব্লগার হইছোস,Neutral,4,False
বিদেশে বসে বাঙালি রান্না সত্যিই মনুমোগ্ধকর,Positive,6,False
আপনার জন্য দোয়া রইল সুন্দর একটা ভিডিও,Positive,7,False
৩০ হাজার টাকার ফোনে সফটওয়্যার আপডেট নেই নাকি,Neutral,8,False
দুষ্ট লোকের মিষ্টি হাসি বাটপার হবে,Negative,6,False
এরকম মানুষ প্রতিটা উপজেলায় একটা করে থাকলে সপ্তাহে একদিন হলেও ভালো রান্না খেতে পারতাম,Positive,14,False
আমি অনেক জিনিস অনেক লোকজনকে এনে দিয়েছি অনেক কম দামে আমার মতে না জানা থাকলে চাঁদনী ফুটপাত থেকে জিনিস কেনা উচিৎ নয় ধন্যবাদ,Positive,23,False
লবণ শুকনো ছিল,Positive,3,False
ঘরের মধ্যে খোলা খাবার খায় না অথচ ধুলাবালির মধ্যে খোলা খাবার এত দামে বিক্রি হচ্ছে,Negative,15,False
মাংসের আচার আপা,Neutral,3,False
ভাই এটা কোথাই,Neutral,3,False
টাকার মানুষকে কুকুরের গুগুলিযদি ভাইজা দেয় সেটা খাওয়ার জন্য মানুষ লাইন ধরবে,Neutral,12,False
ভাই চাউল দেওয়ার আগে কি চিকেন রান্না করে নিতে হবে,Neutral,10,False
অসাধারণ উদ্যোগ নিয়েছেন আপনার সফলতা আরো বড় হোক এ দোয়া রইলো,Positive,11,False
খাওয়ার সময় খুব ভালো লেগেছে,Positive,5,False
নিজের অনেক পন্ডিত মনে করেন ১১০০ টাকার প্যান্ট ১৫০০ দিয়ে কিনেন,Negative,11,False
পণ্যটি ঠিকমতো কাজ করছে না,Negative,5,False
বাটপার এক টা,Negative,3,False
এই ভিডিও ভালো লাগছেউপহার সরূপ সাবস্ক্রাইব করলাম,Positive,7,False
গুরা মাছ কি চিংড়ি মাছ যদি তাই হয় তাহলে গুরা মাছ বলা হচ্ছে কেন,Neutral,14,False
কত টাকা বেতন,Neutral,3,False
ওয়াও দারুন তো,Positive,3,False
খুব মজার খাবার আপু,Positive,4,False
কোনো বোকাচুদায় ৩০ টাকার পন্য ৭০০ টাকা তো দূরের কথা,Negative,10,False
চট্টগ্রামে কোথায় আছে এমন বুফে,Neutral,5,False
ল্যাবের ফলের রস দেয় শালা বাটপার একটা,Negative,7,False
তোদের চুদনে ফেসবুকে থাকা যায় না এ মহিলা কেডা জামাই নাই তার শয়তান বিডি,Negative,14,False
সবাই নেমে যা রাস্তায়,Negative,4,False
খাবার এর মান খুবই খারাপ এরকম দেওয়া বন্ধ করেন,Negative,9,False
সৌদি আরবে আমরা মাত্র রিয়াল দিয়ে উটের গোশত খাই,Neutral,9,False
একটু বেশি ভাব দেখালে যা হয় আপু একটু শালীনতার মাঝে থাকেন পর্দা করে ব্যবসায় করতে পারেন,Negative,16,False
বোকাচোদা টাইপের কথাগুলো,Negative,3,False
আল্লাহ সবাইকে হেদায়েত দান করুন,Neutral,5,False
বাটপার সব এগুলো কিনলে মারা খাবে,Negative,6,False
ছোট একটা মিক্সচার মিসিন লইলে ত সারে,Positive,7,False
এত কষ্ট না করে বেকু আনতে পারে,Neutral,7,False
দেখেই গা বমি দিচ্ছে,Negative,4,False
রান্নাটা অনেক লোভনীয় হয়েছে,Positive,4,False
নারকেল তেল গরম করে সাথে তুলসী পাতা,Positive,7,False
পড়া শুনা করলেই শিক্ষিত আর না করলেই বাংলাদেশী,Neutral,8,False
খাসি নাকি রাস্তার কুকুর আমার তো সন্দেহ হয়,Negative,8,False
কিডনির সমস্যা থাকলে মেথি ভেজানো পানি খাওয়া যাবে কি,Neutral,9,False
আমি আপনার করছি দাদা,Positive,4,False
পাকিস্তান গোয়েন্দাব্যঙ্গ,Negative,2,False
চটপটি তাখি ফুচখা বেশি ভালা গাগছে,Positive,6,False
ভাই নতুন দোকান দিবো ১০১৫হাজার টাকা মাল আনবো দিতে পারবেন,Neutral,10,False
এসব বিক্রেতা চোরদেরকেও আইনের আওতায় এনে শাস্তি দেওয়া হোক,Negative,9,False
ভাই কি বলেন রঙচটা অতি রঞ্জিত ভিডিও না বানালেই কি নয়,Neutral,11,False
আসসালামু আলাইকুম নতুন একটা পেজ খুলছি সবার কাছ থেকে সাপোর্ট চাই ইনশাআল্লাহ আমিও সাপোর্ট দিব আসো নাকি উপরের পাশে দাড়াই,Neutral,20,False
আপু দোকানে লোক লাগলে আমি চলে যাব,Neutral,7,False
আসসালামুয়ালাইকুম ফোন ইউজ করছি খেলার পর ইউআই অনেক লেগ করে সমাধান চাই,Neutral,12,False
পরিশ্রম সফলতার চাবি কাঠি,Positive,4,False
১০১২ হাজারের উপরে ব্যাট দেখান,Neutral,5,False
সঠিক সিদ্ধান্ত নিয়েছেন আপু,Positive,4,False
অর্থের অভাবে মানুষ অনেক কিছুই হারিয়ে ফেলে,Neutral,7,False
বালতি ভাঙ্গবে না বলেও পরে ভেঙ্গেছে,Negative,6,False
ধন্যবাদ ভাই চমৎকার উপস্থাপনা আলহামদুলিল্লাহ খুব সুন্দর পরামর্শ দিলেন ভালো লাগলো আপনার পরামর্শটা শুনে,Positive,14,False
খুব সুন্দর রান্না হচ্ছে,Positive,4,False
সময় টা অনেক বেশি লাগে,Neutral,5,False
ভালোবাসা রইল ভাই,Neutral,3,False
টাকা দেন দিবো,Neutral,3,False
ইচ্ছে করছে এখনই চলে যাই সিলেট থেকে কিন্ত সাথের সঙ্গে ই নাই এজন্য যাইতে পারবো না মোটরসাইকেলে,Neutral,17,False
ফাহামিদ সাহেব এর এবারকার দেখেই বুঝেছিলাম তাবিজ মনে হয় ভালো বিক্রি হচ্ছে নাএবার আরো বড় তাবিজ ব্যাবসায়ী হতে চাচ্ছে তার ১ম দিক কার মার্কেটিং টা দেখলেই বোঝা যায় কত বড় ভন্ড অনেক কন্টেন্ট ক্রিয়েটর দিয়ে পেইড মার্কেটিং করে হয়েছে সফল তাবিজ ব্যাবসায়ী ধন্যবাদ ভাই আপনাকে এভাবে ক্লিয়ার করে লেখার জন্য,Neutral,50,False
ভাই এইটার লোকেশন কোথায়,Neutral,4,False
রিটার্ন হলে কত টাকা লস প্রফিট হবে,Neutral,7,False
চুরি হয়েছে,Negative,2,False
আইফোন এখানে সব নকল এগুলোকে বলা হয়,Negative,7,False
সকাল ৬ টায় এটা কোন বেলার খাওয়া,Neutral,7,False
তেল কম ছিল ভালো লেগেছে,Positive,5,False
আপনাকে দেখে সত্যিই অবাক হই,Neutral,5,False
তেলের মধ্যে রাখতে হবে,Neutral,4,False
গেল গেল সব গেল বর্তমানে ভাইরাল যুগে ব্যবসা করেও শান্তি নাই,Neutral,11,False
আসসালামুয়ালাইকুম ভাইয়া শুক নুডুলস কিভাবে রেসিপিতে বানানো যায় তো জানাবেন,Neutral,10,False
মুড়ি তো খাবেই আপনার মত লেভেলের লোক তো সবাই না অস্বাস্থ্যকর খাবার খেয়ে যাদের অভ্যাস আপনার এগুলো পেট চুক্তি খান আর বাকি সব,Neutral,23,False
আলহামদুলিল্লাহ শুভ সন্ধ্যা,Neutral,3,False
সব বাটপারি অন্যান্য বেকারি হতে কিনে নিয়ে আসা এই কেক,Neutral,10,False
মেয়েদের বেষ্টি খাবার,Positive,3,False
বহুদিন হলো খাইনা এই খাবার,Positive,5,False
মাশাল্লাহ আপনাদের ট্যালেন্ট ইন্টারভিউর মধ্যে একটা বিজ্ঞাপন করে দিছেন,Positive,9,False
ক্রিস্টাল ক্লিয়ার পানির মত স্বচ্ছ পিওর নারিকেল তৈল,Positive,8,False
আলহামদুলিল্লাহ আমার মনে হচ্ছে আমিও গোপালগঞ্জ থেকে এই রান্না করা গরুর মাংস কেনার জন্য আসি আল্লাহ করিম,Positive,17,False
বাসায় আমিও কেক বানাই নরমাল পাউন্ড কেক চকলেট আর ভেনিলা দুই ফ্লেভার বানাতেই এক ঘন্টা লাগে প্রসেসিং থেকে বেকিং করা পর্যন্ত আর এতো ফ্লেভারের কেক তাও ডেকোরেশন করা একা একজন বানানো অসম্ভব দিনে ১০০ টা কেক বেঁচলেও সমস্যা নাই কিন্তু মিথ্যা বলে ব্যবসা করার দরকার কি মিথ্যা বলে নিজের বৌকে সুপারম্যান বানানোর তো দরকার নাই সব ভাইরাল হওয়ার ধান্দা,Neutral,59,False
আপা আমি চাকরি করবো আপনার দোকানে আমারে লক করো আপনে,Neutral,10,False
পারফিউমের ঢাকনা ভাঙা ছিল,Negative,4,False
এরকম করা ঠিক না,Negative,4,False
কখনে বসেআর কয়টা বাজে বসে,Neutral,5,False
ইস খেতে ইচ্ছে করতেছে দারুণ,Positive,5,False
দারুণ হয়েছে,Positive,2,False
ওদের ব্যবহার ভালো না ভিডিওতে এক কথা বলে মেসেজে আরেক কথা,Negative,11,False
ভালো করে নাম ও বলতে পারে না বলে,Neutral,8,False
বাসমতি চালের বিরিয়ানি আর চিনি গুঁড়া চালের তেহারি উফ যা লাগে আমার কাছে জিবে জল চলে আসে দারুন হয়েছে ভাইয়া,Positive,20,False
ভালো পরামর্শ সবাই শিখে,Positive,4,False
বাংলাদেশের মানুষের জন্য পুরাতন মাল,Negative,5,False
ট্যাপ ট্যাপ অ্যাপস মালয়েশিয়া,Neutral,4,False
পণ্যের মান খুব ভালো দামে পুরোপুরি সঠিক,Positive,7,False
মেথি কি,Neutral,2,False
দাম বেশি কিন্তু মান খুবই খারাপ,Negative,6,False
খুব উপকারি ভিডিও তুলে ধরেছেন ভাই,Positive,6,False
খাবারের সামনে সাবধানে কথা বইলেন নাহলে মুখের থুথু এসে খাবারে পরবে,Negative,11,False
বেশি দেখানো যাবে না কারন দেখাতে দেখাতেই ফুস হয়ে যেতে পারে,Negative,11,False
মালাই চা,Positive,2,False
আচ্ছা এটা কিসের ছুপ,Neutral,4,False
ভাই যে কথা আর দাম বলছে এগুলো কি সত্যি,Neutral,9,False
ভোক্তা অধিকারের দৃষ্টি আকর্ষণ করছি,Neutral,5,False
আমি তৈরি করেছিলাম কিচুরি হয়ে গেছে,Negative,6,False
ঝাল মুড়ি বাল মুড়ি,Positive,4,False
অনেক সুন্দর দোকান,Positive,3,False
মোবাইল নিয়ে পুলিশে মামলা ধরা খাইবেন তখন বুঝবেন,Negative,8,False
অসাধারণ বলেছেন,Positive,2,False
খাবার একদম ফালতু আমি ২৩ তারিখ ট্রাই করছি তখন ফ্রেশ ছিল এখন আর না,Negative,14,False
মাশাআল্লাহ খুব সুন্দর ভিডিও উপহার দিয়েছেন,Positive,6,False
ঢাকা গুলিস্তান সুন্দরবন স্কয়ারে আমি আসছি,Neutral,6,False
কাচ্চি প্রাইস অফারটা কি এখনো আছে,Neutral,6,False
মাফ চাই বাংগালীর কাছে,Neutral,4,False
যদি জনবল থাকে আর যদি বড় ওভেন থাকে তাহলে সম্ভব এটা অসম্ভবের কিছুই নাই ডেকোরেশনের যদি সময় লাগে তারপরেও তার কেকগুলো আহামরি কোনো ডেকোরেশন নয় এজন্য হয়তো দ্রুত হয়,Neutral,29,False
বাংলাদেশের অপমান করবে না,Negative,4,False
ইলিশ খাওয়া লাগ্বেনা আলুর ভর্তাখান,Neutral,5,False
এখান থেকে আরো ৪৫ বছর আগে থেকেই শাড়ি কিনি এইটা নাকি হিডেন প্লেস আপা ঢাকায় নতুন মনে হয়,Negative,18,False
আরব দেশে তেমন একটা দাম না খুব সম্ভবত ১০০০১৫০০ এর বেশী কোন ভাবেই না মনে হয় কারো জানা থাকলে জানাবেন,Neutral,20,False
এই জায়গায় রেস্টুরেন্ট বা এমনি দোকান কোনটাই ২১ মাসের বেশি স্থায়ী হয়না,Negative,12,False
পণ্য ঠিক আছে,Neutral,3,False
হুজুরকে ধন্যবাদ সারা বাংলাদেশ ছরিয়েদিন,Positive,5,False
প্রোডাক্ট কেনার পর ছবিভিডিও দেয়নি দামও বেশি,Negative,7,False
মামা তুমি প্যান্টে ৫০০ কট খাইছো,Negative,6,False
তারা কত পার্সেন্ট লাভ নিবে একাধিক আইটেম দিয়ে টাকা হলে অর্ডার নিবে,Neutral,12,False
ম্যানেজার থাকতে গেলে আমরা আছি ম্যানেজারের দায়িত্ব দিলে আমি আছি,Neutral,10,False
এরে নাম বো চদা বাংলা,Negative,5,False
চিংড়ি ভুনা,Positive,2,False
আমার একটা কাজের খুব দরকার,Neutral,5,False
আমার খুব পসন্দ,Positive,3,False
শীতে হাস অনেক মজা,Positive,4,False
ফি আমানিল্লাহ,Neutral,2,False
ভাই টার জন্য দোয়া,Neutral,4,False
তারপরেও খাবো আমি,Neutral,3,False
কোথাই এটা,Neutral,2,False
দামটা একটু বেশি মনে হচ্ছে আর একটু কম হলে ভালো হতো,Negative,11,False
যারা তার রিজিক নিয়ে অতর্কিত কথা বলছে আল্লাহই তাদের বিচার করবে,Neutral,11,False
এটা কোথায়,Neutral,2,False
ভাইয়া অপশন আসে না কেনো বা কীভাবে আসবে তা নিয়ে একটা ভিডিও দেন প্লিজ প্লিজ প্লিজ প্লিজ প্লিজ প্লিজ,Neutral,19,False
উনার পাশের অসহায় মানুষটার জন্য অনেক কষ্ট লাগছে জানি না উনাকে সে কিছু সাহায্য সহযোগিতা করছে কি না,Neutral,18,False
তোরা নানা দেখছে ৪৫ প্রকার মসলা,Neutral,6,False
মাশাল্লাহ অনেক মজার খাবার,Positive,4,False
মতিঝিল কোথায় আমি তো এখানে ই আছি,Neutral,7,False
ভর্তা ভাত তো পুরাই অমৃত,Positive,5,False
শুধু জামাকাপড় কম্বল চাদর ইত্যাদি কত কি আনছে এগুলো কোন রোগীর হাসপাতালের অথবা মৃত মানুষের ব্যবহার করা হতে পারে,Negative,19,False
কিভাবে পেতে পারি,Neutral,3,False
আমাদের দেশ এ দেশে চুরি করলেও দোষ ব্যবসা করলেও দোষ হালার বাংলাদেশ,Neutral,12,False
এই প্রতারকে আইনের আওতায় আনা উচিত,Negative,6,False
এদের কাছ থেকে মাল নিবেন না এরা চিটার,Negative,8,False
বিরানি আমার খুব প্রিয় ভাইয়া,Positive,5,False
আমি নিয়ে ব্যবসা করতে চাই,Positive,5,False
অনলাইন বিক্রি হয় কি,Neutral,4,False
চট্টগ্রাম থেকেকিভাবে নিতে পারি,Neutral,4,False
ফোন কি তোর বাপের খেতে জন্মাইছিস,Negative,6,False
শুভ কমনা রইলো আপু,Positive,4,False
সে সব ব্যবসা করে,Neutral,4,False
রিফাত ভালো হইয়া যাও,Positive,4,False
ওপেন হয় কয়টায়,Neutral,3,False
নাটকের পরিবর্তে যদি স্বাস্থ্যবিধির দিকে মনোযোগ দেওয়া হতো তাহলে ভালো হতো,Negative,11,False
কাজের কথা না বলে ফালতু কথা বলেন,Negative,7,False
মিথ্যা কথা বলে মুখে আটকায় নাঝুটা খাবার,Negative,7,False
আমি অনেক প্রোডাক্টের ভিডিও দেখি কিন্তু আপনার ভিডিওটাই বেশি ভালো লাগে স্কিনকেয়ার নিয়ে পরামর্শ চাই,Positive,15,False
আপুটা অনেক ভালো মনের মানুষ,Positive,5,False
ভাই নারু নিতে চাই পূজার জন্য,Neutral,6,False
মেয়েদের যে কেনো এইটা বেশি পছন্দ আমার তো বোঝে আসেনা,Neutral,10,False
ভায়া আপনি যা রান্না করলেন এটা বিরিয়ানি না এটা মুরগির কাচ্চি,Negative,11,False
আপুর দাম টা ঠিক আছে,Positive,5,False
ব্যক্তিগত আক্রমণবডি শেমিং,Negative,3,False
ঘোড়া চিংড়ির কথা প্রথম শুনলাম,Neutral,5,False
খাওয়ার মজাই আলাদা,Positive,3,False
আমাদের ব্রাহ্মণবাড়িয়ার ভাইয়েরা কিন্তু বাজারের মেয়ে পছন্দ করে না,Positive,9,False
আপনার মত কিইও এইবাবে বুজায়ে দেয়না,Positive,6,False
আহারে বইন,Positive,2,False
অসাধারণ লাগলো এনার্জি নিয়ে কাজ করছেনপাশে আছি,Positive,7,False
ওমা শরম পাইছে নাকি আসলে এখনও নতুন বউ লাগে,Negative,9,False
তুমি ৮৪ বছর আগে কোথায় ছিলে,Neutral,6,False
চাউলটা সিদ্ধ করার জন্য কতটুকু চালের জন্য কতটুকু পানি নিতে হবে আর ৮৫ সিদ্ধ করার জন্য আনুমানিক কতক্ষণ সময় লাগে মানে কতক্ষণ পরে চেক করা উচিত,Neutral,26,False
মাশাল্লাহ খুব ভালো,Positive,3,False
ভাই ডেলিভারিতে দেওয়া যাবে কি,Neutral,5,False
ভাই টাকার তো শুধু বক্সের ওজনের জন্ম শিপিং কস্ট দিসেন,Negative,10,False
মগজ টা দেখান না,Neutral,4,False
আমাকে নেয়া যাবে,Neutral,3,False
আপনাদের ভিডিও করতে বলে কোন বোকা ঠিকানা দেন না,Neutral,9,False
আপনি ঠিক বলেছেনহাজার কোটি দেশের জনগনের টাকা মাইরা খায় ঐ নেতাদের আব্বা ডাইকা পিছনে পিছনে ঘুরে আর সৎ পথে উপার্জন করতে গেলে এত প্রশ্ন কেন,Neutral,25,False
এই খাবার আমার প্রিয় হয়ে গেছে,Positive,6,False
কোটি টাকার লোকদের জন্য এই ব্যবসা,Negative,6,False
আমরাও আসবো,Positive,2,False
ওনি দাম বেশি বলে,Negative,4,False
দেখেই লোভ লাগে,Positive,3,False
আসলে ওদের সমস্যা হলো কেউ একজন উপর উঠে যাচ্ছে এদের সহ্য হচ্ছে না এটা বাংলাদেশীদের রক্তে আর ভাই তুই খাইতে আইছস ভালো লাগল খাইবি না হলে খাবি না নিজেরা বানাইলে কি আর কিন্না বিক্রি করলে কি,Positive,36,False
হালার পো হালা শাওয়াটাও ভিতরে ঢুকাই ডলা দে,Negative,8,False
খুব ভালো লাগলো ধন্যবাদ,Positive,4,False
চশমার উপরে একটা ভিডিও দেখান,Neutral,5,False
লোভ সামলাতে পারলাম না,Positive,4,False
আর যে দাম বলতাছেন চক বাজারে গিয়ে তো কোন লাভ নাই শহরে পাইকারি দোকানে কম,Negative,15,False
আলহামদুলিল্লাহ ভালো,Positive,2,False
আমি নিতে চাই কি করে নিবো,Neutral,6,False
আমাকে ঠকানো হইছে কিছু বিক্রি করতে পারি নাই,Negative,8,False
ভাই আপনার দোকান কোথায়,Neutral,4,False
প্রতিটি কামড়েই ভিন্ন স্বাদ,Positive,4,False
শিক্ষিত খাঁসি,Negative,2,False
আসেন এই জায়গায়,Positive,3,False
ওমা বলে আঠারোশো মানুষ পাগল হয়ে গেছে,Neutral,7,False
এই রান্না খেলে অসুস্থ হতে হবে,Negative,6,False
আমি ফুচকা লাভার,Positive,3,False
রংপুরে এ ব্যবস্থা নেই থাকলে ভালই হতো,Neutral,7,False
অনেক মজার সব গুলো আমার প্রিয়,Positive,6,False
বেশি ভাইরাল হইও না ভাই পরে আর খুঁইজে পাওয়া যাইবো না,Neutral,11,False
পচা ইলিশ খাওয়াইছেকক্সবাজারের ইলিশ,Negative,4,False
অনেক অনেক ধন্যবাদ হিমেল ভাই,Positive,5,False
হে কয় কি হজ কইরা বাটপারি করতাছে১৭ টা কথা মিথ্যা কাইছে,Negative,11,False
ভাইয়া ওনার কন্টাক্ট নাম্বারটা একটু দেওয়া যাবে,Neutral,7,False
রেখে কে নিবে এই জিনিস,Negative,5,False
আলহামদুলিল্লাহ ইসলামের আলোয় আলোকিত এক মানুষ,Positive,6,False
অনেক সুন্দর কালেকশন,Positive,3,False
তিষি দানা কোনটা বলেন প্লিজ,Neutral,5,False
আমার লাগবে,Positive,2,False
আরো ক্যামেরাম্যানদের সামনে গিয়ে আরো চাপাবাজি করেনএই আপনি ও আপনার ব্যবসা হোগামারা খায়া গেলেনএইজন্যেই ব্যবসা ভালো চলুক বা মন্দ কোন সময় ক্যামেরা সোশ্যাল মিডিয়ার লোকদেরকে কাছে ঘষতে দিতে হয় নাতাহলে আজকে আর এত কিছু হইতো নাওই লোকটা সুন্দরভাবে তার বিজনেস করত সাধারণ মানুষ ও সুন্দরভাবে খেত,Positive,46,False
দেখতে খুবই লোভনীয় হয়েছে কিন্তু অক্টোপাস খেতে পারি না,Neutral,9,False
থানা জেলার নাম বলেন,Neutral,4,False
একদম বাটপারি কেউ বিশ্বাস করবেন না,Negative,6,False
ভিতরে কিছু নাই,Negative,3,False
তনচচ ৫,Neutral,2,False
ফাটাফাটি সুপ সবাই কে দাওয়াত,Positive,5,False
হেন গোলস কই,Neutral,3,False
অভিজ্ঞতা আছে হয়তো মাঝে মাঝে কেনাকাটার করে,Neutral,7,False
এর প্রসেস আর সাপোর্ট দেখে আমি মুগ্ধ কখনো হতাশ হয়নি,Positive,10,False
দোকানটি কোথায়,Neutral,2,False
আপনার মনিপুরি শাড়িটার প্রাইজ কতো নিয়েছে আপু,Neutral,7,False
চার্জ দ্রুত হয়,Positive,3,False
সঠিক দাম বলছেন আপু,Positive,4,False
আমি বর্ধমান থেকে বলছি চোর বাজার একবার যাবে তো তাহলে আমাকে বলবে আমি যাব তোমার সাথে আমি মোবাইল কিনবো,Neutral,19,False
কোথায় তোমার দোকান ঠিকানা তো জানাইলে না,Neutral,7,False
খুব সুন্দর,Positive,2,False
এদের স্বামীদের জুতার মালা পোড়ায় রাস্তায় দাঁড়ায় রাখতে হবে বউ দিয়ে ব্যবসা করানোদরকার,Negative,13,False
আমার একটি মোবাইল গত ৫ মাস আগে চুরি করে নিয়ে গেছে,Negative,11,False
কোথায় পাওয়া যায়,Neutral,3,False
আমি নিতে চাই ভাই,Positive,4,False
আপনার প্রতিটা ভিডিও আমি দেখতে অনেক ভালো লাগে আমার,Positive,9,False
মানুষের পকেটে টাকা মনে হয় ক্রামবোর্ড খেলে,Negative,7,False
আর কি পাওয়া যায়,Neutral,4,False
বাটপারি বেবসা বাটপার পুরি,Negative,4,False
অনেক সুন্দর রেসিপি হয়েছে আপু,Positive,5,False
সাবস্ক্রাইব করেছি ঠিকানা দেন,Neutral,4,False
লোকেশন না দিয়া পোস্ট দিলে অভিশাপ দিমু,Negative,7,False
ভাইয়া অনেক কিছু শিখেছি তবে দামাদামি শেখা দরকার মজা করে বললাম,Neutral,11,False
অনেক শুভকামনা রইল,Positive,3,False
সঠিক দাম বলেছে,Positive,3,False
সবাই যদি একই জিনিস বিক্রি করি তাহলে কম্পিটিশন বাড়বে,Neutral,9,False
সত্য না বলে থাকেন তবে যারা টাকা খরচ করে ধোকা খাবে,Negative,11,False
মাশাআল্লাহ ভাইআপনি আরও এগিয়ে যান দোয়া করি আমাদের জাতি বিসিএস জাতি থেকে অন্টোপ্রেনার জাতিতে পরিণত হোক দোয়া করি,Positive,18,False
এসব যদি কপি হয় তাহলে আপনার ৩০০০ টাকা চলে যাবে আর যদি অরিজিনাল হয় তাহলে আপনার সারা জীবন জেলে চলে যাবে,Negative,21,False
ভিষন পছন্দ,Positive,2,False
মিমি টুলবক্স আছে দাম কত,Neutral,5,False
চাপাবাজির একটা লিমিট আছে ফালতু বিরিয়ানি,Negative,6,False
দোকানের লোকেশন,Neutral,2,False
সবই ঠিক আছে হাতে গ্লাফাস পরে নিলে ভালো হয়,Positive,9,False
এই ভিডিও টা বেশ ভালো করেছো ভাই,Positive,7,False
আর খাবি ফুসকা,Negative,3,False
প্রাণপ্রিয় ভাইজান ২০হাজারের মধ্যে কোন পিসি নেওয়া জায় কাজ হবে অনলাইন,Positive,11,False
দেখে খাইতে মনে চায় দরদী,Neutral,5,False
ঠিকানাটা তো কইবি রে ভাই এই জিনিষ খাইতে হবে,Neutral,9,False
আমারো একোই প্রশ্ন মাংস কি রান্না করে নিলেন না কাচাই দিলেন,Neutral,11,False
অনেক সুন্দর হয়েছে,Positive,3,False
আমি আছি ছুটি বেতন কিছুই লাগবে না আমার,Neutral,8,False
অনেক লোভনীয় ছিল আয়োজন গুলো মাশাআল্লাহ সুন্দর,Positive,7,False
সময় উপযোগী খুব গুরুত্বপূর্ণ ভিডিও অসংখ্য ধন্যবাদ আপনাকে ভাইয়া,Positive,9,False
আমার একটা কেক চুলাতে রান্না হতে ৩৫থেকে ৪০ মিনিট সময় লাগে উনি এত কেক বানাই তা প্রশ্ন কারণ ৪০ টা কেক বানাতেও অনেক সময় প্রয়োজন,Neutral,25,False
বাটপার গরা মুরগীর মাংস রান্না করে বেচে ও,Negative,8,False
এই ধরনের মুরি চানাচুর অছাঘ বা কাচরা অপরিস্কার এদে আইন অনুযায়ী বন্দ্যো করে দেওয়া উচিত,Negative,15,False
সংযোগ স্থির থাকে,Positive,3,False
ভাই আপনার হাতে একটা হ্যান্ড গ্লাভস লাগান এভাবে দেখতে ভালো লাগে না,Negative,12,False
ভাই এটা কোন জায়গা নাম বলেন দূরেতে,Neutral,7,False
আলহামদুলিল্লাহ আমাদের সুচতুর বুদ্ধিমান ফয়সাল মাহমুদকে রাখলে মাননীয়া আপনার দোকানের উন্নতি ঘটবে এবং সকল কাজ সে করতে পারবে ইনশাল্লাহ,Positive,19,False
কলকাতায় কোথায় এই চোর বাজার,Negative,5,False
পিছনের আঙ্কেল ভাইরাল হইয়া গেছে,Neutral,5,False
আপনার ভিডিও আনেন ভালো সব ভিডিও কাজের,Positive,7,False
এক্টা জায় গায় খাইতে,Neutral,4,False
ভোক্তা অধিকার জানানো দরকার,Neutral,4,False
অনেক লোভনীয়,Positive,2,False
ভাই ওগুলো কি আসলে আসল ফোন না ফেক,Neutral,8,False
আমি আছি সেরা বাবুর্চি লাগলে বলবেন,Positive,6,False
এটা কোথায় ভাই আমি যেতে চাই,Neutral,6,False
কোন জায়গায়,Neutral,2,False
ভাইয়া ইডিয়া থেকে কি অর্ডার করলে পৌঁছানো সম্ভব একটু জানাইয়েন,Neutral,10,False
থুঃ খুব জঘন্য,Negative,3,False
ভুল হয়ে গেলো একটু দিদি বাঙালি রা কখনোই খায় না মোল্লারা খায়,Negative,12,False
গরীব আর কেউ থাকতো না,Neutral,5,False
খাবার একেবারে বাজে,Negative,3,False
অনেক সুন্দর খাবার,Positive,3,False
আরো সফলতা পাবে ইনশাল্লাহ,Positive,4,False
খুব মজাদার খাবার,Positive,3,False
অসাধারণ হয়েছে আমাকে একটু সাপোর্ট করুন,Positive,6,False
আরে ভাই এগুলো সব ভাইরাল হওয়ার ধান্দা ধান্দাবাজ,Neutral,8,False
কথা বলতে বলতে থুতুও মিশাচ্ছে,Negative,5,False
কে কে এটা খেতে আসছে,Neutral,5,False
আপনার ফোন নাম্বার দেন,Neutral,4,False
দিবি যখন কম দিয়ে লাভ কি,Positive,6,False
খুব সুন্দর স্বাদ আর ফ্লেভার,Positive,5,False
দাম কি ওইটাই,Neutral,3,False
বাঙ্গালী যে বোকাচোদা,Negative,3,False
আমার সবচেয়ে পছন্দ চিংড়ি মাছ,Positive,5,False
করিমুল্লাহ না চোরাইখানা,Negative,3,False
লোক রাখার কি দরকার নিজের স্বামী হলে তো ভালো হয়,Neutral,10,False
আপনাদেরকে ধন্যবাদ,Positive,2,False
সুন্দর লাগতেছে,Positive,2,False
দেখলেই খেতে ইচ্ছা করে,Positive,4,False
ঘুষের টাকা দিয়ে সবই খেতে ইচ্ছা করবে,Negative,7,False
কষ্ট করলে কেষ্ট মিলে,Positive,4,False
পসম গুলা ভিতরে রয়ে গেছে ভালো করে ক্লিন করার দরকার ছিল,Negative,11,False
অভিযান অব্যাহত থাকবে এটি প্রত্যাশা রাখি আইনশৃংখলা বাহিনীকে অসংখ্য ধন্যবাদ,Positive,10,False
অতিরিক্ত গরম হয়,Negative,3,False
বলছিলাম যে আমি যাব,Neutral,4,False
চোর ৩০০০ টাকায় দেয় শেষ পর্যন্ত জেল,Negative,7,False
ভাইয়া আপনে অনেক মজার মানুষ,Positive,5,False
ওয়াও অসাধারণ,Positive,2,False
মজা হবে অনেক সুন্দর হয়ছে রান্না,Positive,6,False
ঈদের পরে আসবো দেখা হবে ইনশাআল্লাহ,Positive,6,False
৫ হাজার মধ্যে খাট আছে,Neutral,5,False
দাদা তোমার নাম্বার টা দাউ,Neutral,5,False
ভিউবার জন্য এগুলা করা,Neutral,4,False
খাবার হোটেল আবাসিক হোটেল,Neutral,4,False
বেটার ব্যবসায় নজর লাগছে,Neutral,4,False
কাপড়ের কাপড় খুব নরম পরতে ভালো লাগে,Positive,7,False
বাহ অনেক সুন্দর আর এমনিতেও সকলেই বিয়ে বাড়ির রান্না করা মাংস সবার অনেক পছন্দ আর তিনি ৮০০ টাকা কেজি রান্না করা মাংস বিক্রি করছে যেখানে কাচা মাংস কেজি ৭০০ সেখানে তিনি ৮০০ টাকায় রান্না করা মাংস বিক্রি করছে যায় হোক অনেক ভালো উদ্যোগ,Positive,43,False
হাসের দোকানে পাসের দোকান চা পাওয়া যায় স্যুপ খেতে হলে ভাই,Neutral,11,False
বেগুন ভর্তা টমেটো ভর্তা আলু ভর্তা মাছ ভাজি,Positive,8,False
ওয়াও অনেক লোভনীয় রেসিপি,Positive,4,False
এর সাথে পুলিশ জড়িত এরা দুই দিন পরে আবার শুরু করবে,Negative,11,False
আমি শিখতে চাই কি ভাবে শিখবো,Neutral,6,False
শালার বাংগালি সব পারে,Negative,4,False
গায়ে ভালো ফিট হয়েছে,Positive,4,False
এই ধরনের আমিও করি,Positive,4,False
সার্ভিস উন্নত করা দরকার,Neutral,4,False
আপনার ফোন নম্বর দিন,Neutral,4,False
যত মেঘ তত বৃষ্টি না ভাই বুজতে হবে ব্যাপারটা বুজতে হবে,Neutral,11,False
ভালো করে বুঝানোর জন্য ধন্যবাদ ভাইয়া,Positive,6,False
বাসি খাবার বিক্রি করে,Negative,4,False
আপনার লোকেশন কোথায়,Neutral,3,False
চাকরি না করে ব্যবসা করাই ভালো,Positive,6,False
খাওয়ার পর মনে শান্তি এসেছে,Positive,5,False
খুব দুঃখজনক,Negative,2,False
একসাথে সব গুলো টেবিলে সাজিয়ে নিলে পাড়া যায় ব্যাপার না,Neutral,10,False
তোমার এই ভিডিও টা সত্যিই অনেক,Positive,6,False
বাহ অসাধারণ আয়োজন,Positive,3,False
উদ্যোক্তার গল্প গুলো শুনতে অনেক ভালো লাগে,Positive,7,False
আমাদের এখানে টাকায় পাওয়া যায়,Neutral,5,False
মাশাআল্লাহ অনেক লোভনীয়,Positive,3,False
চিকেন কি সিদদ ছিল নাকি কাচা,Neutral,6,False
এটা আখনি নাকি তেহেরি,Neutral,4,False
মাশাআল্লাহ অনেক সুন্দর একটা কথা বলেছেন,Positive,6,False
অবশ্যই আপু চালিয়ে যান পাশে আছি,Positive,6,False
চাপাবাজির একটা লিমিট থাকা উচিত উনি যে আস্ত মুরগিটা দেখাইলো ওটার ওজন কি করে এক কেজি ৬০০ গ্রাম হয় আর এদের এখানে কিছু হলুদ ইউটিউবার যায় আর এইসব ইউটিউবার জন্য এরা ভাইরাল হয়,Negative,33,False
নষ্ট হলে ফেরত দিতে পারবেন,Neutral,5,False
দুই হাত দিয়ে ফুচকা বানালেন এবং একটা চুল পেলেন আগেই,Negative,10,False
কোন শিক্ষিত মানুষ এই গুলি কিনে খাবে না,Negative,8,False
তোমার গলার তুলসীর মালা কোথায়,Neutral,5,False
এই দেশে বিসনেস করা পাপ সরকারি চাকুরী করা সয়াব এর কাজ,Neutral,11,False
ব্যবসা করলে কি হইছে,Neutral,4,False
ছোট লোক মানে কি,Negative,4,False
ওই চলা পর্যন্তই বাড়ি গিয়ে দেখবেন সব খুলে খুলে পড়তাছে সেদিন না পড়লেও পরে পড়বে দেখবেন,Neutral,16,False
আপনার উচিত ছিলো প্রথমে মুরিটা টেষ্ট করা এর পর মুরগীর লেগ রোষ্ট,Neutral,12,False
বাজারের মেয়ে,Neutral,2,False
ভাই আমরা দাম কম পেয়ে এই চুরির মাল গুলো কিনি বলে চোরেরা আরো চুরি ছিনতাই করতে উৎসাহ পায়,Negative,18,False
স্বাভাবিক মান,Neutral,2,False
মুরগী রান্না করা দেখালেন না,Neutral,5,False
চাউল ও মাংসের চাইতে মশলা বেশি,Neutral,6,False
ব্যবসার নামে ডাকাতি,Negative,3,False
রান্নাটা খুব ভালো ভাবে দেখানোর জন্য ধন্যবাদ ভাই,Positive,8,False
হাতে গ্লাভস থাকা উচিত ছিলযেভাবে আলু গুলোরে মাখান দিছে আর হাত দিয়ে মুড়ি মাখা করছে আবার মুরগির পাগিলা কলিজা গুলো ও হাতে নিলোএটা দেখতে ভালো লাগেনি,Negative,26,False
সুন্দর ভিডিও গ্যাভাডিং প্যান্ট এর জন্য এরকম ভিডিও দিন,Positive,9,False
কোথাও নিউটাউন কোথাও মুর্শিদাবাদ বলেছেন বুঝলাম না,Neutral,7,False
বালের ব্লগ ঠিকানা নাই,Negative,4,False
সকালে কি খালি পেটে খাওয়া যায়,Neutral,6,False
এমন চটকদার খবর দেখে কত মানুষ যে ধরা খায় তার খবর কে রাখে,Neutral,13,False
অসাধারণ হয়েছে দোয়া করি এগিয়ে যান ইনশাআল্লাহ,Positive,7,False
ভালো পরিবেশের দুর্ভিক্ষ,Negative,3,False
খাওয়ার পর এক কাপ গরম চা হলে কিছুই লাগে না,Positive,10,False
আগামীকাল কথ বলবো,Neutral,3,False
সাইজ প্রায় ঠিক,Neutral,3,False
চাকা চাকা মাংস,Neutral,3,False
ভুক্তা অধিকার এদের ধরে জিজ্ঞেস করলেই হয়,Neutral,7,False
ভাই ভাটপার ভাটপার গত বছর আমি মাল এনেছি ৯০ মাল রিজেক্ট,Negative,11,False
এখানে সব চোরাই ফোন মনে হচ্ছে না,Neutral,7,False
এইটা কিভাবে সম্ভব,Neutral,3,False
গত বছর আমার একটা চুরি হয়েছিল,Negative,6,False
কি যে বালছাল বানায় ঢাকায় কোন খাবারে স্বাদ না,Negative,9,False
বাপরে বাপ বাল,Neutral,3,False
এই কেক বিক্রেতার কথা শুনে আমারও সন্দেহ হচ্ছে এর কেকে ভেজাল থাকলেও থাকতে পারে,Neutral,14,False
আলহামদুল্লাহ ভাই আমিও পড়ালেখার পাশাপাশি ব্যবসা করতেছি দোয়া করবেন,Neutral,9,False
কুকুরের খাওয়ার জন্য,Negative,3,False
পৃথিবীতে কোন মানুষ অশান্তি তে থাকতে চায় না,Negative,8,False
২০ বছর বয়স হলে পাগল হবে,Neutral,6,False
আলী এক্সপ্রেস ভালো পণ্য দেয় না প্রবলেম আছে,Negative,8,False
পেটের সমস্যা হবে কিভাবে একদিন নাঈন্দে আরেকদিন খাওয়াইলে সমস্যা তো হইবার কথা না,Neutral,13,False
অনেকেই আমাকেও বিদেশ যেতে বলে তবে আমীর চিন্তা আমি ব্যবসা করব,Neutral,11,False
আমার ও খুব পড়ছে চুল,Negative,5,False
আমাকে সবাই একটু সাপোর্ট করবেন প্লিজ,Neutral,6,False
সব ভালো লাগলো খালি হাতে মুরি মাখানো ভালো লাগলো না,Negative,10,False
আপনার রান্নার স্টাইল এবং বিস্তারিত বর্ণনার ধরন ভালো লাগে আরও ভালো লাগে কারণ আমার বাড়ীও নোয়াখালী তাই,Positive,17,False
ভাই আমি আপনার অনেক বড় ফ্যান প্লিজ রিপ্লাই দেন,Positive,9,False
ভালো তাও খাবো,Positive,3,False
খুবই ভাল ব্যবহার এবং অনেক হেল্পফুল ওনার কাছে গিয়ে কখনো নিরাশ হই নাই নিজে ব্যাট কিনছি এবং ফ্রেন্ডদেরকেও কিনে দিছি,Positive,20,False
আল্লাহ এর বিচার করো,Negative,4,False
খারাপ মহিলা,Negative,2,False
এসব লোভনীয় আর বাটপারি ভিডিও প্রকাশ করে প্রতিটা সেক্টর নষ্ট করা হচ্ছে ইনকাম করা যতটা সহজ দেখাচ্ছে বাস্তবে অনেক কঠিন কেউ লোভে পড়বেন না,Negative,24,False
প্লিজ সাপোর্ট করেন,Neutral,3,False
হাঁসের দোকানে পাশের দোকান কোন জায়গায় আসবে আপু কইয়া দেন,Neutral,10,False
খুবই ভালো শুভকামনা রইল,Positive,4,False
একে খালি সবাই অসুস্থ হয়ে যাবে,Neutral,6,False
দারুন অসাধারণ,Positive,2,False
ভোক্তা অধিকার আসবে এগুলো ভুয়া কসমেটিক্স,Negative,6,False
কোথায় পাওয়া যাবে,Neutral,3,False
দোকানের মালিক বড় ডাকাত,Negative,4,False
ভাইগোস্ত টা রান্না করা লাগবে নাচাউল দেওয়ার আগে,Neutral,8,False
দেখতেই লোভোনিও লাগছে,Positive,3,False
আরও সুযোগ পেলে বড় ব্যবসায়ী হবে একদিন,Neutral,7,False
নতুন কিন্তু অসাধারণ স্বাদ,Positive,4,False
ভাই আপনার নাম্বার দেন,Neutral,4,False
আপনার মতো করে কেউ বুঝায়নি কখনো অনেক সুন্দর হয়েছে আপনার বুঝানো,Positive,11,False
আপনার খাওয়া দেখে আমার জিভে পানি চলে আসলো,Positive,8,False
ওকে জিজ্ঞেস করেন ১০০০ টাকায় ওর পুঁজি কত আর টেকে কত খালি ভিডিও বানালেই হয় না,Neutral,16,False
এরা চোরদের আছরয় দেয় কেনো তারাতো একজন ব্যবসায়ী,Negative,8,False
গুলিস্তানের নকল মাল কিনা আমি কি করবো,Negative,7,False
এগুলো চরাইমাল,Negative,2,False
মুরগীর গু থাকে মনে পড়লেই গা গিন গিন করে ওয়াক,Negative,10,False
আমার কাছে তো টাকা নাই,Neutral,5,False
ফুট পাতে বসা দোকান গুলো থেকে জিনিস কিনবেন না,Positive,9,False
সুন্দর উদ্যোগ নিয়েছেন আপু,Positive,4,False
এটা দেখে ক্ষুধা মরে গেছে,Negative,5,False
পরিমাপ কিভাবে নিবো,Neutral,3,False
খুব সুন্দর খাবার,Positive,3,False
লাখ টাকার মাল তো দেখালেন না ওয়েবসাইটে থাকলে হবে,Neutral,9,False
মজুমদার খাবার,Positive,2,False
নদীর পাড়ে ভাতের দোকান ভালো,Positive,5,False
গরুর মাংস এর সামনে কিচুনা,Positive,5,False
কাপড়ের ডিজাইন সুন্দর,Positive,3,False
চাল মোটামুটি,Neutral,2,False
আপনের সবগুলো রান্নাই অনেক লোভনীয় হয়,Positive,6,False
ও মা গো,Neutral,3,False
খাবারের রং একেবারেই আকর্ষণীয় না,Negative,5,False
একবার খেয়েই অনুতপ্ত হয়েছি,Negative,4,False
এই দামে পারফিউম ভালো,Positive,4,False
মধ্যপ্রাচ্যের সবচেয়ে সস্তা মাংস হচ্ছে উটের মাংস যার থেকে গরু বা দুম্বার মাংসের দাম বেশি কুয়েতে ১ কেজি উটের মাংসের দাম বাংল,Neutral,22,False
নতুনরা কোথায় ছোট্ট পরিবারে আসো ভালোবাসা থাকবে বুকভরা,Positive,8,False
খাবারের গন্ধে খেতে ইচ্ছে করে না,Negative,6,False
একদম রাইট কথা বলেছে সেজন্য আপনাকে অসংখ্য ধন্যবাদ রইল ব্রাহ্মণবাড়িয়া পক্ষ থেকে,Positive,12,False
আপনর কাজ আপনী করেনএমন কাজের লোক দুনিয়াতে নেইএলিয়েন নিলে কিছু বলার নেই,Neutral,12,False
যত পাগল ছাগল আচে এই ভিডিও নিয়া,Neutral,7,False
১০ হাজার বিক্রি করে ৬ হাজার লাভ হলে আপনাকে বেতন দিয়ে রাখবো না হলে ভাঙা ভিডিও করবেন না,Negative,18,False
খুরসা বেচে দেখেন কিমুন লাগে,Neutral,5,False
বহুদিন যাবত ব্যবসা করি কোয়ালিটি ভালো,Positive,6,False
আপনার কাছে চামচ নাই,Negative,4,False
খুব বাজে গন্ধ ছিলো,Negative,4,False
এগুলোর মালিকদের হাতে পৌঁছে দিন আইইএমআই যাচাই করুন ধন্যবাদ,Positive,9,False
একদম ঠিক হিসাব বরাবর,Neutral,4,False
যখন বলবে আর ২০০ টাকা দেন দোকানদার রাজি আছে,Neutral,9,False
এসব কি,Neutral,2,False
একেবারেই ফালতুযারা একবার খাইছে তারা প্রবর্তিতে খাইতে গেছে এমন কেউ কি আছেন এখানে থাকলে আওয়াজ দিয়েন,Negative,16,False
আপু আপনার ঠিকানা কি,Neutral,4,False
অনেক মজা হবে,Positive,3,False
আসলেই তাই,Positive,2,False
তিন বছর মাংস আছে মনে হয়,Negative,6,False
সাথে আলু আর ডিম,Neutral,4,False
একেবারেই অর্থের অপচয়,Negative,3,False
এদেরকে আইনের আওতায় আনা হোক,Negative,5,False
ব্যবহার করে খুশি,Positive,3,False
সবাই আমার পেইজ থেকে ঘুরে আসুন প্লিজ আশা করি ভালো লাগবে,Positive,11,False
ভাই ঠিকানা কোথায়,Neutral,3,False
ওয়ালাইকুমুস সালাম,Neutral,2,False
বন্ধুরা সবাই কেমন আছেন সবাই আমার ফুল ভালোবাসা গ্রহণ করুন,Positive,10,False
এ ছবিভিডিও দেয় না দামও বেশি লাভও হয় না,Negative,9,False
তিষি দানা টা কি একটু জানাবেন,Neutral,6,False
ভাইরাল হওয়ার জন্য সব করতে পারে,Neutral,6,False
হুজুগে বাংগালী আরব দেশে উটের মাংস কেও খেতে চাইনা সারাদিন জালিয়ে সেদ্ধ হয়না আশ খেতে কোন স্বাদ নেই,Negative,18,False
মদের চাট,Neutral,2,False
ফিল্টার এর জালায় ত কিছু দেখা ও জায় না,Neutral,9,False
বিশ্বাস করি না,Negative,3,False
একদম সত্যি কথা বলেছেন দাদা,Positive,5,False
ধার্মিক জীবন যাপন,Positive,3,False
এখনো খাওয়া হয়নি দেখে লোভ লাগছে,Positive,6,False
এ পাক করা গরুর মাংসের দাম পড়ে ২০০০ টাকা কেজির উপরে,Neutral,11,False
থুতু খাসি থুতু খাসি পেট ভরে খাবার আগে পরিচ্ছন্নতা রক্ষা করুন,Negative,11,False
মানুষ আপনাদের বাটপার বলে কেন,Negative,5,False
টঙ্গী চেরাগআলী মার্কেট,Neutral,3,False
এক আনায় বাল হয়,Negative,4,False
ভাই টাকার মধ্যে বেস্ট গেমিং কুলার রিভিউ দেন,Neutral,8,False
খাবার এর থালা টা অনেক সুন্দর,Positive,6,False
এটা চুলের জন্য কাজ করে,Neutral,5,False
খেলা হবে ১৮০০৪০০,Neutral,3,False
লোকেশন কোথায় জানাইলে একটু ভালো হয়ে,Neutral,6,False
আমি খাইনি,Neutral,2,False
এটা কোন জায়গায় হোটেল,Neutral,4,False
এই হলো চক্র গ্রুপ,Negative,4,False
বিরিয়ানি যতবারই ট্রাই করেছি ততবারই খিচুড়ি হয়ে গেছে,Negative,8,False
ঢাকা কোথায় এই মার্কেট টা,Neutral,5,False
পেমেন্ট কি পণ্য পাওয়ার পর করতে হবে নাকি আগে,Neutral,9,False
এই খানকির ঘরের খ কত কলা খাইছো খ কতটা কলা নিচেই মধ্যে কখন কি,Negative,14,False
উনাকে ম্যারা দিয়ে হাটে প্রায় ই দেখি শাড়ি শাড়ি নিয়ে বসে থাকেন,Neutral,12,False
এটা চোরাই মার্কেট না,Neutral,4,False
ওই দোকানে আচ্ছে গন্ধ বেশি,Negative,5,False
শরীরের ঘাম খাবারে পড়ছে,Negative,4,False
যারা ক্যাচ ধরতে পারোনা তারা রকেট আপার কাছে খেতে যাইওনা বেইজ্জতি হবাআমি যামুনা,Negative,13,False
স্বাদ একেবারে লোভনীয়,Positive,3,False
জিবে জল খসিয়ে পড়ছে,Positive,4,False
শুনে ভালো লাগলো দোয়া রইলো আপুর জন্য,Positive,7,False
দোয়া রইল আরো বড় হো,Positive,5,False
আলহামদুলিল্লাহ এটা ব্যবসা নয় ব্যবসার আদলে সেবা আল্লাহ মুয়াজ্জিন সাহেবকে ব্যবসা এবং সেবা দুইটির পরিপূর্ণ মর্যাদা দান করুন এই রকম উদ্যোগ দেশের বিভিন্ন জায়গায় ছড়িয়ে দেয়া দরকার যাতে সাধারণ মানুষ উপকৃত হয়,Positive,32,False
শিং মাছের তরকারির রিভিউ টা দিবি কোনো রিভিউ দিতে চান,Neutral,10,False
শুয়োর খা,Negative,2,False
বাঙালি বলে কথা কেউ কিছু করলে পাদ দিয়ে কত গন্ধ আছে গবেষণা করে উনি কেক যেভাবে বানাক মন চাইলে খাবেন না একজন মানুষ উপরে উঠতে চাইলে তাকে কিভাবে টেনে নামাবে এটা দেখুন,Positive,32,False
জায়গাটা কোথায়,Neutral,2,False
মজা না,Negative,2,False
এইসব কি খাওয়া যায়,Negative,4,False
এ ছেলেটা ধাপ্পাবাজ ডলারে ৩টা করে ৩৫ ডলারে করে লাভ করে এবং মানুষকে শেখায়,Neutral,14,False
তোয়াব আলী এর কি যশোর বা মাগুরায় রান্না জন্য দাওয়াত দিলে আসবেন কি না,Neutral,14,False
ওয়াক থু,Neutral,2,False
ওর চারজন কর্মচারী আছে এবং ওরা দুইজন মোট ছয়জন কেক গুলোর ডেকোরেশন সিম্পল যাহোক আমার কাছে মনে হয় দামটা একটু বেশি,Neutral,21,False
ব্রাহ্মণবাড়িয়া ব্রেন,Positive,2,False
ফিটিং করব সেটা নিয়ে ভিডিও চাই,Neutral,6,False
আসলেই অনেক মজাদার,Positive,3,False
খুব ভালো হয়েছে,Positive,3,False
শুদ্ধ বানান শিখেনঘুরা মাছ হবে,Neutral,5,False
আপনার সব রান্না অনেক লোভনীয় হয়,Positive,6,False
আপনি তো এসএমএস এর রিপ্লাই দেন নাহ,Negative,7,False
এটা কোন জায়গায়,Neutral,3,False
দারুন একটা রেসিপি দারুন একটা ভিডিও ধন্যবাদ আপনাকে ভাই,Positive,9,False
দেখেই জিভে জল এসে পড়লো আপু,Positive,6,False
পিছন চুলকানো ঝালমুড়ি নাম দেওয়া উচিৎ,Negative,6,False
দোকানদার একটা বাটপার কথাই বোঝা যায় এটা মনে হয় কোন রিসোর্টের সামনে দোকান নিয়ে বসছে,Negative,15,False
টেবিলে খাবার আসতে অনেক দেরি,Negative,5,False
এই খাবারের নাম শুনলেই জিভে জল আসে,Positive,7,False
চালটা দেওয়ার আগে কি মাংসটাকে সেদ্ধ করা হয় না,Neutral,9,False
সব মিরপুরে কেন অন্য এলাকায় দিন,Neutral,6,False
আসসালামুয়ালাইকুম আপনার ভিডিও দেখে ডেলিভার ি দিয়েছ ে অন্ য একটা খুব ল ো কোয়ালিটির প্রোডাক্ট,Negative,16,False
এইসব ফাঁদে কেউ পা দিয়েন নাহ এগুলা সব কপি এবং চোরাই ফোন কিনলেই বাশ,Negative,14,False
উনি কোথায় কখন বসে,Neutral,4,False
ভাই পছন্দ হইছেরান্না যাবেন নাকি,Neutral,5,False
খাগড়াছড়ি থেকে বলছি কোয়ালিটি ভালো ব্যবসা করি,Positive,7,False
আমি হলে ঐ প্যান্ট ১০০০ টাকার ভিতরে নিতাম,Neutral,8,False
কমেন্ট করে গেলাম সবার জন্য ভালো বাসা রইল,Positive,8,False
গাড়ি আছে বাড়ি আছে টাকা পয়সা আছে তারপরে হোটেলের ব্যবসা করে ব্যবসা তো হালাল,Positive,14,False
আমার মোবাইল টা দিবেন,Neutral,4,False
অনেক মজার ফুচকা দেখলেই খেতে ইচ্ছা করে,Neutral,7,False
বাংলাদেশে আছে কী না,Neutral,4,False
অনেক সুন্দর লাগছে,Positive,3,False
মাংস গুলো অনেক অসাধারণ হবে,Positive,5,False
খাবারের স্বাদ একেবারে খারাপ,Negative,4,False
মেথি আবার কী আমি আজকেই শুনলাম মেথি কি বোলবেন কেউ আমি থেকে বোলছি,Neutral,13,False
চাল শক্ত ছিল,Negative,3,False
প্রোডাক্ট এর প্রাইস এর থেকে অনেক বেশি টাকা নেই এইসব না করে আমার নিজের কার্ড দিয়ে পেমেন্ট করি,Neutral,18,False
জাতীয় ভোক্তাঅধিকার সংরক্ষণ অধিদপ্তর আপনারা এগুলা একটু দেখেন,Neutral,8,False
টাকা মানুষকে কামড়ায় এত টাকা দিয়ে কীভাবে,Negative,7,False
ভাবসিলাম আজকে ম্যাকের পোস্ট টা শেয়ার দিব কাজটা ঠিক হলোনা ভাই,Neutral,11,False
বলেন আমি জাবো দিনাজপুর থেকে,Neutral,5,False
লোভে পড়ে ডাঁর্সে খেয়ে মরে যাওয়ার মত অবস্থা,Negative,8,False
এই দোকান গুলি কি সারাদিন বসে,Neutral,6,False
ইসলাম হলো শ্রেষ্ঠ ধর্ম,Neutral,4,False
নাউজুবিল্লাহ খাবারের সাথে এরকম এর বিচার অবশ্যই আল্লাহ তায়ালা করবেন,Negative,10,False
দামে ঠকানো হয়েছে,Negative,3,False
কিভাবে নিব,Neutral,2,False
মান খারাপ,Negative,2,False
প্যাকেজিং আরও ভালো হতে পারতো,Neutral,5,False
মজার চা,Positive,2,False
ছিক্ষিত খাছি দাম আস্টছো আহো বাতিজা আহো,Neutral,7,False
জাকির তিনি বলছেন সবগুলোই তার বউ বাসায় কেক বানায় শুধু দুইজন হেল্পার আছে আর কিছুই নেই সবই তার বউ সবই তার বউ সবই তার বউ কিছুদিন পর নাকি ইউটিউবারদের দেখাবে কে কিভাবে বানায় তখন আপনারা মনে রাখবেন মাত্র দুইজন সহকারী আর তার বউ পরে যেন জন সহকারী না হয়,Neutral,49,False
আমারও খাসির মাংসের বিরিয়ানি ভালো লাগে,Positive,6,False
চিংড়ি মাছ ভুনা ভীষণ মজা,Positive,5,False
অনেক শুভকামনা রইল এভাবে এগিয়ে যাও তুমি,Positive,7,False
এগুলা খাওয়ার রুচি হয় কেমনে,Negative,5,False
দোকানের নাম বললে উপকার হতো,Neutral,5,False
করিম উল্লাহ কট,Negative,3,False
ফুটপাত দখন করে জনজীবনে দুর্ভোগ পোহাতে আপনার অবদান অনেক,Negative,9,False
ত্বক লাল হয়ে গেছে,Negative,4,False
চোরাই পন্য গুলিস্তানে বেঁচে না এখানে নিন্মবিত্ত এবং মধ্যবিত্তের চাহিদা অনুযায়ী পন্যের যোগান দেয়া হয়,Positive,15,False
ভাই শিরোনামে দেখালেন একটা আর বললেন আরেকটা কেমনে কি,Neutral,9,False
রিটার্ন করতে সমস্যা হয়েছে,Negative,4,False
আমার প্রিয় একটা জিনিস,Positive,4,False
খুবই লোভনীয় খাবার,Positive,3,False
আসবে তোমার দোকানে,Positive,3,False
মিরপুরে কোথায়,Neutral,2,False
এই দোকানে আসা চাই,Positive,4,False
ঠিক আমিও দেখেছি,Positive,3,False
দিতো শেখলাম,Positive,2,False
ভাই এই টা কোন জাইগা,Neutral,5,False
লাভ তো সব আপনি খেয়ে দিচ্ছেন ব্যবসায়ী কি খাবে,Negative,9,False
একজন ক্রেতা হিসেবে যিনি এখান থেকে কিনবেন তিনি জিতবেন যেভাবেই বিবেচনা করেন চমৎকার উদ্যোগ,Positive,14,False
আমরা যদি এদের মত অশ্লীল ভিডিও বানাই তাহলে আপনারা আমাদেরকে ফলো দিবেন,Neutral,12,False
আপু আপনি আমার জন্য দুইটা শাড়ি কিনে দিতে পারবেন প্লিজ,Neutral,10,False
এটা চোরাই মার্কেট না ভিউজ বাড়ানোর জন্য আলাদা মসলা লাগানো আপনাদের স্বভাব,Negative,12,False
পাইকারি নিলেও সেম দাম রাখে না,Negative,6,False
খুব চমৎকার পরামর্শ ধন্যবাদ স্যার,Positive,5,False
দারুণ হয়েছে আমার অনেক পছন্দ,Positive,5,False
দর্জির কাছে কীভাবে প্যান্ট চাপাতে হবে ভিডিও দিবেন,Neutral,8,False
আপনি একটা খবার দোকান ভাড়া নিয়ে নেন রোদ বৃষ্টি তে কেন কাজ করেন,Neutral,13,False
বছর কি বাঁচবেন আপনি,Neutral,4,False
দোষ ত ওনার না আগে হয়তো হোমমেড বিক্রি করেছে ভাইরাসের সংক্রমণে আজ রেডিমেড আনতে হচ্ছে বেচারার কি দোষ,Neutral,18,False
মামু ফ্রিতে ফোন পেলে এরকম রিভিউ ভালোই দেওয়া যায় দরকার হলে একটু টাকা দিয়ে কিনে ভিডিও বানান দর্শকরা দেখার জন্য অধীর আগ্রহে আছে,Positive,23,False
এদের আইনের আওতায় আনা হোক,Negative,5,False
অথেনটিক শেফ থেকে শিখেছি,Neutral,4,False
আমি ব্যবসা শুরু করতে চাই,Positive,5,False
খাসির মেশিন বিচি আর সাথে বিক্রি করছে খাসির পুটরকি,Neutral,9,False
কত ভাই,Neutral,2,False
কি করে বিদেশ থেকে বাংলাদেশে আসে অন্যের ব্যাবহার কাপড় পড়ার চেয়ে দেশের কমদামে কাপড় পড়বো,Neutral,15,False
এটা কোতাথ,Neutral,2,False
কালেকশন অনেক সুন্দর,Positive,3,False
ভাই এসব খাওয়া দেখে আমার দুপুরের খাওয়া টা আর হলো না,Negative,11,False
আমি নিতে চাই কি ভাবে নিব,Neutral,6,False
যাওয়ার সঠিক ঠিকানা দেয়া দরকার ছিলো,Neutral,6,False
আসলে তো অসম্ভব সুন্দর,Positive,4,False
আমরা পাবনার মানুষ কিভাবে আপনার রান্না করা মাংস পেতে পারি,Neutral,10,False
কাপড়ের মান আশানুরূপ নয়,Negative,4,False
কিভাবে ভাত খেতে হয়,Negative,4,False
ভীষণ লোভনীয়,Positive,2,False
আমাদের নারায়নগঞ্জে এমন একটা বুফেদিন ভালো বুফের অভাবে মনের মতো খাবার খেতে পারছি না,Neutral,14,False
পরিবার সবাই খুব পছন্দ করেছে,Positive,5,False
এটা কোন অ্যাঙ্গেল দিয়ে মনে হচ্ছে গুড়া মাছ,Neutral,8,False
অসাধারণ স্বাদের,Positive,2,False
আমরা আরব দেশে থাকি তো দাম একটু বেশি দাম অনেক কম মান অনেক ভালো,Neutral,14,False
দারুণ একটা রান্না আপু,Positive,4,False
ভাই আপনার ভিডিওগুলো দেখে আমরা অনেক কিছু জানতে পারি আপনি থেমে যাবেন না ইনশাআল্লাহ আপনি সফল হবেন আপনি সত্যিকারের দেশপ্রেমিক,Positive,20,False
মাশাআল্লাহ মাশাআল্লাহ খাবার গুলো অনেক সুন্দর ও লোভনীয়,Positive,8,False
ভাই পুজি নাই কিছু মাল পাঠালে বিক্রি করে টাকা পাঠিয়ে দিব,Neutral,11,False
আসতেছি খেতে,Positive,2,False
আপনাদের সাথে যোগাযোগ করবো কিভাবে ম্যাসেজ তো করা যায়না,Neutral,9,False
এটা খাবার না পায়খানা খাওয়াচ্ছে,Negative,5,False
ওয়াও চমৎকার,Positive,2,False
এগুলো সব রেপ্লিকা শাড়ি,Negative,4,False
অর্ডার করা সহজ ছিল,Positive,4,False
ঠিক বলেছেন হোটেলে ব্যবসা করে,Neutral,5,False
পুরান ঢাকা চক বাজার,Neutral,4,False
তাহলে তো খাবারের মান ভালো,Positive,5,False
ভাই এই লোকটা নাকি ভাইরাল হয়েছে আজকেই আমি এর ভিডিওটা দেখলাম এতদিন তো দেখতে পেলাম না,Neutral,16,False
বালের ট্যাপ ট্যাপ সেন্ড,Negative,4,False
আপনি তো সুবিধাবাদী লোক যেখানে যান সেখানে টাই ভালো হয় আপনার কাছে,Negative,12,False
চিংড়ি মাছ টা সেই ছিলো,Positive,5,False
খাবার একেবারে টাটকা ছিল,Positive,4,False
কোন হোটেলের ব্যবসার কথা বলছে আবাসিক হোটেল নাকি,Neutral,8,False
এই মজাটা সবাই বুঝবে না,Positive,5,False
সেইফাটাচ্ছে তো,Negative,2,False
তারপরে ও মেয়েরা খায়,Positive,4,False
দোকান খাবে না খাবারটা খাবে খাবারটা তো দারুন দেখতে দেখে তো মনে হচ্ছে খুব টেস্ট হয়েছে,Positive,16,False
আমার গুণবতী দরকার রূপবতী তো রোজই দেখি খাবার দাবার অতিরিক্ত কেয়ার আদপ কায়দা এসবে পরিপূর্ণ না হলে সুখ আর কোথায়,Neutral,20,False
আমার জিহ্বা পানি এসে পড়েছে,Positive,5,False
ভিডিও করবেন তো ঠিক আছে আবার আরেকজনের বদনাম করার কি আছে,Neutral,11,False
মাছটা শক্ত ছিল,Negative,3,False
ভাই হাতে গেলাপস বেবহার করেন ভালো হত,Neutral,7,False
চাইনা থেকে আমি একটা ফোন আনতে চাই এখন আনতে পারবো কিনা জানালে ভালো হয়,Neutral,14,False
ভাই আমারে যদি ১০০০০ হাজার টাকা দেয় তবুও আমি নিমুনা কারণ উনি যেভাবে হাত দিয়ে তরকারি লাড়াই এগুলো দেখি বলে গাড়ি আইসা ন,Negative,23,False
প্রত্যাশা অনুযায়ী একেবারেই না,Negative,4,False
স্যালারি কত দিবেন জানাবেন তাহলে আমি করব,Neutral,7,False
খুব সুন্দর কালা ভুনা গরুর মাংশ গুলো অনেক সুন্দর,Positive,9,False
পরিবেশনের মান ভয়াবহ,Negative,3,False
তোমার রান্নাটা অসাধারণ হয়েছে,Positive,4,False
প্রতারিত হই,Positive,2,False
বেচতে লাগে আধা ঘন্টা অথচ দোকানে কাস্টমার নাই,Negative,8,False
আপনাদের সাথে কিভাবে যোগাযোগ করবো,Neutral,5,False
লুভনিও লাগছে,Positive,2,False
দারুণ মজাদার খাবার,Positive,3,False
ওরা যদি কিনে বিক্রি করে তাহলে সমস্যা কি,Neutral,8,False
আপনার অপেক্ষায় থাকি ভাইয়া কখন আপনি নতুন কিছু শিখাবেন,Neutral,9,False
১৫০ টাকায় ৫ টি খাবার তিন আইটেম খাইতে ১৬০ টাকা লাগে আর দুই আইটেম কয় টাকা খাব এগুলো আলতু ফালতু ব্লক বানা বন্ধ করেন,Negative,24,False
সুন্দর দাম বলা হইছেতাও একটু বেশি বলা হইছে,Neutral,8,False
আমার একটা প্রশ্ন অর্ডার দেওয়া পন্য কী হোম ডেলিভারি দিবে,Neutral,10,False
ডিল মেরে খাবার দেওয়া হয় কুকুর কে মানুষ কে না,Negative,10,False
পরিবেশ তো ভালো না,Negative,4,False
ভাই আপনি ফ্যামিলি সাপোর্টিং পেয়েছেন আর আমি ফ্যামিলি সাপোর্টেড পাব তো দূরের কথা আর প্রতি মাসে ফ্যামিলিকে আমার দিতে হয়েছে বাবা মা অসুস্থ ওষুধের জন্য টাকা দিতে হয় তারপরও আলহামদুলিল্লাহ বাপমা দোয়া তে অনেক ভালো আছি,Positive,36,False
মামা অনেক সুন্দর ছিল,Positive,4,False
সরকারি চাকরিতে কম বেতন কিন্তু ঘুষ তো অনেক,Negative,8,False
সুন্দর কালার,Positive,2,False
ফ্রী খাইতে যে দেয় তারই প্রশংসা করো তোমরা,Negative,8,False
অনেকদিন পর একটা মনের মত চ্যানেল পাইলাম আপনারা রান্না সত্যিই অসাধারণ,Positive,11,False
চাঁদাবাজির টাকা থাকলে ১০ হাজার টাকা কেজি হল সমস্যা নাই,Negative,10,False
তার কপাল ভাল এই লাইনে সে সাফল্য পেয়েছে অধিকাংশ মানুষই সাফল্য পায় না আমার কাছে দেশে অনলাইন ব্যবসা মানেই ধোঁকাবাজি আমি যতোবার কিনেছি ততোবারই ঠকেছি,Negative,25,False
ব্যবসা চুদানিরা রে ব্যবসা পাইছে এখন একটা হাসবেনা শুরু করছে তোর হাঁস খাওয়া হারাম হয়,Negative,15,False
কখনো খাইনি কিভাবে মুরগির গিলা,Neutral,5,False
বাটপারি ব্যবসা,Neutral,2,False
কতটুকু পানি ফুটালেন ভাইয়া,Neutral,4,False
চিন্তা নাই ভক্তা আইন অধিদপ্তর কে পাঠানো হবে,Neutral,8,False
ভাইয়া লোকেশন কোথায়,Neutral,3,False
যতই হোক আমি খাবো,Positive,4,False
আপনি যেভাবে বলতেছেন ব্যবসার লাল বাতি জ্বালাই দিতেছেন,Negative,8,False
১ টা বাসি ১টা তাজা দিয়া দিছে,Neutral,7,False
বাঙালি ব্যবসায়ীরা লাভ দ্বিগুণ চায় দীর্ঘ লেখা,Negative,7,False
মাশাআল্লাহ দারুণ,Positive,2,False
মজাদার রান্না,Positive,2,False
যাইহোক ফুচকা খাওয়া ছাড়া যাবে না,Positive,6,False
পাইকারি হিসেবে দাম অনেক বেশি চাচ্ছে,Negative,6,False
মাশাআল্লাহ আলহামদুলিল্লাহ,Positive,2,False
ভাই এই দামে আমরা ব্যবসা করতে পারবো না,Negative,8,False
চলেন আপনি আর আমি যেয়ে খেয়ে আসি,Neutral,7,False
চিনি আর টক দইটা না দিলে ভালো হতো কি চিনি আর টক দই দেওয়া লাগবো,Neutral,15,False
অসাধারণ কথা বলে সত্যি বলছো আপু,Positive,6,False
ভাই এত বেশি কইয়েন না ডাবল দামে বিক্রি করা এত সহজ না,Negative,12,False
ভাই তোর ডা কি আর গাড়ি থামাইয়া ড্রাইভাররা মাল নেয় মালিক না আর কোন ভিডিওতে তো ভিআইপি দেখলাম না খালি তো মুখ দিয়ে বলস,Negative,24,False
অসাধারণ ফলো টু ফলো,Positive,4,False
মনে হয় মিথ্যা কথা বলতেছে,Negative,5,False
হার্ডডিক্স এলইডি টিভিতে ব্যবহার করব কিভাবে,Neutral,6,False
চোর বাজার নামটা শুনতে গা শিউরে উঠে কর্তৃপক্ষ আর কোন নাম খুজে পেল না,Negative,14,False
ত্বকে দাগ পড়েছে,Negative,3,False
ভাইয়া আমি আমার ইমেইল এর পাসওয়ার্ড ভুলে গেছি আপনার কাছে একটা অনুরোধ রইল একটা ভিডিও আপলোড করেন কিভাবে আমি আমার ইমেইল টা ফিরে পাবো ভাইয়া আমার ইমেইল এ অনেক ইম্পরট্যান্ট জিনিস আছে আমার খুব দরকার ইমেইল টা,Neutral,37,False
খুব বাজে রান্না হয়েছে,Negative,4,False
ভাই ৫০ হাজারে কম্পিউটার বিল্ড করতে চাই কি কি কিনলে বেস্ট হবে সেটা নিয়ে একটা ভিডিও দিবেন,Neutral,17,False
ভাই আমারও একটা আছে,Neutral,4,False
স্লামালাইকুম ভাই আপনি কিভাবে মানুষের মনের খবর জানেন,Positive,8,False
এরা বেশিরভাগই মানুষকে ঠকায় এবং দাম বেশি রাখে রেট লেখার সময়,Negative,11,False
আমার লোভ লাগছে,Neutral,3,False
ভাই আমিও ট্রাই করেছিলাম বাঠ কী একটা আজব রান্না হয়েছিলো জানি না,Negative,12,False
এ বিষয়টা জানা খুবই জরুরী আপনার ভিডিও দেখে আমার স্টার গুলো আমি তৈরি করি প্লিজ ভাই একটু জানাবেন,Positive,18,False
চিক কতো কাচি বলে কথা,Neutral,5,False
ভাই আপনাদের কাছে জানতে চাই বাথরুমের ময়লা আর ওর খাবারের মধ্যে পার্থক্য কি একটু বলবেন,Negative,15,False
মানুষ ভালো মধ্যেও খারাপ খুজে হায়রে বাঙালি,Positive,7,False
সব সময় বসে উনি,Neutral,4,False
বড় ভাই আমার থেকে শুধু নিচে পুড়ে যায়,Neutral,8,False
আমি অনেকদিন ধরে ভাবছি বানাবো,Neutral,5,False
আশা করলে লাভ হইবোনা আপনার মতো মেয়ে প্রশ্নই আসে না আমরা ব্রাহ্মণবাড়িয়া পোলাপান,Neutral,13,False
অশালীন ভাষা,Negative,2,False
ভিডিওতে ৬টা এডসভিডিও দেখব না এডস,Negative,6,False
এই আমার পায়খানার বালতি এখন পালে,Negative,6,False
দোকানটা রাতে কটা পর্যন্ত খোলা থাকে,Neutral,6,False
আজাইরা ডোকোমেন্টারি কম বানাই বেন,Negative,5,False
আমরাই সেরা,Positive,2,False
আমি চাই কাজ করতে দোকান,Neutral,5,False
এর কথা কাজে মিল নাই,Negative,5,False
ওয়াও সেই থেকে,Positive,3,False
আল্লাহ এই ভাইকে তুমি বরকত দিয়ে ভরপুর করে দাও উনি রান্না করা মাংস মাত্র ৮০০ টাকায় বিক্রি করছেন,Positive,18,False
ভাই আমি আপনার সাথে দেখা করতে চাই,Neutral,7,False
শীতে হাস রান্না খুবই মজা,Positive,5,False
খাবারটা দেখে লোভনিয় লাগছে আমারও এটা পছন্দ,Positive,7,False
ভাইয়া অনেক ভালো হয়েছে,Positive,4,False
খুব সুন্দর হয়েছে হাঁস ভুনা,Positive,5,False
জাস্ট অস্থির বেগুন ভর্তা আলু ভর্তা টমেটো ভর্তা ইলিশ মাছ ভাজি,Positive,11,False
তাবিজ ব্যাবসায়িদের জন্য উদ্দেশ্যমুলক প্রতিবেদন এতদিন ছিল ফ্রিল্যান্সিংএখন ওটা বাদ ইকমার্স লোডিং,Neutral,12,False
আপনার হাঁসের মাংস দেখলে খেতে ইচ্ছা করে,Positive,7,False
৩১৬ টাকার পাওয়ার ব্যাংক দাম পড়বে ৪২১ টাকা এটা ঢাকায় আনা আর আমরা যারা ঢাকার বাহিরে থাকি তাদের কতো পড়বে প্লিস ভিডিওটা তো শেষই করলেন না আর ২ মিনিটে তো ডিটেইল দেখানো যেত ভাই এখানে অনেক তথ্য জানার আছে কারণ ১ টা প্রোডাক্ট হাতে পাওয়া পর্যন্ত কি কি সমস্যা হতে পারে,Negative,51,False
আপনি কেমন আছেন,Neutral,3,False
শাকিলার হাস ভালো না,Negative,4,False
আমার তো এই জিনিসটা দাঁতের নিচে দিতেই কেমন লাগে,Neutral,9,False
পচা মাংস কে খায়,Negative,4,False
এখন ঠিক আছে,Positive,3,False
মাশাআল্লাহ কারো সঙ্গে তুলনা করা উচিত নয়,Positive,7,False
দাম দিয়ে ঠকানো হয়েছে,Negative,4,False
আসমা তুমি নিজে আরো অনেক কষ্টকর ভালো একটা রেস্টুরেন্ট কর ইনকাম করার তারপর লোক বেতন বাড়ি হিসেবে পুজো ফুটপাতের ব্যবসা এটার উপর কোন ভরসা নাই,Neutral,25,False
আইন হওয়া উচিৎ ইউটিউবার বা টিকটিকির বাচ্চারা যাকে খুশি ভিডিওর আওতায় আনতে পারবে না জিজ্ঞেসও করতে পারবে না,Neutral,18,False
এটা কি খুলনা নাকি ঢাকা,Neutral,5,False
দারুণ একটা ভিডিও,Positive,3,False
চামুচ দিয়ে খাবার তুল্লে বেশি ভালো হত,Positive,7,False
ইনশাআল্লাহ আসবো,Positive,2,False
খেয়েই হাগা ধরে যাবে,Negative,4,False
খুব ভাল আপু,Positive,3,False
দারুণ অফার ভাই,Positive,3,False
প্যাকেট স্বাভাবিক,Neutral,2,False
এটা কোন যায়গা ভাই,Neutral,4,False
খাওয়ার মান ভয়াবহ,Negative,3,False
অসাধারণ আপু তুমি এগিয়ে যাও,Positive,5,False
আছি দিন নোটিফিকেশন পাওয়া,Neutral,4,False
গিয়ে খেয়েছিকিমা বিরিয়ানি মজা,Positive,4,False
নোবেল দেওয়া হোক হালারে,Neutral,4,False
হাত দিয়ে কেমনে ধরে,Negative,4,False
এখানে অনেক বাটপার থাকেন লোকেশন বললে প্রতারণা করে,Negative,8,False
জিকিরে রান্না করলে রহমত হয়,Positive,5,False
অনেক লোভনীয় লাগছে,Positive,3,False
মাশাআল্লাহ আলহামদুলিল্লাহ আল্লাহ আল্লাহ আপনি মুরুব্বির নেক হায়াত বাড়িয়ে দিন,Positive,10,False
ভাই এরা মানুষকে হয়রানি করে পেইজে আপলোড দিয়ে টাকা কামানোর জন্য দান্দা করে,Neutral,13,False
উফ কি সুন্দর ভর্তা সাথে ইলিশ মাছ সকালের গরম ভাতের সঙ্গে সেই হবে,Positive,13,False
অসাধারণ সুন্দর একটা ভিডিও,Positive,4,False
ত্বকে মানানসই,Positive,2,False
র্যাকেটের কালার পরিবর্তন করা যায়,Neutral,5,False
আরে পাগলের দল ৩০ টাকা প্লেট বিরানি মানে কি সেখানে ঘোরার মাংস অথবা কুকুরের মাংসও তো দিতে পারে সবাই সতর্ক হোন,Negative,21,False
বাড়ি ঠাকুরগাঁও করবো একটা,Neutral,4,False
মাশাল্লাহ মাশাল্লাহ অসাধারণ,Positive,3,False
ভিন্ন বাদ এরোকোম ভিডিও দেবেন,Neutral,5,False
কমিল্লা বসবেনি,Neutral,2,False
ওষুধ খেতে হলে আপনার দোকানে আসতে হবে,Positive,7,False
আপনাদের সাথে ব্যবসা শুরু করবো,Positive,5,False
যোগাযোগ করার নাম্বার দেন,Neutral,4,False
এই বাটপার কি বাড়িতে বানায়,Negative,5,False
সবই যদি আগের ভিডিও থেকে দেখতে হয় তাহলে এটা কেন,Neutral,10,False
আমার খুব পছন্দের দেখে লোভ লেগে গেছে,Positive,7,False
তারা বাটপরি করলো,Negative,3,False
ভিউ খুব খারাপ মানুষ কিভাবে কিনবে,Negative,6,False
যত হাবিজাবি জিনিসপত্র এগুলো মানুষেরা খায় নাকি,Negative,7,False
৪০০ শো টাকা দেবো আই এম তো অবাক,Negative,8,False
খুব লোভনীয় খাবার,Neutral,3,False
আপনাকে নক দিলে তো পাওয়া যাই নাদামে উটে যান,Neutral,9,False
অরিজিনাল গাবাটিং প্যান্ট নিয়ে ভিডিও চাই,Neutral,6,False
ট্রাই করব লাস্ট ট্রাই,Neutral,4,False
শীত মানেই হাঁস ভুনা,Positive,4,False
ভাই আপনার লোকেশন কোথায় বলেন পিলিচ আর পাসেল করেন না,Neutral,10,False
এই আপুর হাসের দোকানের লোকেশন কোথায়,Neutral,6,False
একেবারেই টেস্টি না,Negative,3,False
সব জেলাতেই এমন করুন,Positive,4,False
এত মায়া কান্নার কিছু নাই উনি মোটেই কেক বিক্রি করে য়পরে উঠতে পারতেন না তার প্রাইস ব্র্যান্ড কেকের চেয়ে বেশি প্রথমে টিকটকাররা ভাইরাল করেছে এখন আর ভালো লাগছে না,Neutral,29,False
এই খাবারের প্রতিটি অংশ অসাধারণ,Positive,5,False
আমার একটা মোবাইল লাগবে ভাই,Neutral,5,False
ভাইয়া মাংস টা আগে রান্না করতে হবে না,Neutral,8,False
হাইজিন লজ্জা পাচ্ছে,Negative,3,False
এই ফোনের মূল আকর্ষণ এর লুক কার্ভ ডিসপ্লে আর স্লিমনেস প্রসেসর না সেখানে প্রসেসর নিয়ে চিল্লা করা বেক্কুবের মতো কাজ,Positive,20,False
বাংলাদেশ এর মানুষ গরীব নয় রে মনু,Positive,7,False
কোথায় এটা,Neutral,2,False
উনার গাড়ি থাকতে পারে বাড়ি থাকতে পারে এজন্য কি সে ব্যবসা করতে পারবে না এটা কেমন ধরনের প্রশ্ন,Positive,18,False
আমার একটা পিসি আছে ইনটেল কোর আই ৩রেম ২জিবিএসএসডি ৫০০জিবি হার্ড ডিক্স গতি খুবই কমেগেছেএখন এর গতি বৃদ্ধি কিভাবে করা যায়অল্প টাকার মধ্যে,Neutral,23,False
ভাই এখানে ডেলিভারি কি বাড়ি দিয়ে দেওয়া হয়,Neutral,8,False
যেই লোকেরা বউ দিয়ে ব্যবসা করে তাদের মত অকৃতজ্ঞ বেহাইয়া লোক পৃথিবীতে কমই আছে,Neutral,14,False
ধন গু ভর্তা গু পায়খানা ভর্তা মাত্র টাকা,Neutral,8,False
বাংলাদেশ খেয়েই মরলো,Negative,3,False
আজগে গেছিলাম দেখতে যেমন ভালো তেমনি খারাপ,Neutral,7,False
পেলেনের থেকে ও নেমে খায়,Negative,5,False
পিতলের পাত্রে রান্না করতেছেন রান্না কি লেগে যায় না,Neutral,9,False
ভাই আমাদের দেশে উটের মাংস ৩০০ টাকা গরুর মাংস ২০০ টাকা ছাগল ৫০০ টাকা আমাদের দেশে এত দামে কেউ খাবে না ভাই,Negative,22,False
আসতাগফিরুল্লাহসত্যিই কি এমনে বানায়,Negative,4,False
লবণ কম,Neutral,2,False
আন হাইজেনিক,Negative,2,False
গরুর মাংসের কালা ভুনাটা খুবই লোভনীয় ছিল,Positive,7,False
আমি নিতে চাই লাম কমেন্ট দেখে খারাপ লাগছে,Neutral,8,False
এখন করিম উল্লাহ মার্কেটের দোকান বাতিল করা হউক,Negative,8,False
এক বছর হয়ে গেছে পাইনি,Negative,5,False
এটা কিসের ছুপ,Neutral,3,False
আপনার ভিডিও কেটে অনেকে এড দিচ্ছে ভাই এতে অনেকে প্রতারণা শিকার হতে পারে,Negative,13,False
বুধবার কয়টায় বসে মেলা,Neutral,4,False
মুরগী বিরায়ানি হলে দাম ঠিক আছে,Positive,6,False
প্রাইস কত,Neutral,2,False
আমি অর্ডার করসিলাম ২৩ মাসেও আসে নাই কি প্রবলেম হইসে,Negative,10,False
চিংড়ি মনেই মজা,Positive,3,False
আলু ভর্তা বেগুন ভর্তা টমেটো ভর্তা,Positive,6,False
নাফুচকা আমার এত পছন্দের না,Negative,5,False
কি যে বলব দেখেই তো খেতে ইচ্ছে করতেছে খুব মজার খাবার এটা আমার অনেক পছন্দ,Positive,15,False
দারুণ মজার রেসিপি,Positive,3,False
ভাই ঘোড়া চিংড়ি কি,Neutral,4,False
সবাই ধুমসে শেয়ার করতেছে ম্যাকবুক এর জন্য এই সময় আপনি এইটা না করলেও পারতেন ভাই,Neutral,15,False
আমার চুরি হইছে,Negative,3,False
আমি যতবার বিরিয়ানি রান্না করতে যাই ততবার খিচুড়ি হয়ে যায়,Negative,10,False
একবার খেলে মনে গেঁথে যাবে,Positive,5,False
জি আপু,Neutral,2,False
রান্নার কালার অনেক সুন্দর আসছে,Positive,5,False
ভাইয় নিচে পুড়ে যায় কি করবো,Negative,6,False
ভাই ঠিকানা কোথায় বলেন,Neutral,4,False
এত দাম দিয়ে কেউ নিবে না,Negative,6,False
খুবী ভদ্র দোকানদার,Positive,3,False
কয়দিনের বাসি,Negative,2,False
কী কী করতে হবে বলুন,Neutral,5,False
আরে ভাই ময়দা ডিম ভাঙ্গার মেশিন দিয়ে গুলেন হাত কেনো দেখতে কেমন দেখায়,Neutral,13,False
ওয়াও অনেক লোভনিয়,Positive,3,False
অখাদ্য কে খায়,Negative,3,False
মানুষের ক্রিয়েটিভিটি কখনোই দমিয়ে রাখা যায় না আপনার জন্য শুভ কামনা রইলো,Neutral,12,False
আপনারা রিপ্লে দেন না কেন,Neutral,5,False
অসাধারণ সুন্দর হয়েছে স্যার,Positive,4,False
আসলে হেন্ড থাকলে কেক বানাতে কোন ব্যাপার না তিনি হয় তো বিভিন্ন বেকারদের থেকে কেক নেয় তাই সম্ভব আর অসুস্থ হলে তো কেক বানাতে আরো সময়ের ব্যাপার,Neutral,27,False
মানুষ রুচি,Neutral,2,False
খাবারে কোনো বাজে গন্ধ ছিল না,Positive,6,False
আমারে এক,Neutral,2,False
এই রকম করে রান্না করার অনুরুধ রইল,Positive,7,False
এ মাল মাল বলে কেন মালের কি নাম নেই না কি,Neutral,11,False
এটা অন লাইনে নেওয়া যায় কি না,Neutral,7,False
মিক্সচার দিয়ে গোসল,Negative,3,False
লোক মিথ্যা কথা কইতাছে এগুলো সবই ব্যবহৃত মাল,Negative,8,False
ইউটিউবার মাদারিরা এখানে খেলে এটিকেও শেষ করেই ছাড়বে,Negative,8,False
বাটপার ফোনে কথা বলে না,Negative,5,False
ভুয়া টেস্ট হাজী মাখন বেটার,Negative,5,False
হোটেল মালিক পাকা রাজাকারের বাচ্চা,Negative,5,False
খুবই লোভনীয় খাবারগুলো,Positive,3,False
কি পরিমাণ প্রতারণা দেখতে হুজুর কিন্তু আদতে প্রতারক,Negative,8,False
পৃথিবীর কোন শক্তি আমার চুল পড়া রোধ করতে পারবে না,Negative,10,False
কি আর করবে ব্যাবসা এক টা করাই লাগে ভাই,Neutral,9,False
এখানে নিশ্চয় আমারদের একটি ফোন আছে,Negative,6,False
আপনার ভিডিও অনেক ভালো লাগে,Positive,5,False
অনলাইনে অর্ডার করা প্রোডাক্টের মান ভালো ছিল,Positive,7,False
ভাইরাল হওয়ার জন্য এরকম করে,Neutral,5,False
বাহ্ বাহ্ চমৎকার,Positive,3,False
জঘন্য টেস্ট,Negative,2,False
আমি সাহস পাচ্ছিনা কিভাবে যে শুরু করে আমাকে সাপোর্ট দেন সবাই,Neutral,11,False
আহা অসাধারণও অসাধারণ দেখেই লোভ লেগে গেল,Positive,7,False
আসলে চেষ্টা করলে মানুষ সবই পারে,Positive,6,False
দেখতেই তো মজা লাগছে,Positive,4,False
খেতে চাই আবার,Positive,3,False
তোমার দোকান কোথায় আস্তে চাই,Neutral,5,False
মেয়েদের সেরা খাবার,Positive,3,False
দারুন হয়েছে রান্না,Positive,3,False
বাহ খুব ভালোই,Positive,3,False
দাম অনেক বেশি ফালতু,Negative,4,False
কিন্তু ওখান কলকাতা পুলিশ কিছু বলে না ওদেরকে,Neutral,8,False
মনে হয়েছে বাসি খাবার,Negative,4,False
খুব ভালো লাগলো রেসিপি টা,Positive,5,False
লোকেশনটা বলেন কোথায় এটা,Neutral,4,False
এগুলো সব পুরানো এবং ব্যবহার করা পোশাক ওনারা নতুন বলে বিক্রি করছে,Negative,12,False
ভাই পার্সেল দেয়া যাবে,Neutral,4,False
এইগুলা খায় কে,Negative,3,False
দাম বেশি ২৫ হাজার হলে ঠিক হতো,Neutral,7,False
ভাবি হোটেলে ব্যবসা করে,Neutral,4,False
খুব মজার মনে হয়,Positive,4,False
কিভাবে মিট করবো,Neutral,3,False
আচ্ছা এই বিরিয়ানি রান্না করতে কত টাকা খরচ হইছে প্লিজ একটু বলবেন,Neutral,12,False
কাকরা খাওয়া হারাম নাকি আপু তাহলে এগুলোকি,Neutral,7,False
আল্লাহ ভাইটি কে যেনো ভালো রাখেন,Positive,6,False
এগুলো তে রং দিচ্ছে,Neutral,4,False
নিন্ম মানের পণ্য দেকানে দেখায় একরকম মাল দেয় এক রকম,Negative,10,False
৪০০টাকা দাম কীভাবে হয় ইলিশের কেজি কত সবাই দেখি ৪০০ টাকাকে ঠিক দাম বলতেছেন,Negative,14,False
দুধ চা কি চা বিক্রি করেন রং চা না দুধ চা,Neutral,11,False
ভালোবাসা দিলে ভালোবাসা মিলে একদম রাইট কথা বলেছেন সবার জন্য ভালোবাসা রইলো,Positive,12,False
প্রথম কামড়েই প্রেমে পড়ে গেছি,Positive,5,False
এই দোকানে গিয়ে দুইটা চেয়ারের দাম শুনে অজ্ঞান হতে হতে হয় নাই,Negative,12,False
চাউল বিজিয়ে রাখলে বেংগে জায়,Negative,5,False
সুন্দর কালেকশন,Positive,2,False
কোথায় ভাই,Neutral,2,False
সবসময় এখান থেকেই কিনি,Positive,4,False
এক ফোঁটা ঘামেই পেট ভরে যাবে,Negative,6,False
এসব পেইজ আমি ফলো দেইনা যারা রেসিপি দেয়না,Neutral,8,False
কঠিন বিচার করা হউক আমার ফোন হাতেনাতে ধরেছি করিম উল্লাহ মার্কেটে তাও আমার সাথে বাটপারি করছে সেকেটারি,Negative,17,False
আপনার মোবাইল নাম্বার দেন না কেন,Neutral,6,False
সবমিলিয়ে অসাধারণ লাগলো আপু ভিডিও টা,Positive,6,False
থু থু থু,Negative,3,False
অনলাইনে বিক্রির জন্য ভিডিও দেয় না শুধু দোকানে আসার জন্য ভিডিও হোয়াটসঅ্যাপে মেসেজের কোনো রেসপন্স দেয় না,Negative,17,False
দেখে মনে হচ্ছে মজার রেসিপি হয়েছে,Positive,6,False
আজ থেকে আর ফুচকা খাবো না চি,Negative,7,False
ছি ছি ছি জীবনে আর খাব না,Negative,7,False
আলহামদুলিল্লাহ মুয়াজ্জিন ভাই টি অনেক ভালো মনের মানুষ ইসলামের আলোয় সে একজন আলোকিত মানুষ,Positive,14,False
চিংড়ি এক প্রকার প্রাণী এটা গুরা মাছ না,Neutral,8,False
ধন্যবাদ ভাই আপনাকে এক কথায় অসাধারণ,Positive,6,False
এসব চাপা কেউ বিশ্বাস করবেন না,Negative,6,False
আমার অনেক প্রিয়,Positive,3,False
ভাই শুধু রেকেট স্ট্রিং করবো কুরিয়ারে কোনো ব্যবস্থা আছে,Neutral,9,False
কাজ ভালো হলে শুধু অর্থ না বরং মানুষের ভালোবাসা ও দোয়া পাওয়া যায় যা ওনার ভিডিও ও কমেন্ট দেখে বুঝা যায় আলহামদুলিল্লাহ আল্লাহ ওনাকে নেক হায়াত দান করুক আমিন,Positive,29,False
হ্যান্ড গ্লাভস ব্যবহার করেন,Neutral,4,False
খুব সুন্দর হয়েছে বাট আমি এগুলো খাই না,Neutral,8,False
হাসের দোকানের পাশের দোকান চা পাওয়া যায়,Neutral,7,False
আলহামদুলিল্লাহ ভাই খুব ভালো লাগলো,Positive,5,False
ডুবলে রবি কাঁদবে বসে বাউল সম্রাট কারী আমির উদ্দিন,Neutral,9,False
ভাই এতো মসলার নাম বাদ দিয়ে বলেন খাবার ভালো মসলা তো দিতেই হবে খাবারে সেটা যত পদেরই হওক,Neutral,18,False
আগের মতো মজা নাই আসলাম বিরয়ানী,Negative,6,False
আপি সবাইকে নিয়ে আপনিও গ্লাভস ক্যাপ পরেন,Neutral,7,False
যারা এটা খায় তারা বুদ্ধিহীন,Negative,5,False
আমি একজন অনলাইনের উদ্যোক্তা হতে চাই কি করতে হবে,Positive,9,False
অনেক আগেই এই স্লিম ফোন বের করে দিয়েছে সেম থিকনেস এ,Neutral,11,False
সুপ খেতে হলে ভাই ভাই অবশ্যই আপার দোকানে আসা চাই,Positive,10,False
গুলিস্তান কোন জায়গায়,Neutral,3,False
ছাপট করলে ছাপট পাবেন ভালো বাসা অবিরাম,Positive,7,False
অনেক সুন্দর উদ্যোগ আল্লাহ তায়ালা ব্যবসায়ে বরকত দান করুক,Positive,9,False
সুন্দর লাগছে,Positive,2,False
ভাই ব্যবসাটা এত সহজ না দুনিয়া কঠিন,Neutral,7,False
ছি ছি ছি আর খাবোই না আর কিনবোও না,Negative,9,False
কত বড় ওভেন আছে জানিনা কিন্তু উনার বাসায় বড় এসি আছে এসিতে কেক গুলা জমায়,Neutral,15,False
এরা যেভাবে খবর প্রচার করে তাতে মনে হয় রুপকথার গল্প মনে করলাম আর হয়ে গেলো,Negative,15,False
ফোন নম্বর দিন,Neutral,3,False
দারুণ লাগলো সাম ভাই,Positive,4,False
মিরপুর ১০ ব্রাঞ্চে গেছিলাম চরম হতাশ হয়ে ফিরে এসেছি,Negative,9,False
গুড়া মাছ এটা তো ইচা মাছছোট চিংড়ি মাছ,Neutral,8,False
সকালে ফেসওয়াশের পর সরাসরি সানস্ক্রিন ব্যবহার করব,Neutral,7,False
মজা লাগলো এমন ভিডিও আরও চাই,Positive,6,False
দারুন কাজ করছেন আপনার দইলা দে অন্য অসহায় মানুষ কাজ খুঁজে পেল,Positive,12,False
ব্রাহ্মণবাড়িয়া নাম নিয়ে ভিও কামানোর দানদা,Neutral,6,False
আমার মোবাইলটা কি পাওয়া গেছে,Negative,5,False
বিরিয়ানির মশলার ভিডিও টির লিংক শেয়ার করেন প্লিজ অনেকের ই দরকার,Neutral,11,False
অনেক মেয়েরাই বলে বাজলে সব জীবানু চলে যায় আমার নিজের কানে শুনা,Positive,12,False
এখন গরুতে রোগ খাওয়া উচিত নয় এনথ্রাক্স চলে গেলে খাওয়া যাবে,Neutral,11,False
অনেক গুরুত্বপূর্ণ একটা ভিডিও ধন্যবাদ ভাই,Positive,6,False
দেইখাই জিভে জল চলে আসছে,Positive,5,False
চকবাজারের দাম কম আপনার কাছে বেশি,Negative,6,False
যতো সব মরা মুরগি,Negative,4,False
চোখগুলো ফেলো নাই কেন,Negative,4,False
ধন্যবাদ ভাই চমৎকার উপস্থাপনা আলহামদুলিল্লাহ খুব সুন্দর পরামর্শ দিলেনভালো লাগলো আপনার পরামর্শটা শুনে,Positive,13,False
খুব সুন্দর ও ভালো উদ্যোগ নিয়েছেন আপু,Positive,7,False
আরো চাই এরকম ভিডিও আপু,Positive,5,False
কে বলেছে দেশে দুর্ভিক্ষ লাগবে খাদ্য সংকট দিবে দেশ গরীব দেশের মানুষ না খেয়ে আছে,Neutral,15,False
পণ্য ব্যবহার করা যায়,Neutral,4,False
এই সকল কারখানা বন্ধ করে দেওয়া হোক,Negative,7,False
লোভনীয় হয়েছে,Positive,2,False
অনেক মজার রেসিপি,Positive,3,False
অনেক মানুষ আছেন যারা বিয়ে বাড়ি বা বিভিন্ন অনুষ্ঠানের খাবার থেকে বঞ্চিত হয়ে থাকেন তাদের জন্য এটা অনেক ভালো উদ্যোগ,Positive,20,False
হ্যাঁ ভাই আমরাই বেডি মানুষ,Neutral,5,False
ইউটিউব এর ব্যবসা বাদ দিয়া ভিউ কামানো এর ব্যবসা বাদ দিয়া,Neutral,11,False
চ্যানেল ২৪ এর ও পেট কামড়ানি শুরুউনার ব্যাবসার হুগা মারা শুরু করছে,Neutral,12,False
দাম কতো কি করে পাবো এই মেশিন,Neutral,7,False
মাসে একদিন ছুটি যাদের বাড়িতে আপনার মত বউ আছে তাকে কি একদিনের ছুটি দিলে হবে নাকি বাড়ির ছুটির কাজটা আপনি সামলে নিবেন,Neutral,22,False
কাঁকড়া কেন,Neutral,2,False
সব ঠিক আছে কিন্তু হাত দিয়ে হাতে গ্লাভস বা চামচ দিয়েও তো দিতে পারতেন আসল কথা কি ভাই আমরা বাঙালি তো,Negative,21,False
দাম একদম ঠিক বলছে আপু,Positive,5,False
এটা কোন জায়গায় ঠিকানা বলবেন,Neutral,5,False
অনেক ধন্যবাদ আপু,Positive,3,False
আপু কি বলতে চাইছে পুল ভিডিও দেখতে চাই,Neutral,8,False
বুকিং করব কিভাবে,Neutral,3,False
ব্যক্তিগতঅপ্রাসঙ্গিক মন্তব্য,Negative,2,False
এ তো পুরো মাতাল,Negative,4,False
খেতে ভালো হবে না,Negative,4,False
ভুলে গিয়েছেন বাকিটা,Neutral,3,False
খাংকির পোলা একটা ডাইলক পাইছে গুলশান বনানী থেকে গাড়ি থামিয়ে তার কাছ থেকে মাল নিয়ে যায় আমি বলতে চাই মাদারবোর্ড তোর এখান,Negative,22,False
পরের দিন সকালে টয়লেটের জন্য প্রস্তুত থাকো,Negative,7,False
কাঁকড়া বুনা টা খুব লোভনীয় লাগছে,Positive,6,False
চেহারা তো দেশি লাগে,Neutral,4,False
এ জন্যই বাসায় বানিয়ে খাই,Positive,5,False
মাশাআল্লাহ খুব সুন্দর হয়েছে,Positive,4,False
সিলেটের সকল মোবাইলের দোকানে অভিযান চালানো র অনুরোধ করছি,Positive,9,False
প্রতি পিস মাংসে ১০০ গ্রাম থুতু ২০০ গ্রাম বালি আছে,Negative,10,False
আমাদের এতো মাথা ব্যথা কেন,Negative,5,False
কমেন্ট দেখে বুঝতে পারছি লোখটা কত ভালো,Positive,7,False
এত চোরের মার্কেট,Negative,3,False
এইগুলা ভিয়েতনামী অফিসের নেট কবে দুর্বল ও কিছুদিন পরে ডিসপ্লে চলে যায়,Negative,12,False
এই সব সবার দারা হয় না আর মাসে ৮ লাখ টাকা ইনকাম তোরা ভাই মানুষ এর উপর কার এর থেকে ক্ষতি বেশি করস এই সব থেকে কেউ অনলাইন এ এইসব করিয়েন না ব্যবসা করার ইচ্ছা অফলাইনে করেন,Negative,37,False
খুব ভালো লাগলো আপু ভিডিওটা,Positive,5,False
ভাই এই দামে ব্যবসা করা যাবে না,Negative,7,False
দোকান দিয়ে কি হবে ভাই রান্নাটাই আসল,Positive,7,False
ভাই কত টাকা দিলে সময় টিভি আমার বিজ্ঞাপন উনাদের চ্যানেলে প্রকাশ করবে আমি ন্যূনতম এমাউন্ট টা জানতে চাচ্ছি,Neutral,18,False
অসাধারণ ভাই,Positive,2,False
কোন জায়গাতে এই দোকান টা,Neutral,5,False
ভাইজান দামি ঘড়িগুলোতে কি ওয়ারেন্টি থাকে,Neutral,6,False
আমি একটা ইউজ করছি আর একটা নিবো,Positive,7,False
ভাই ইনসট দিয়ে ইকো এডিটিং কীভাবে করা যায় জানাটা খুবই জরুরী প্লিজ জানাবেন ভাই,Neutral,14,False
রাস্তায় রাস্তায় দোকানদারি করতে পারবা আর তোমার দিকে কেউ তাকাইতে পারবে না,Neutral,12,False
মতিঝিল কোথায়,Neutral,2,False
ওর জামায় মারা জেচে তায় ওর একটা জামার দর কার,Neutral,10,False
ভাই কি গুড়ো করে মিসাতে হবে,Neutral,6,False
একখো আমার খেতে ইচ্ছা হচ্চে আমি কি করবো,Positive,8,False
এগুলো খাইলে ফুড পয়জন হতে পারে পরিষ্কার পরিচ্ছন্ন নাএতো দেখছি পায়ের মেলা,Negative,12,False
এগুলো খাওয়া ঠিক হবে,Negative,4,False
ইনহেঞ্চ আর কতবার,Neutral,3,False
কোথায় এইটা,Neutral,2,False
ভাই মুরগি কি রান্না করা লাগবে না,Neutral,7,False
ধুর সালা দাম বেসি,Negative,4,False
সত্যি অসাধারণ,Positive,2,False
উফফ খুবই লোভনীয়,Positive,3,False
এই উনি কি জনগণের আন্টি,Neutral,5,False
আপা দাম ঠিক আছে,Positive,4,False
এদের আইনের আওতায় আনার দাবি জানাচ্ছি,Negative,6,False
রুমা ম্যাডাম,Neutral,2,False
যারা চেষ্টা করে তারা অবশ্যই সফল হয়,Positive,7,False
তোমার অপেক্ষা থাকবো আপু আপনাকে আমাদের ব্রাহ্মণবাড়িয়া দাওয়াত রইলো,Positive,9,False
দায়ূস টোকাই,Negative,2,False
বাতাসের একাডেমি,Neutral,2,False
ফলো শেয়ার,Neutral,2,False
কাপড় ধোয়ার পর আকার বদলে গেছে,Negative,6,False
একদম টিক কথা বলছেন,Positive,4,False
ত্বকে স্বাভাবিক,Neutral,2,False
পাক ভালো হয়নি,Negative,3,False
দেশে নাকি অভাব মানুষের টাকা রাখার জায়গা পায়না এক পিচ ৮০০ টাকা কি দেখে খায়,Negative,15,False
কোনো কাজ ছোট না রে ভাই,Neutral,6,False
কবে আমাদের মোবাইল পাব,Negative,4,False
কোন কথা হবে না শুধু জমিয়ে খাওয়াদাওয়া হবে,Neutral,8,False
এই লোকের কাছ থেকে কোন কিছু বাঁশ খাবে,Negative,8,False
আমি ইন্ডিয়া থেকে কিভাবে কিনবো র্যাকেট,Neutral,6,False
চামরার ব্যবসা শুরু করলে আমগোরেও জানাইয়েনভাই,Neutral,6,False
কালা ভুনা মানেই লোভনিয় খাবার দামটা কম আছে সব মিলিয়ে অসাধারণ হইছে ভিডিওটা,Positive,13,False
ভাই দম বিরিয়ানি কন কে আপনারা কি মুরগির পুটকি খাননি,Neutral,10,False
মাশাআল্লাহ আমার অনেক পছন্দের,Positive,4,False
পা ধুয়ে নিলেই হবে,Positive,4,False
আপু তোমার চেষ্টাও সাধনা তুমি একদিন ভালোভাবে প্রতিষ্ঠিত হবে,Positive,9,False
এক কথায় মাঝারি,Neutral,3,False
আনা কি সেইফ হবে,Neutral,4,False
ছিঃ ছিঃ ছিঃ আর আমি খাব না,Negative,7,False
খবিশের মতো হাতায়,Negative,3,False
করিম উল্লাহর মার্কেট তো সব কয়টা ফোনের দোকানদার চোর,Negative,9,False
স্বাভাবিক প্রসাধনী,Neutral,2,False
যত চোর ডাকাত কলকাতা,Negative,4,False
লোকেশন দেন বকবক না করে,Neutral,5,False
স্যার মেথি পাউডার পানিতে মিশিয়ে খাই এতে কি কোন সমস্যা হবে,Neutral,11,False
প্রথমে আপনাকে চোর ভাবছিলাম,Neutral,4,False
লোভনেই খাবার,Positive,2,False
এ সেট গুলা তো চুরি করার সেট ৩০০০ টাকা কোন সেট আছে চুরি করার দুই নম্বর সেট বাবলু,Negative,18,False
কত নুংরা,Negative,2,False
মরা মুরগী মনে হয়,Negative,4,False
হাতে কোনো সেপটি নাই এই টা খাওয়া আর নিজেই নিজের পায়ে কুরুল মারা সমান কথা,Negative,15,False
এটা কি খাবার,Neutral,3,False
১০ লাখ মানুষ ১০ লাখ ডিম ব্যবসায়ি,Neutral,7,False
চিংড়ি দারুন,Positive,2,False
মূর্খরা ঠিকানা আগে বলো,Negative,4,False
মনমতো ভিডিও পাইলাম দামাদামি করতে পারি না রাগ করে বাসায় যাই,Neutral,11,False
আমি মনে করি ওনার ব্যবসা সঠিক কেউ খাবে কেউ খাবে না,Neutral,11,False
ছোট চিংড়ি ভুনা,Positive,3,False
ভালো বাসা অবিরাম,Positive,3,False
আপনার পরামর্শ সবসময় খুব মূল্যবান এবং বাস্তবসম্মত হয়,Positive,8,False
এই খাবার গুলা কারা খাই,Negative,5,False
ছি ছি ছি ছি নাউজুবিল্লাহ,Negative,5,False
আপু দেখে তো খেতে মন চাচ্ছে,Positive,6,False
অস্বাস্থ্যকর অখাদ্য নিশ্চিত অসুস্থ হয়ে যাবে,Negative,6,False
ডেলিভারি সার্ভিসে দেরি হয়েছে,Negative,4,False
সুন্দর ভিডিও বানিয়েছেন,Positive,3,False
আলুতে চামিচ ব্যবহার কোরলে ভালো হতো,Neutral,6,False
বাটপারি খুচরা বিক্রি করে দেখো কত ধানে কত চাউল,Negative,9,False
এক পিস কি পাইকারি রেটে দিবে,Neutral,6,False
কোথাও এতটা ভাই,Neutral,3,False
যদি গুলশান বনাজি থেকে গাড়িতে করে আসে তাহলে কুকুর বিড়ালকে খাওয়ানের জন্য নেয়,Negative,13,False
হাসের দোকানের পাশের দোকানে চা পাওয়া যায় সুপ খেতে হলে ভাই আমার কাছে আসতে হবে ভাই,Positive,16,False
এই ভাবে দাম বলা যাবে না তো আপনি বক্রস বিক্রি করছেন খুচরা বেসতে কতো পেরা কি করে বুঝবেন,Negative,18,False
কখন খেতে হবে,Neutral,3,False
ইউটিউবের ভিডিও দেখে যারা বিরিয়ানি রান্না করবে সেটা বিরিয়ানি হবেনা কখনো হবে খিচুড়ি কারন একেক বাবুর্চি একেক রকম রান্না করে তার চেয়ে বরং বাবুর্চিদের পরামর্শ নিয়ে রান্না করলে আশা করি ভালো হবে,Negative,32,False
দেশি গরুর স্বাদ অসাধারণ তার মাঝে ৮০০ টাকা কেজিতে এমন সুন্দর রান্না করা গোশ পাওয়া তো দুর্লভ যেখানে কাচাঁ মাংসের দাম ৭৫০৮০০৳ কেজি বাজারে,Positive,24,False
আর খাওয়ার রুচি নেই ভাই,Negative,5,False
মাশাল্লাহ খুব ভালো কাজ করেছেন আপু,Positive,6,False
কোথায় দোকান এটা,Neutral,3,False
এটা কোথায় প্লিজ বলবেন,Neutral,4,False
নির্ভরযোগ্য পণ্য,Positive,2,False
সত্যি অনেক লোভনীয় খাবার,Positive,4,False
এই ব্যবসা সাধারণ মানুষের জন্য না,Negative,6,False
দাদা আপনার বাড়ি কোথায়,Neutral,4,False
দাম বলা ঠিক আছে,Positive,4,False
এগিয়ে যাও,Positive,2,False
এইটা কোথায় ভাই,Neutral,3,False
এরা কি আবার ইন্ডিয়ার মতো শুরু করলো নাকি,Neutral,8,False
ওয়াক থু এগুলোও মানুষে কিনে খায়,Negative,6,False
টেস্টিং সল্ট হচ্ছে বাবুর্চিদের যাদু,Positive,5,False
হে দায়াময় আল্লাহ প্রিয় মাতৃভূমিকে শান্তিময় নিরাপদ সুন্দর ও সুখী দেশ হওয়ার জন্য রহমত নাজিল করুন সবাইকে দেশপ্রেমিক সৎ ও পরিশ্রমী হওয়ার তাওফিক দিন আমীন ছুম্মা আমীন,Positive,27,False
ভাইরাল হয়ে বাশ খাইলো,Neutral,4,False
আমরা বনশ্রী ১০ তলা মার্কেটের পাশে মামুন বিরানিতে খাই ওইটা জায়গা পাই না তাই খাই না,Neutral,16,False
অনেক ভালো মনের মানুষ মারুফ ভাই,Positive,6,False
তরুণের না মেয়েদের,Positive,3,False
স্টার সেন্টারে প্রতি শ্রদ্ধা রাখবেন ছোট বড় সবাই স্টার স্যান্ডার ভাইদের কমেন্ট করবেন শেয়ার করে দিবেন দেখবেন আপনার চ্যালেঞ্জ পূরণ হয়ে যাবে,Positive,22,False
সেই খুব খুব সুন্দর,Positive,4,False
গত বছর কিনেছিলাম লিনিং এর এক্স ওয়ান আর গতকাল কিনেছি এশওয়ে ফ্যান্টম এক্স স্পিড থ্রি দুইটাই সেই লেভেল এর,Positive,19,False
ধন্যবাদ ডিবি পুলিশকে,Positive,3,False
যাই হুক খাওয়া বাদ দেওয়া যাবে না,Positive,7,False
দারুণ স্বাদ,Positive,2,False
ইনশাআল্লাহ এগিয়ে যাও,Positive,3,False
ছি ছি ছি জিবনে আর খাবো না,Negative,7,False
বেতন কত দেবেন আমি যাব,Neutral,5,False
ভাইয়া আপনার ভিডিও সবথেকে বেশি ভালো লাগে,Positive,7,False
আসে নাকি অপরকে সাপোর্ট করে এগিয়ে যাই,Neutral,7,False
৬৫০ টাকার কোন গোলে,Neutral,4,False
এবার হাতেকলমে একেবারে প্রমাণিত হলো যে মানুষ মানুষের ভালো দেখতে পারে না,Positive,12,False
মাংস গু বাপিদার গু,Negative,4,False
আপনার ভিডিও সব সময় দেখি,Positive,5,False
লোকেসন কই,Neutral,2,False
রান্না গুলো অনেক লোভনীয় হয়,Positive,5,False
একটা অসুস্থ মানুষের সম্ভব না তো এগুলো কি এখন,Negative,9,False
বাংলাদেশের সব পাগল সোনা পাগল,Negative,5,False
এটা কোন জায়গা ভাই বলবেন,Neutral,5,False
সবাই আমার পেজে ফলো দিয়ে পাশে থাকেন বন্ধুরা আমি যেনো নিজে কিছু একটা করতে পারি দোয়া কইরেন,Positive,17,False
বোউ নাকি বেকারি এটা ওদের বিষয় আপনি টেস্ট সেইম পাইলে খান না খাইলে নাই উনি তো আর জোরাজোরি করে বিক্রি করতেছে না এর ব্যাবসা টা নিয়ে টানাটানি না করার অনুরোধ রইলো বিশেষ করে ভিউ ব্যবসায়ি দের বলবো উনারে আর ভাইরাল করতে যাবেন নাহ,Neutral,43,False
হারয়ে বাংলাদেশ,Negative,2,False
এটা বিরিয়ানি রান্না করছেন নাকি খিচুড়ি,Neutral,6,False
একজনের সফলতার সত্য মিথ্যার গল্প শুনিয়ে হাজারটা ছেলেকে রাস্তায় নামিয়ে নিঃস করে আনার নামই হলো উদ্যোক্তা,Neutral,16,False
তরুণীদের প্রিয় তরুণরা খাই না,Positive,5,False
অসাধারণ সুন্দর হয়েছে আপনার কথা গুলো অসাধারণ,Positive,7,False
যে যাই বলুক চিনিগুড়া চালের বিরিয়ানি থেকে ভালো খেতে কোনো বিরিয়ানি হয়না কোনোদিনবাসমতি হয়তো দেখতে ভালো কিন্তু খেতে নয়,Negative,19,False
ভাই আমি আরবি মাতামে ৭ দরনে রেসিপি বানাইউপরে অনেক কুছি কুছি করেগাজর আর মালটার খাল দিয়ে দেইকেন আর ফেবার আসবে,Positive,20,False
চলে আসবেন কিছু বলার নাই,Positive,5,False
এভাবে ঢং করে বলা দরকার নেই,Neutral,6,False
এখন অনেকেই এই স্টাইল নকল করবে,Neutral,6,False
খুব মজার মজার ভর্তা অসাধারণ,Positive,5,False
এটা কথায় গো,Neutral,3,False
কোথায় বসেন ভালো উদ্যোগ,Positive,4,False
ভাই একটু সাপোর্ট কইরেন,Positive,4,False
মান নিয়ে অভিযোগ নেই,Positive,4,False
সাহস করতে পারছি না বলে চেগাইয়া বয়ে রইছিসাহস করার পথ বলেন,Neutral,11,False
ভাই এই জায়গায় টা কোথায়,Neutral,5,False
বাই বাট পারির লিমিট আছে সেটা লিমিট ছাড়া সাইডের থেকে সাউন্ড করতাছে সেটা বুঝা যাচ্ছে,Neutral,15,False
চাল আর তরকারি ভালো ছিল,Positive,5,False
ইনসাহআল্লাহ আমিও ট্রাই করবো অসংখ্য ধন্যবাদ আপনাকে,Positive,7,False
এই রকম একটা ভিডিওর জন্য অপেক্ষা করছিলাম অসাধারণ,Positive,8,False
বুঝি না ভালো লাগলে খাবে না লাগলে না কয়টা বানানো যাবে কয়টা বানানো যাবে না এত বিশ্লেষণ এর কি দরকার,Positive,20,False
সব ভাউতাবাজি,Negative,2,False
এসব খেতে মানুষের ঘেন্না করে না,Negative,6,False
দান্দা বাজ,Neutral,2,False
আবনার দোকানে আমারে রাকবেন,Neutral,4,False
প্রত্যাশা অনুযায়ী,Neutral,2,False
অসাধারণ রেসিপি লোভনীয় রান্না,Positive,4,False
বেশি মশলা হয়ে গেছে,Negative,4,False
বিরিয়ানী টা দেখে ই লোভনীয় লাগছে,Positive,6,False
রুমা আপা আপনি আর একটু পরদা সহকারে দোকান করলে ভালো হবে ইনশাআল্লাহ,Neutral,12,False
ভাইয়া এই শারিটা পার্সেল করে দেওয়া যাবে,Neutral,7,False
খাওয়ার পর মনে শান্তি পেয়েছি,Positive,5,False
ঢাকা কোন জায়গার হকাস মার্কেট এটা,Neutral,6,False
আপু কি রেস্টুরেন্টে জব করেন,Neutral,5,False
এগুলা সব কপি মাল,Neutral,4,False
অনেক সুন্দর খাসির মাংস ভুনা,Positive,5,False
ওয়াও মনোমুগ্ধকর একটা দৃশ্য,Positive,4,False
খাওয়ার পর মুখে হাসি চলে এসেছে,Positive,6,False
হায়রে মানুষ কতই না খারাপ কারো উন্নতি দেখতে পারে নাহায়রে বাঙালি জাতি কারো উন্ন দেখতে পারে না কেউ উন্নতি করতে চাইলে তাকে টেনে নিচে নামমতে চায় তার সমালোচনার ঝড় তুলে এটাই বাঙালি জাতির বৈশিষ্ট্য,Negative,34,False
নিমপাতা সজনে পাতা ইত্যাদি সেল করার লাইসেন্স নিয়ে ভিডিও চাই,Neutral,10,False
আমি আমার পরিবার নিয়ে যাব,Positive,5,False
মাশাআল্লাহ খুব সুন্দর একটা ভিডিও,Positive,5,False
বাংলাদেশ এর মানুষ কেউ কারো ভালো দেখতে পারে না,Positive,9,False
আলহামদুলিল্লাহ সকলেই ভালো কমেন্ট করেছেন সকলের কমেন্ট অনেক সুন্দর হয়েছে আমি সকলের কমেন্ট পড়েছি মুয়াজ্জিনের জন্য অনেক দোয়া রইল এই উদ্যোগ যেন সারা বাংলাদেশের নেওয়া হয়,Positive,26,False
খাবার জিনিস নিয়ে এরকম করা ঠিক না,Negative,7,False
তিষি দানা কোথায় পাওয়া যায়,Neutral,5,False
দাম অনেক বেশি মান খারাপ,Negative,5,False
খুব সুন্দর টিপস,Positive,3,False
নাম হচ্ছে চোর বাজার সবাই জানে এখানে সব মাল চুরি করে বিক্রি করে,Negative,13,False
খুব সুস্বাদু লাগতেছে,Positive,3,False
বিশেষ গোপন মশলায় যেনো টেস্টিংসল্ট না দেয়া হয় বেশীরভাগ দোকানদাররা টেস্টিংসল্ট দিয়ে রান্না করে টেস্টিংসল্ট স্বাস্থ্যের জন্য খুব ক্ষতিকর,Neutral,19,False
খাসির নেহারি বিফ কোরমা অনেক সুন্দর,Positive,6,False
ব্যাবসার পাশাপাশি পড়াশোনা,Positive,3,False
খাওয়ার পর শরীর খারাপ লাগলো,Negative,5,False
দাম একদম ঠিক আছে ৪০০ টাকা,Positive,6,False
মানুষকে বিভ্রান্তি করা ছাড়া আর কিছু না,Negative,7,False
এই ফোন গুলা নিলে পরবর্তীতে কি কোনো সমস্যা হবে,Neutral,9,False
ইউটিউবার নিজেই চাপাবাজ,Negative,3,False
সাধারণ মানুষ গেলে ওদের ব্যবহার এত খারাপ,Negative,7,False
সত্যি কারের মুয়াজ্জিন উনি আল্লাহ উনার ব্যবসায় বরকত দান করুন,Positive,10,False
ভিআইপি মানুষের রুচি বোধদের অভাব হয়েছে হাতে ঘাঁটা জিনিস নিবে,Negative,10,False
আমার খুব পছন্দের কাবার,Neutral,4,False
তার কথা সত্য না আধুনিক বাটপার,Negative,6,False
বমি আসছে কেন ভালো খাবার সহ্য হয় না শিয়ালদার কোথায় এটা,Negative,11,False
এগুলো লুলা নাকি হাত নাই পা দিয়ে করছে,Neutral,8,False
গ্রামের বাজারে থ্রিপিস আর টিশার্টের দোকান দেই কেমন হবে,Neutral,9,False
প্রাইচ কত,Neutral,2,False
প্রিয় মানুষ ভাই আমার,Neutral,4,False
একদম ঠিক বলেছেন,Positive,3,False
এইগুলা কি করবেন,Neutral,3,False
আগে আম্মুর কাছে শুনতাম খাবারের জিনিস নিয়ে নাকি এটাইটি করা ভালো না,Neutral,12,False
অনেক লোভও আছে,Negative,3,False
নিজে কিছু করা অনেক ভালো,Positive,5,False
দামটা খুব ভালো হয়েছে,Positive,4,False
ভাই ঠিকানা বলে দিলে বালো হতো,Neutral,6,False
বিক্রেতা দ্রুত রেসপন্স দিয়েছে,Positive,4,False
ফোন নাম্বার দিন,Neutral,3,False
তিষি দানা কোথায় পাওয়া যায়,Neutral,5,False
সবটি নটির ছেলে চুরি মোবাইল কিনে,Negative,6,False
কাঁচা মাংসই তো টাকা কেজি,Neutral,5,False
গরিবের পেটে লাথি,Negative,3,False
খুব সুন্দর ভিডিও মাশাআল্লাহ,Positive,4,False
আপনার ঠিকানা কোথায়,Neutral,3,False
এত দিন বলছে বেকারি থেকে কিনে এনে বেছে আর এখন বলছে জাকিরের বউ বানায় না আরে ভাই যে মনে চায় সে বানাক তাদের সমস্যা কি কথ মানুষ চিন্তাই করে বাটপারি করে টাকা নিয়ে যাচ্ছে তরা এগুলো দেখস না কেন,Negative,39,False
কমকত টাকা,Neutral,2,False
এই দামে ভালো পারফিউম,Positive,4,False
দেখে ভিডিওতে ক্লিক করলাম না হলে ক্লিক করতাম না,Positive,9,False
ওর খাবারগুলা মানুষ কিভাবে খায় যেভাবে হাত দিয়ে ঘাটে ও বিক্রি করে খাওয়া ঠিক আছে হাতে দুইটা গ্লোবস পরে নিলে আর কি হয়,Negative,23,False
বেগুন ভর্তা আলু ভর্তা টমেটো ভর্তা আরেকটা মনেহয় মরিচের ভর্তা,Positive,10,False
এসব জুটা খাবার তো বিড়ালের জন্য নেয় মানুষ,Negative,8,False
আল্লাহ মানুষকে ইচ্ছাশক্তি দিয়েছে উন্নতি করার সবই সম্ভব এগিয়ে যাও,Positive,10,False
করিমউল্লাহ মার্কেটে মোবাইল চোর ভরপুর,Negative,5,False
সকলকে বোকা বানিয়ে চলে গেল বিরিয়ানি রান্না হলো কিন্তু চিকেন রান্না করা পদ্ধতি জানলাম না চিকেন রান্না করাটাই দেখালো না আমরা অবাক হয়ে বুঝতে পারলাম কেউ,Negative,26,False
হাইরে মানুষ,Negative,2,False
এমন বালতিতে আসবে না,Negative,4,False
খুব খারাপ স্ট্রিট ফুড একেবারে অস্বাস্থ্যকর,Negative,6,False
আমার তো সেই লাগে এইটা খেতে,Positive,6,False
উপকারী তথ্য দেওয়ার জন্য ধন্যবাদ,Positive,5,False
কারোর সাথে কারোর তুলনা করা উচিত না শাকিলার থেকে রুমার রান্না ভালো এটা না বললে চলতো না এটা চামচামি,Neutral,19,False
ব্যাটারি দীর্ঘক্ষণ চলে,Positive,3,False
অসাধারণ ভিডিও বন্ধু,Positive,3,False
তুমি ভালো কাজ করতাছো আপু,Positive,5,False
উফ আমার অনেক পছন্দের একটা খাবার,Positive,6,False
ম্যডাম কিন্তু সুন্দর হয়ে যাচ্ছে,Positive,5,False
পাগলাগারদে পাঠানো উচিত,Negative,3,False
দারুন একটা ভিডিও আমাদেরকে উপহার দেওয়ার জন্য ধন্যবাদ,Positive,8,False
আমার বাড়ির কাছেই,Neutral,3,False
বিজনেস সবাই করতে পারে না এটার জন্য যোগ্যতা লাগে,Positive,9,False
বেতন কতো পোসায়লে দেশে আইসা পরবো,Neutral,6,False
বাহ দারুণ তো,Positive,3,False
পাগল হলে দিবে আর রাস্তার মধ্যে চিকেন এবং চাইনিজ খেতে যায়,Negative,11,False
বেতন কত,Neutral,2,False
এটা কি হলো,Neutral,3,False
প্রশাসনকে শক্ত অবস্থানে থাকার অনুরোধ,Positive,5,False
ওনে ফাইমু কিলা জিডি করা আছে,Neutral,6,False
হাতে ধরে কেনো এটা ঠিক না,Negative,6,False
ওহহ সুস্বাদু,Positive,2,False
আইফোন গুলো সব কপি প্রোডাক্ট,Negative,5,False
গাড়িতে ব্যাবসা খুব ভালো আপু,Positive,5,False
মালের আসল রহস্য,Neutral,3,False
কিছু এর হিংসা বেশি তাদের থেকে কেক কেনা বন্ধ করা উচিৎ,Neutral,11,False
কোথায় বিক্রি করেন,Neutral,3,False
কিভাবে ব্যবসা করবো আপনার সাথে,Neutral,5,False
দাম অনুযায়ী পোশাক ভালো,Positive,4,False
না ভাই চা পাতি দিয়ে কালো করা হয়,Neutral,8,False
ভাই চিকেন কি কাচা থাকবে ওখানে কি রাচ দিতে হবে,Neutral,10,False
সব কিছুই দাম বেশি,Negative,4,False
ইনশাআল্লাহ মাশাআল্লাহ আলহামদুলিল্লাহ ইয়া আল্লাহ ইয়া রহিম,Positive,7,False
কাপড়টা নরম,Positive,2,False
সার্ভিসে সন্তুষ্ট,Positive,2,False
ফালতু টাকা পয়সা লস সব চাপা,Negative,6,False
অনলাইন থেকে আর স্কিনহেয়ার প্রোডাক্ট কিনব না অনেক ঠকেছি,Negative,9,False
খুবই অস্বাস্থ্যকর বমি ভাব,Negative,4,False
এজন্য কি ব্যবসা করতে পারব না গাড়িবাড়ি থাকলে কি হইছে,Positive,10,False
প্রথমে তুই মুখে মাক্স লাগা তোর মুখের থুতু খাবারের মধ্যে পড়তেছে,Negative,11,False
বারাকাল্লাহু ফিক,Positive,2,False
গেমিং এর জন্য ভালো হেডফোনের ভিডিও দিন,Neutral,7,False
আপু আমি করতে চাই,Neutral,4,False
লোকটা অসুস্থ নাকি,Negative,3,False
কেমনে সম্ভব,Neutral,2,False
যদি বলে ৫০০০ হাজার টাকা দিব খাঁ খাইতাম না,Negative,9,False
আলহামদুলিল্লাহ শুভকামনা রইল তোমার জন্য দোয়া রইল,Positive,7,False
একদম ঠিক দাম করছেন আপু,Positive,5,False
পুনরায় প্রোমো,Neutral,2,False
৪০০ টাকা বেশি বলেছে,Negative,4,False
বিমান থামায়া নিয়ে যায় না অসাস্থ্যকর খাবার এর উওপ্রে চাপাবাজি,Negative,10,False
অনেক অনেক লোভনীয় লাগছে চিংড়ি মাছের এই রেসিপিটা ভাইয়া এখানে দাঁড়িয়ে দাঁড়িয়েও খাওয়া যায় এত মজার খাবার,Positive,17,False
স্যার ইফতারি দিবো ১২ কেজি পোলার চালে কতো কেজি মাংস দিতে হবে কি কি দিতে হবে,Neutral,16,False
পাইকারি কেমনে কিনব ওদের থেকে,Neutral,5,False
মুড়ি খা,Neutral,2,False
কবাবের তেল দিয়া ভাজুম ওই ভরেন না কেন ওই ভরেন না কেন,Neutral,12,False
বাহ কি লোভনীয়,Positive,3,False
হবে নাকি বন্ধু,Neutral,3,False
এখানে কাপের হিসাব কেন কত গ্রাম দিয়েছেন সেটা বলেন না কেন ভাই,Neutral,12,False
আমি ভাইঙ্গা দেখাই,Neutral,3,False
আমাদের সমস্যা হচ্ছে দেশের বাইরে গিয়ে টয়লেট পরিস্কার করতে বাধা নেই কিন্তু দেশে নিজে একটা কিছু করতে গেলে চারদিক থেকে চোখ কপালে ত,Negative,23,False
ভাই আমার একটা ফোন চুরি হয়েছে ওসমানী মেডিকেল থেকে,Negative,9,False
আপনাদের সবার বিয়ে হয়েছে সস্তায় মুরগি পোলাও খেয়ে তাই সেটা নাম দিয়েছেন মুরগি কাচ্চি,Negative,14,False
চিংড়িবোনা ঘরে পাকাইলো মজা,Positive,4,False
জায়গীরদার মসজিদ গ্রাম্য রেস্তোরাঁ চালের রুটি গরুর মাংস ট্রাই করার ইনভাইট রইল ভাই আগামী শুক্রবারে চলে আসেন,Positive,17,False
ভাই দিনাজপুর দেওয়া যাবে,Neutral,4,False
রান্না করলে কাচা মাংস অর্ধেক হয়ে যায় অবিশ্বাস্য,Positive,8,False
ঝাল মাঝারি,Neutral,2,False
সালাম হুজুর কে,Neutral,3,False
হুজুগে মাতাল আমরা যাকে সে যে ভাবে ভাইরাল করছি,Neutral,9,False
পরিবেশ খুবই অস্বাস্থ্যকর,Negative,3,False
পুরো বিডিও টা আমি দেখলাম কোন ফ্লেবার তো পাইলাম না,Negative,10,False
লা ইলাহা ইল্লাল্লাহু মুহাম্মাদুর রাসুলুল্লাহ সাঃ,Neutral,6,False
কত দিন খেতে হবে বেশি খেলে কোন খতি আছে কি,Neutral,10,False
দাদা ওখানে কি দামি হাত ঘড়ি পাওয়া যায়,Neutral,8,False
এটা কোন জায়গা,Neutral,3,False
ভাইকে ২১ তোপের সালাম,Neutral,4,False
কামরাংগা কি ফুল কমপ্লিট,Neutral,4,False
আমার উত্তরটা দিয়েন পিলিজ,Neutral,4,False
আপনার মোবাইল নাম্বারটা দিন,Neutral,4,False
আমার তো দেখেই মুখে পানি এসে গেছে,Positive,7,False
আমার বেডাও ব্রাহ্মণবাড়িয়ার,Positive,3,False
আমার ফোন,Neutral,2,False
আমি খায়না,Negative,2,False
তো কি হয়েছে ইনি তো চুরি করে খায় না,Positive,9,False
এরকম ব্যবসা না করলে কোনদিনও বাড়ি গাড়ি করা যাবে না,Positive,10,False
ভাই ওয়াল শোকেস নাই ওয়াল শোকেসের দাম কত আমি একটা নিতে চাই,Neutral,12,False
দোকানে কি খালি লাইনিং এর র্যাকেট পাওয়া যায়,Neutral,8,False
কাতারে ফ্রেশ উটের মাংস ১ কেজি বড়জোর ৩০ রিয়াল যা বাংলাদেশী টাকায় ১ হাজার টাকার বেশী নয় ৫৫০০ টাকায় বাংলাদেশে ১ কেজি উটের মাংস,Neutral,24,False
আপু এ আংকেলটা কোন পাশে বসে,Neutral,6,False
অপচয় করস শরীরের রঙ আর ডংগের কারনেজবাব দিতে আল্লাহর কাছে,Negative,10,False
অনেক ভালো ব্যবসা,Positive,3,False
ভাইরাল হতে চায় সে,Neutral,4,False
ফানি ফানি শুনতে খেচাম লাগে,Neutral,5,False
দারুণ লাগলো,Positive,2,False
ইনশাআল্লাহ ঠাকুরগাঁও আসলে কিনে খাওয়ার ইচ্ছে আছে,Positive,7,False
এই খাবার খাইয়েন না,Negative,4,False
কি বলিস,Neutral,2,False
কি দারুন একটা কালার আসছে,Positive,5,False
আপু আপনার কাকড়া রান্নার রেসিপি টা দিবেন,Neutral,7,False
ওই ৪৫ টা মসলার নাম বলতে পারলে আমার তরপ থেকে ৫০০০ টাকা পুরস্কার,Neutral,13,False
দুই প্লেট ভাত খাওয়া যাবে,Positive,5,False
গাঁজাখোর ছাড়া কিছু না,Negative,4,False
দুই নাম্বার গেটে গেলেই দুই নাম্বার মাল পাওয়া যাবে,Neutral,9,False
আমাদের ব্রাহ্মণবাড়িয়ার ছেলে মানেই আগুন নয় হাগা,Negative,7,False
আপনাকে কে বলেছে এটা চোরাই বাজার না জেনে বুঝে কথা বলেন কেনো,Negative,12,False
মানসিক সমস্যা আছে মনে হয়,Negative,5,False
অনেক সুন্দর কথা বলেছেন,Positive,4,False
নষ্টাদের স্বভাবই এইরকমনিজেদেরকে প্রদর্শন করা এদের ভালো লাগে তাই,Negative,9,False
কোন বিয়ে বাড়িতে চিকেন কাচ্চি দেয় ব্রো,Negative,7,False
এর পড়ে মানুষ বলবে বাংলাদেশের মানুষ গরিব এর নাকি ভাত খেতে চায় না,Negative,13,False
আলু ভর্তাটমেটো ভর্তাবেগুন ভর্তা হয়েছে,Positive,5,False
লবনের দরকার নাই শরীরের ঘাম ই যথেষ্ট,Negative,7,False
খুব সুন্দর মাশাআল্লাহ,Positive,3,False
প্রোডাক্টগুলোর কোয়ালিটি ভালো মনে হয়,Positive,5,False
আহ্ মজা,Positive,2,False
অনেক চুল ঝড়ে পরে,Negative,4,False
আরে তোরা খাস ক্যা বাড়িতে কিছুই খাসনা,Neutral,7,False
ঐ ব্যাবসার এখন কেউ গোয়া মারে না,Neutral,7,False
আমি আছি বেতন ছাড়াই,Positive,4,False
কত টাকা লাগবে,Neutral,3,False
বাংলাদেশের খবর মানে তিলকে তাল বানিয়ে প্রচার করা,Negative,8,False
ঠিক কথা বলেছেন,Positive,3,False
৩ খালি ইন্ট্রো দেখাইলেন তাইলে ভিডিও দেখার ইচ্ছা থাকে তারপর নিজের খোমা দেখাইলেন কিছুক্ষণ খোমা দেইখা আমাদের কি লাভ আধাঘন্টার ভিডিও দেখার ধৈর্য কার আছে ইন্ট্রো হবে ৩০৫০সেকেন্ডের,Negative,28,False
পণ্যে বাজে গন্ধ,Negative,3,False
এটা কোন থানা যোগাযোগ করলে পাব কি,Neutral,7,False
কি সুন্দর খালি হাতে ঘাটাঘাটি করছে,Negative,6,False
সিলেটে কোথাও মেলা বসে,Neutral,4,False
শুরু থেকে পুরো বিজনেস শিখতে চাই,Positive,6,False
কই এটা,Neutral,2,False
টাকা কোথায় পেয়েছেন ভাই ভিডিওর প্রথমেই এরকম থাকলে কি আপনার কথা বিশ্বাস করা যায় উত্তর আপনার কাছেই,Negative,17,False
খুবই আনন্দময় অভিজ্ঞতা,Positive,3,False
খুব বাজে অভিজ্ঞতা হয়েছে,Negative,4,False
আলহামদুলিল্লাহ আপু মজাদার খাবার গুলা সব,Positive,6,False
ক্যামেরা দেখলেই বোঝা যায় এগুলা চাইনিজ কপি সেট,Negative,8,False
মেয়ে মানুষ তো ভালোই কইছে এর চেয়ে বেশি পাওয়া যাবে,Positive,10,False
কতো ব্যবসাই করে সব কি বলে,Neutral,6,False
এখান থেকে কিনে ঠকছি আর যাই না,Negative,7,False
সাবাই সাপোর্ট করবেনপ্লিজ,Positive,3,False
অনেক সুন্দর ভিডিও দিয়েছেন ভাই মাশাল্লাহ আমিন,Positive,7,False
পুরোপুরি চুল পড়া বন্ধ হয় না,Neutral,6,False
ভাই অনলাইনে পাওয়া যাবে,Neutral,4,False
খুব সুন্দর খালা ভুনা,Positive,4,False
উনারা খুবই কম সময়ে করে থাকে,Positive,6,False
সাপোর্ট করে গেলাম আমাকেও সাপোর্ট করবেন,Positive,6,False
দোয়া রইলো আপনার জন্য,Positive,4,False
সেলাইয়ের কাজ ভালো হয়নি,Negative,4,False
১ বাটি নিতে চাই,Positive,4,False
অনেক অনেক মজা হবে,Positive,4,False
ভালো বাসার অবিরাম রইলো,Positive,4,False
আর সৌদি আরবে ফ্রি দিলেও আমরা অনেকে খায়না দুনিয়ায় গরুর মাংস আর ধোদ্বার মাংসের ছাড়া কোন মাংসের স্বাদ নেই,Negative,19,False
রিটার্ন প্রসেস ঝামেলার,Negative,3,False
ভাইয়া আমি আপনার রেসিপিতে চিকেন আচারি খিচুড়ি করেছিলাম সবাই বলেছে অনেক মজা হয়েছে আমি আপনার অন্যান্য রেসিপিগুলো ট্রাই করার চেষ্টা করব আপনার বেশিরভাগ ভিডিও গুলোই আমার দেখা হয়,Positive,28,False
করতে হবে আমাদেরও,Positive,3,False
ফেক নকল ব্যবসা করো ভাই,Negative,5,False
পা কিন্তু সুন্দর,Positive,3,False
মুখে পানি এসে গেল,Neutral,4,False
আমি আলি এক্সপ্রেস একাউন্ট বেচতে চাই কেউ যদি নিতে চান তাহলে অবশ্যই জানাবেন,Neutral,13,False
ভাইয়া অসাধারণ একটা ভিডিও ছিলো আপনাকে অনেক ধন্যবাদ এখন থেকে আপনার ভিডিও সব সময় দেকব ধন্যবাদ আপনাকে,Positive,17,False
বিরিয়ানি পার্সেল করে পাঠায় দিবেন জানে আমাকে দিয়েন,Neutral,8,False
পাকটা কিন্তুু সেই লাগছে ভাই,Positive,5,False
আমার খুব পছন্দের একটি খবর,Positive,5,False
টমেটো আলু বেগুন মাখা খুব টেস্টি,Positive,6,False
আমার তো চুল পড়ে টাইপ হয়ে যাবে,Negative,7,False
আপুর কাছ থেকে অনেক কিছু শেখার আছে,Positive,7,False
দারুণ একটি ভিডিও অসংখ্য ধন্যবাদ,Positive,5,False
দারুণ জিনিস,Positive,2,False
ভাইরে যার খাওয়া দিয়া কাজ হ্যাঁগো কাছে ট্যাকা উসুল নাকি না দেহার সময় নাই খালী পেটটা ভরা দিয়া হইসে কথা আর যাঁরা সাধ্য অনুযা,Neutral,24,False
সবচেয়ে বড় স্ট্যাট হয়েছে যে আল্লাহর দেওয়া ভাগ্য,Positive,8,False
চামরা ব্যাবসাই,Positive,2,False
শান্তির খাবার,Positive,2,False
খাবারের পরিমাণ ঠিকঠাক,Neutral,3,False
করা জায় না,Negative,3,False
কোথায় তোদের এই দোকান,Neutral,4,False
সাজ্জাদ হোসেন আগামীকাল চল,Neutral,4,False
আগে হলে লোভ লাগত এখন ঘরের নিজের রান্না ভাত ডাল মাংস খেয়ে খেয়ে এমন বমি পেট খারাপ বাধিয়েছি এটা দেখেই মনে হচ্ছে শরীর খারাপ করবে,Negative,25,False
টাকের জন্য কি দেওয়া যায়,Neutral,5,False
ব্রাহ্মণবাড়িয়া মানে আতঙ্ক,Neutral,3,False
এই ব্রণের জন্য কি ব্যবহার করতে পারি কমছেই না,Neutral,9,False
ভালো উদ্যোগ,Positive,2,False
ভাই এটা আমি নিবো এর দাম কত টাকা,Neutral,8,False
কোন হকার মার্কেট,Neutral,3,False
মানুষের ভালো কেউ চায় না ভাই,Negative,6,False
স্বাদ একদমই ভালো না,Negative,4,False
আপু খোলা জালি পিঠাটা কিসের আটা দিয়ে করতে হয়,Neutral,9,False
ত্বকে কোনো সমস্যা হয়নি,Positive,4,False
আপনার ভিডিওগুলো খুব ভালো লাগে,Positive,5,False
ভিডিওর ১০ মিনিট কথা বলতে বলতেই শেষ এতো কথা বলার দরকার আছে কোন,Negative,13,False
আপু সত্যি কারের একজন স্মার্ট,Positive,5,False
হাত না দিয়ে হাতা ব্যাবহার করা যায় তো,Neutral,8,False
অনেক সুন্দর হয়েছে,Positive,3,False
এই লোকটার লোকেশন কোথায়,Neutral,4,False
হুম দারুণ,Positive,2,False
দীর্ঘ সময় এম পাওয়ারের সাথে ব্যবসা করছি কোয়ালিটি ভালো নতুন ব্যবসায়ীরা করতে পারে,Positive,13,False
লও ঠেলা যারা করিমউল্লাহ থেকে মোবাইল কিনছে বুঝে কিনছে না,Negative,10,False
পারফিউম ব্যবহার করা যায়,Neutral,4,False
এই দোকানদার হলো এক নাম্বার বাটপার এদের ব্যবহার খুবই খারাপ,Negative,10,False
সবার জন্য সুপারিশ করবো,Positive,4,False
আমার খুব কাচা গোস্ত খেতে মন চাইছে,Neutral,7,False
পাগলের মত কথা বলেন কেন জনগণ তো বুঝতে পারবে না,Negative,10,False
এটা কুথায় ভাই,Neutral,3,False
এদের মধ্যে আমারটাও আছে,Negative,4,False
জ্বিবে জল আইসে গেছে চিংড়ি মাছ অনেক পছন্দ আমার,Positive,9,False
শেরা ভিডিও ভাই,Positive,3,False
খুব সুন্দর একটি ভিডিও,Positive,4,False
মায়ের দোয়া হোমিও কর্ণার অসাধারণ,Positive,5,False
গ্লাভস ছাড়া ধরছেন,Negative,3,False
স্বাদ আর গন্ধ একেবারে টপ,Positive,5,False
মন চাইবে খাবে না চাইলে খাবেনা ওনার ক্ষতি করার জন্য পিছিয়ে নিছে হতচ্ছাড়া শয়তান,Neutral,14,False
ভাই এখান থেকে মোবাইল কিনে এখানে রেখে আসা লাগবো,Negative,9,False
পরিবেশনকারীরা ভালো না,Negative,3,False
আমার পাসপোর্টে দিছি উল্টা না দিয়ে দিছি এই ভাবে কিন্তু দুইটা উল্টা আর না দিয়ে দিছি প্লিজ কেউ রিপ্লাই দেন এখন বা ভবিষ্যতে বিদেশে কোন সমস্যা হবে কি না,Neutral,29,False
মাথা খারাপ,Negative,2,False
অনেক সুন্দর এগিয়ে যাও,Positive,4,False
ফুচকা খাওয়া বন্ধ করে দিলেন,Negative,5,False
খাবার তো কুকুর কে এভাবে দেয় এটা কিন্তু ঠিক না,Negative,10,False
গাড়ি থামিয়ে দিয়ে যায় নাকি নিয়ে যায় সঠিক টা বলুন,Neutral,10,False
ভাই হাতে গেলাস নাই,Negative,4,False
মামা খুব শীঘ্রই কোট খাবে,Neutral,5,False
ক্যামেরাম্যান এর কোয়ালিটি ভালো না,Negative,5,False
এটা আসলে খাওয়ার শখ আর কি উটের গোশত অনেকেই আছে খায় নাই এখনও তাদের শখের জন্য আর কি তার এত টাকা দিয়ে কিনতেছে আমি বলি কি ভাই উট,Neutral,28,False
ভাই স্কাস করলে স্কাস হবে এটা আপনার ভুল হয়েছে আপনি যোগাযোগমাধ্যমে পাব্লিক্যালি ভুল বলতেছেন এটা আপনার ইমেজ নষ্ট করছে আশা করছি পরবর্তীতে সাবধান হবেন,Negative,24,False
এ বিরিয়ানি করার আগে ২ দিন আগে থেকে চাউল বিজিয়ে রাখতে হবে,Neutral,12,False
ভাই আমি কিশোরগঞ্জ থেকে খুব ভালো লাগছে,Positive,7,False
আপু আপনার সোনা তে একটু জল লাগল,Neutral,7,False
দুখের বিষয় আইনের লোকেরা কি দেখে না,Negative,7,False
আমার খুব পছন্দের গিলা দেখেই খেতে ইচ্ছা করছে,Positive,8,False
সূপ খেতে হলে ডুপ দিলেই হয়,Neutral,6,False
খুব সুন্দরভাবে রান্না হয়েছে ভালো লেগেছে,Positive,6,False
একটু ঠিকানাটা জানাবেন,Neutral,3,False
কুওা কয় কি,Neutral,3,False
পিছনে বিড়াল টা সুন্দর,Positive,4,False
হাঁস কাটাবাছা অনেক অনেক কস্ট,Neutral,5,False
আমাকে রাখবেন আমি সুন্দর সুন্দর দারুন রান্না করতে পারি,Positive,9,False
তাহলে হালাল ব্যবসা কি করলেন টাকা কিনে টাকা বিক্রি করলেন,Negative,10,False
দেখাইতো লোভ লাগতেছে,Positive,3,False
অনেক অনেক শুভকামনা রইল মা,Positive,5,False
তোমার কাছে যাই,Positive,3,False
দাদা বলছি যে ক্যামেরায় গ্যারান্টি দেবে,Neutral,6,False
এই সালায় একটা বাটপার বেকারি থেকে অর্ডার দিয়ে সে কেক বানিয়ে এনে হোমমেইড বলে চালাচ্ছে সে প্রতারণা করতেছে,Neutral,18,False
কি কি আছে,Neutral,3,False
আমরা এগুলো কিনে নেই,Neutral,4,False
সব জেনে শুনেই মানুষ খাচ্ছে মানুষ এখন সর্বভুক,Neutral,8,False
দারুণ লাগলো ভাই,Neutral,3,False
নিজেরা খায় নাকি পালিত কুকুরের জন্য,Negative,6,False
ভাই লোকেশন কোথায় বলেন,Neutral,4,False
মতিঝিলের লোকেশন কোথায়,Neutral,3,False
পণ্যের রঙ ঠিক ছিল,Neutral,4,False
একবারে বেশি করে ডো তৈরি করলে কেন সম্ভব না ডেকোরেশনতো আহামরি না যে অনেক সময় লাগবে যেসব আপারা হোমমেড কেকের নামে ১০০ লাভ রেখে বিক্রি করে তারা পেছনে লেগেছে অনেক অনেক কেক বানানো সম্ভব তবে এই বিক্রেতা মিথ্যা বলতেও পারে,Neutral,40,False
এর বেশি হবেনা উনার দাম ঠিকই আছে,Positive,7,False
আসসালামালাইকুম ভাই লোকেশনটা কোন জায়গায় আমি যাব আমার লোকেশন টা দেন ভাই,Neutral,12,False
অনলাইনে তো এটা ১৬১৭০০,Neutral,4,False
থেকে দিয়ে দিয়ে কেনা আমি,Positive,5,False
এই চিংড়ি মাছের তরকারি টা দেখে ভাই সত্যি জিহবায় পানি চলে আসছে,Positive,12,False
ভাইয়া কাচ্চি বিরিয়ানি রাইস নষ্ট হয়ে যায় কোন প্লিজ প্লিজ প্লিজ,Negative,11,False
ওনারা কোথা থেকে আনে এসব মাল,Neutral,6,False
মাশাল্লাহ আপু আপনি তো বড় ব্যবসায়ী,Positive,6,False
শুভকামনা বাঁধন ভাই,Neutral,3,False
অথচ সৌদি আরব ২০২৫ রিয়ালে কেজি পাওয়া যায় যা বাংলা টাকায় ৭০০ থেকে ১০০০ এর ভিতর,Neutral,16,False
মানুষের খাবার না গরুর খাবার,Negative,5,False
কোন জায়গায় লোকেশন,Neutral,3,False
খুব সুন্দর একটা টিপস,Neutral,4,False
অসাধারণ ভিডিও ভাই,Positive,3,False
কত দাম,Neutral,2,False
থ্যাংক ইউ ভাইয়া এত সুন্দর ভিডিও দিলেন,Positive,7,False
দারুন ভিডিও ছিলো,Positive,3,False
কাজ করে খাবেনা গাড়ি বাড়ি আছে বলে,Positive,7,False
শুক্রবার খোলা থাকে,Neutral,3,False
ওয়াডার করবো কি ভাবে,Neutral,4,False
ভাইয়া এখান থেকে যদি আমি প্রোডাক্ট আনতে চাই দেশে তাহলে কি আমার বিভিন্ন লাইসেন্স বা ডকুমেন্ট লাগবে,Neutral,17,False
খুব ভালোও না খারাপও না,Neutral,5,False
ভাই ভিডিও করেন সেগুলো তো মানুষ বুঝতে হবে এগুলোর দাম এত এগুলার দাম জিনিস গুলোর নাম কি বলতে হবে না,Negative,20,False
ত্বকে সহনীয়,Neutral,2,False
সালামের উত্তরও ঠিকমতো দিতে পারে না,Negative,6,False
আসসালামু আলাইকুম ওয়ারাহমাতুল্লাহি ওয়াবারাকাতুহ,Positive,4,False
১ম আদর করবে তারপর দোষ খুজবে ১ম ভাইরাল করলো এখন জেলে ডুকাবেবাংলাদেশআহারে জামাই বৌ কেক ভাতের হোটেল কয়দিন কাঁদল এখন কেকের বেটারে কাঁদাবে এই জন্য মানুষ বাংলাদেশ ছেড়ে বিদেশে চলে যায়নিজের দেশে থাকতেও চায় না আবার কিছু করতেও চায় নাবিদেশ গিয়ে চা বেঁচে আর বলে শান্তি আছেআল্লাহ আমাদের হেদায়েত করো,Neutral,50,False
আল্লাহর রহমত বাড়িয়ে দিক ঐ ব্যক্তির,Positive,6,False
পেট পরিষ্কার হবে,Negative,3,False
আটা দিয়ে ঘরে বানিয়ে খাব আর দোকান থেকে খাব না,Positive,10,False
নিয়ে ভিডিও চাই ভাই,Neutral,4,False
পুটকি মারাইতে রাস্তায় নামে এর কাষ্টমারের অভাব তাই,Negative,8,False
টমেটো ভত্তা বেগুন বত্তাআলু ভত্তা খেতে অনেক স্বাদ হবে,Positive,9,False
তোর গা দিয়ে ঘাম পড়ছে ছ্যাদর ওই ঘু কে খাই,Negative,10,False
ভাজবো কিভাবে ভাজলে নাকি কোনো গুণ থাকে না,Neutral,8,False
দোকান কোথায় ভাই,Neutral,3,False
অসাধারণ রান্না অসাধারণ মানুষ অসাধারণ ভাবে বোজানো সব মিলিয়ে অসাধারণ ধন্যবাদ,Positive,11,False
দাম বাড়াইছে ভাইরাল হইয়া,Negative,4,False
আজেবাজে মাল থেকে সবাই সাবধান,Negative,5,False
অসাধারণ চালিয়ে যান দোয়া রইলো,Positive,5,False
ভাই ভিডিও এডিটিং এর জন্য কেমন পরবে আর কিকি লাক বে যদি একটু বোল তেন,Neutral,15,False
শুভ কামনা রইলো,Positive,3,False
কোন জায়গায় দোকান,Neutral,3,False
ছিঃ ছিঃ একদম জঘন্য,Negative,4,False
নিয়ভাবে কেমনে হলো এটা ত অস্বাস্থ্যকর বলা উচিৎ,Negative,8,False
আমি আছি আমাকে রাখবেন আপু,Neutral,5,False
স্লিম ছাড়া এই ফোনের এই দাম রাখার যোগ্যতা নেই,Negative,9,False
আলহামদুলিল্লাহ এই বিশ্বস্ত সাইট থেকে বার টাকা উত্তোলন করেছি,Positive,9,False
খুব বাজে অভিজ্ঞতা,Negative,3,False
তো চাচি আপনি রাস্তায় দাঁড়িয়ে কিছু পেয়েছেন আমি খুবই ভাল পাইলাম কারণ আপনি কাজ করিয়া খাচ্ছেন তো আশা করি ভালো রাখ ো তবে আপনার,Positive,24,False
বেশি ডং দেখানো হচ্ছে,Neutral,4,False
খানপুরে খানকি মাগি,Negative,3,False
শেফ শেয়ার করলাম,Neutral,3,False
পণ্যটি ভালো কিন্তু কোয়ালিটি অনুযায়ী দাম অনেক বেশি,Neutral,8,False
ভাইয়া ফোল্ডিং ওয়ালা ডিভিডি পাওয়া যায় দাম কত,Neutral,8,False
কি অবস্থা এগুলো কি মানুষে খায়,Negative,6,False
ওরা দেশের এক নম্বর চিটার আপনি বুঝতেও পারবেন না,Negative,9,False
আসসালামু আলাইকুম হিমেল ভাই কেমন আছেন,Neutral,6,False
খাবারে মাছি পাওয়া গেছে,Negative,4,False
দেখতে ভালো খেতেও ভালো লাগবে,Positive,5,False
এগুলোর ভিতরে অনেক ময়লা থাকে এগুলা আগে সিদ্ধ করে নিতে হয়,Negative,11,False
ভাই পার্সেল করে পাঠানোর ব্যবস্থা আছে কি,Neutral,7,False
ঝালমুড়ির সাথে গায়ের লোম ফ্রি,Negative,5,False
আপনার জন্য শুভকামনা রইল,Positive,4,False
অনলাইন পেমেন্টে সমস্যা হয়েছে,Negative,4,False
এরকম ভিডিও আরো চাই খুব ভালো লাগলো,Positive,7,False
উনারে বিক্রি করে আপনাদের পেট চলে,Negative,6,False
কে বলছে মেয়ে মানুষ মাছ কিনতে পারেনা একদম ঠিক আছে,Neutral,10,False
খুব সুন্দর একটা ভিডিও এই ভাবেই কাজ করে যাও,Positive,9,False
টংগি চেরাগ আলী মার্কেট,Neutral,4,False
প্লিজ পাঠিয়ে দেন,Neutral,3,False
আমারও মুরগীর মধ্যে সবচেয়ে পছন্দের খাবার,Positive,6,False
উনি যে দাম বলে এসব দামে বিক্রি হয়,Neutral,8,False
চোরের বংশধর,Negative,2,False
এগুলো কি গুলিস্থানের সকালের মরা মুরগি নাকি বর্তমানে মুরগির কেজি ১৮০ পাইকারি ধরি ১০০ টাকাই হোক,Negative,16,False
আলিবাবা থেকে হলে কি একই নিয়ম ফলো করতে হবে,Neutral,9,False
এতনা মুরগী জিন্দা হায়,Neutral,4,False
মাশাল্লাহ খুবই সুন্দর ভিডিও,Positive,4,False
খাবারে মশলা একদমই ঠিক ছিলো না,Negative,6,False
অফ ভাইয়া গরম ভাত,Neutral,4,False
শেষের বালতিটাও ভালো করে কষে দিল,Negative,6,False
ভাই হাতে গ্লাভস পরে খাবার দিন,Neutral,6,False
ব্রাহ্মণবাড়িয়ার লোকের সােনা ছােট বলে,Positive,5,False
ঠিকই আছে,Neutral,2,False
ইচ্ছে যদি থাকে আর আল্লাহ তায়ালা রহম করলে জীবনে অনেক কিছু করা সম্ভব,Positive,13,False
মানুষের খাবার নিয়েও ছলচাতুরী করে,Negative,5,False
এই জাগাটি মতিঝিল কোথায় জানান,Neutral,5,False
আসসালামু আলাইকুম ভাই ইউটিউবার এবং দোকানদার দুইজনেই প্রতার আমি নিজেই মাল নিয়ে ঠকেছি,Negative,13,False
মাছে ভাতে বাঙালি আমরা মাছ ভাত ভর্তা খুবই প্রিয়,Positive,9,False
আরে যতক্ষণ ওর নিচতলা আছে ওই ভাড়া দিয়ে সবকিছু করবেও,Neutral,10,False
মতিঝিল কই বসে এই দোকান,Neutral,5,False
নতুনরা চলে আসুন একসাথে কাজ করি,Positive,6,False
কাকাকে অসংখ্য অসংখ্য ধন্যবাদ আমি মনে করি ব্যক্তিগতভাবে প্রত্যেকটা হোটেলে সব কেজিদরে গরুর মাংস বিক্রি করা হোক তাহলে হোটেল মালিকেরা কাস্টমারের প্রতি আর জুলুম করতে পারবে না,Positive,27,False
চর্বদা চর্বদা,Neutral,2,False
হোটেলের নাম বিফখাসি,Neutral,3,False
কেওরা জল কোথায় নাকি,Neutral,4,False
দামের মতো মান,Neutral,3,False
ভাই চিকেন কি রান্না করেন নাই আগে,Neutral,7,False
লবণ বেশি হয়ে গেছে,Negative,4,False
আয়কর দেয়তো ঠিক মতো নাকি লস দেখায় রিটার্ন দাখিলের সময়,Neutral,10,False
যারা বাপের বসে না খাইছে ওরা খাইবো যেমন তুমি মদন খাওয়ার আবার অ্যাড দিতে হয়,Neutral,15,False
যদি ঢাকায় যাই তবে আসবো আপনাদের এখানে ইনশা আল্লাহ্,Positive,9,False
আরেকটা রিল দেখে ঘুমিয়ে পড়বো সেই আর একটা রিল,Positive,9,False
মানসম্মত খাবার,Positive,2,False
এ সপ্তাহের চ্যালেঞ্জে আমার নতুন ৩৫ টি ফলো লাগবে প্লিজ ফলো দিয়ে পাশে থাকবেন ধন্যবাদ,Neutral,15,False
তিষি তো পাইনা,Negative,3,False
ভালো লাগলো ভিডিওটা,Positive,3,False
আমি শিখতে চাই,Positive,3,False
ভাই আপনার দেশের বাড়ি কি নোয়াখালী নাকি,Neutral,7,False
কবে যাবি,Neutral,2,False
আপনি পানি কে ফানি উচ্চারন করবেন না আর,Negative,8,False
এতা কোন জাইগা বলেন,Neutral,4,False
কোনো রকম ময়দা ছাড়া ব্যবসা হবে না,Neutral,7,False
খুবই ভালো উদ্যোগ,Positive,3,False
চমৎকার খাবার দাবার,Positive,3,False
এটা অসাধারণ চিলো,Positive,3,False
আসসালামু আলাইকুম ভাইজান আপনারা এই জায়গাটা লোকেশন কোন জায়গায় আমি ভিডিও দেখি তো তাই জায়গাটা কোন জায়গায় আপনি আসলে পাওয়া যাবে,Neutral,21,False
আমার মা কাঠের চুলায় বিরিয়ানি করে বলে বোঝাতে পারব না এত স্বাদ হয়মা তুমি দীর্ঘ জীবী হয়,Positive,17,False
ফাহিম ভাইকে ভালো ভাবে চিনি উনি অবশ্যই লোকটিকে খাওয়াবেন,Positive,9,False
আমার একটি সেট চরি হয়েছিল কুলাউড়া থেকে কুলাউড়া থানায় জিডি করা আছে,Negative,12,False
ডাইরেক হাতে দেয় কেমন জেনো লাগ্লো গ্লাপ্স নাই কিচু নাই,Negative,10,False
সব বোকা চোদা,Negative,3,False
অর্ডার করে হতাশ হয়েছি,Negative,4,False
পাতলা পায়খানা আর ডায়রিয়া ফ্রি,Negative,5,False
ইচ্ছে করতেছে এখনই খেয়ে ফেলি,Positive,5,False
বেকারি থেকে এনে বিক্রি করছে,Neutral,5,False
মানুষ এটা কীভাবে খায়,Negative,4,False
আমার বাসায় কাছে খাইছি অনেক মজা,Positive,6,False
ভালো নিউজ করিম উল্লাহ মার্কেটে চুরির মোবাইল বেচা কেনা হয়,Negative,10,False
ফালতু কথা বেশি বলা সহজ করা কঠিন,Negative,7,False
খাবার এর মান অনেক বাজে,Negative,5,False
আমি ওই দোকানে গিয়েছিলাম অনেক দাম বেশি দুই পাতা সিটেবিল নিয়ে চলে আইছি,Negative,13,False
এক কথায় অসাধারণ হয়েছে সবাই কেমন আছেন আশা কর সবাই কে পাসে পাবো,Positive,13,False
দারুণ তো এতোগুলা গিলাদারুণ লোভনীয় রান্না,Positive,6,False
খাওয়ার পর মনে খারাপ লাগলো,Negative,5,False
বাটপারি ওরে বাটপারি,Negative,3,False
ভাই আমার বারি মাদারী পুর কি ভাবে কিনবো দয়া করে জানাবেন,Neutral,11,False
লোকেশন না দিয়ে ভিডিও আপলোড দিতে লজ্জা লাগেনা,Negative,8,False
মাশাল্লাহ রান্না খুবই চমৎকার হয়েছে,Positive,5,False
খাওয়ার সময় থামানো মুশকিল,Positive,4,False
আমাকে কি একটি ফোল্ডিং লাঠির প্রয়জন,Neutral,6,False
আমার অনেক পছন্দের জিনিস,Positive,4,False
ঘাম মাখানো মুড়ি,Negative,3,False
খুব ভালো মাল ভাইয়া,Positive,4,False
আমাকে দেওয়া যাবে,Neutral,3,False
ভাইয়া ৩ কেজি মুরগি কি কক নিয়েছিলেন নাকি ফার্মের মুরগি,Neutral,10,False
২০০ টাকায় আমারে আরও বেশি দিছিলো মাংস অনেক থাকে চালটা একটু ভালো মানের হলে,Neutral,14,False
গতি মাঝারি,Neutral,2,False
গোমর পাক করি দিলে কে কিনবে,Neutral,6,False
আসসালামু আলাইকুম কেমন আছেন ভাই,Positive,5,False
এই খাবার মানুষ কীভাবে খায়,Negative,5,False
ভাই এই দোকান টা কোথায় ঠিকানাটা দিবেন,Neutral,7,False
রোজগার করলে সবকিছুই সম্ভব,Positive,4,False
একদমই পচাঁঅসাস্থকর এদের আইন এর আওতায় আনা হোক,Negative,8,False
সব হিসাব শেষ করে পেমেন্ট করার পরে লোকাল কুরিয়ার চার্জ অ্যাড করে আগে জেনে অর্ডার করবেন,Negative,16,False
ভোক্তা অধিকার তোমার চোখে এইগুলা পড়ে না কেন,Negative,8,False
কম দামি কিছু নেই,Negative,4,False
আমি ভালো রান্না করতে পারি কি করা উচিত,Neutral,8,False
আপনি ভাল দামাদামি করতে জানেন না,Negative,6,False
এরে জাউরগ্র্যা পাতা নাকি ফাতা,Neutral,5,False
এই সাইজের চিংড়ি এমনেই মজা,Positive,5,False
আপনার সাথে বিজনেস করতে চাই,Positive,5,False
থেকে কি অর্ডার করা যাবে,Neutral,5,False
পণ্য খাওয়ার অযোগ্য,Negative,3,False
গুলশানে এমন কোন ছোট লোকেরা থাকে যারা এইখান থেকে আইসা খাবার নেয়,Negative,12,False
অনেক অনেক শুভকামনা,Positive,3,False
শীতের সিগনেচার আইটেম,Positive,3,False
ধন্যবাদ আপনাকে ভাই,Positive,3,False
আপনার রান্না গুলো ভালো লাগে আপু,Positive,6,False
আফু একটা চাকরি,Neutral,3,False
পুরাতন ব্যাবহার করা কাপড়,Negative,4,False
একদম ঠিক কথা বলেছেন,Positive,4,False
খুব হতাশাজনক অভিজ্ঞতা,Negative,3,False
ওনি এগুলো হাত দিয়ে কেনো উঠায়,Negative,6,False
আরে ভাই ভালো হ আর কত মানুকে বুকা বানাবি,Negative,9,False
পরিবারটা ইসলামে পরিপূর্ণ,Positive,3,False
বাঙ্গালী আসলেই পাগল,Negative,3,False
ওহ ওহ ওহ কি মজা কি মজা,Positive,7,False
হাজার হাজার চুরির মোবাইল বিক্রি করছে,Negative,6,False
ধৈর্যের ফল ভালই হয়,Positive,4,False
হ খামু কোনো প্রসন মার তালি,Positive,6,False
আপনার ভর্তা দেখে আমার আবার খিদে পেয়ে গেল,Positive,8,False
কথায় এটা,Neutral,2,False
ভাই দোকানের ঠিকানা কি বলেন,Neutral,5,False
সব কপি,Negative,2,False
দাম অনুযায়ী একেবারেই ভালো না,Negative,5,False
আমার ফুফাতো ভাই এর রহিম বিরিয়ানি,Positive,6,False
আপু এই পেজটার সাথে কিভাবে যোগাযোগ করবো,Neutral,7,False
লোভনীয় খাবার,Positive,2,False
রান্না র রং টা অনেক সুন্দর হয়েছে,Positive,7,False
বোন দোওয়া করি তুমি আরো এগিয়ে যাও,Positive,7,False
আমার মোবাইল এখানে আছে,Negative,4,False
ইডি খইলে পাতলা পায়খানা হইবো,Negative,5,False
অনেক ধন্যবাদ ভাই কিছু জানলাম,Positive,5,False
কয়েকটা ড্রেসিং টেবিলের ছবি দেন,Neutral,5,False
অনেক সুন্দর পোস্ট,Positive,3,False
বগলের চুল আর হাতের ঘামটেস্ট হয় নাকি,Negative,7,False
কে ১৯০০০ টাকার বিষয়টা ক্লিয়ার করা দরকার,Neutral,7,False
দাম কম হলে ভালো হতো,Neutral,5,False
খাও আরো বেশি করে,Positive,4,False
ভাই আমি কষ্ট করে কিছু টাকা জমিয়েছি এখন একটি কম্পিউটার তৈরি করতে চাচ্ছি শুধু পিসি সে ক্ষেত্রে আমি কোথা থেকে কম্পিউটার কিনলে ঠকবো না একটু যদি বলতেন বড় উপকার হতো টাকা,Neutral,31,False
জীবনে ওউ প্রথম হুনলাম,Neutral,4,False
সত্যি অনেক মজাদার,Positive,3,False
টাকা তে চীন থেকে বাংলাদেশে প্রোডাক্ট আনা যায় সময়ে তে আনতে চাইলে,Neutral,12,False
অসাধারণ রেসিপি,Positive,2,False
খাওয়ার সময় একেবারে আনন্দিত,Positive,4,False
সেই তুমি,Neutral,2,False
কুয়েতে ২ টাকা কিলু বাংলা টাকায় ৮০০ টাকা,Neutral,8,False
আমরা লোভে দাম কম শুনে যাই শেষে ধরা খাই,Negative,9,False
ঠিকানাটি কোথায়,Neutral,2,False
আপনি যে দিয়ে ভিডিও এডিট করে দেখিয়েছিলেন এখন কি করবো একটু শিখিয়ে দেন দয়া করে,Neutral,15,False
সফলতা অবশ্যই আসবে যদি আমরা সফলতার জন্য একসাথে কাজ করি সবাই ফলো করলে ফলো দিবো ইনশাআল্লাহ,Positive,16,False
উনার বউ অসুস্থ হলে এখানে কি করে বাসায় রেস্ট নিলে পারে কেক বানাতে হচ্ছে বউ এর কিন্তু বাসা দেখাতে সমস্যা কেন ব্যবসা করুক সমস্যা নাই কিন্তু এত কে একা বানায় এইটা বলা অন্যায় আবার হোম বলে যদি সে বেকারি থেকে আনে তাহলেও অন্যায়,Neutral,43,False
পরে দেখতে ভালো লাগে না,Negative,5,False
এটা চোরাই বাজার না চোরাই বাজার আলাদা এটা সস্তা বাজার,Neutral,10,False
আপনি কি বিদেশে রেস্টুরেন্টে কাজ করেন,Neutral,6,False
আমি আসবো ইনশাআল্লাহ,Positive,3,False
আপু ৪০০ টা বেশি হয়ে গেছে,Negative,6,False
আমি ভালো সুটকি রান্না করি বিক্রি করবো কিনা ভাবছি,Neutral,9,False
তোর যুগ্যতা আছে বিয়ে করারপাবলিক টয়লেট,Neutral,6,False
প্রতিভা সামনে আনলো,Negative,3,False
৫ লক্ষ টাকার মধ্যে ছাগল কিনবেন ১ মাসে টাকা উঠে যাবে,Neutral,11,False
মেয়ে মানুষ বেশি পছন্দ করে,Neutral,5,False
আমিনুল ভাই এর আগের ভিডিও দিয়েছেন ঘড়ি কে নিয়ে বিশ্বাস কারে করবো বুঝি না,Negative,14,False
৪০০ টাকা বেশি হবে,Negative,4,False
পকেট খালি করে চলে যান,Negative,5,False
কলকাতা মেট্রোগলি ক্যামেরা দোকানের ব্যাপারে কিছু বলুন যে ওখানকার ক্যামেরা কি আদৌ ভালো না খারাপ,Neutral,15,False
চমৎকার লাগছিল,Positive,2,False
মাশাআল্লাহ আসুন আমরা সবাই সবার পাশে থাকি আর সবাই একে অপরকে সাপোর্ট করি ইনশাআল্লাহ,Positive,14,False
আপনাকে ধন্যবাদ ভাই চাঁদনী মার্কেট সম্বন্ধে জানতে পারার জন্য আপনি একটি ঠিকানা বলুন কলকাতা কোথায় এসি ফ্রিজ সেকেন্ড হ্যান্ড অল্প দামে পাওয়া যায় এবং এসি ফ্রিজের কমপেসার রিপিয়ারিং করা হয়,Neutral,30,False
সবচেয়ে বড় বাটপার হচ্ছে যারা অনলাইনে এসে লেকচার দেয়,Negative,9,False
শোরুমের ঠিকানা দিন,Neutral,3,False
ইস কি মজা,Positive,3,False
ভাই ৩০ ৩৫ মধ্যে কিনতে চাই,Neutral,6,False
পরিবার নিয়ে খাওয়ার জন্য সেরা,Positive,5,False
ভিডিওটা অনেক বড়,Negative,3,False
আমার তো জিভে জল এসে গেছে ভাই,Positive,7,False
হায়রে দুনিয়া,Negative,2,False
আপনার ভিডিও দেখে ৪৫০ টাকার ২৫০ তে কিনলাম,Positive,8,False
আপনার মাথা নষ্ট হয়ে গেছে আপনে কন্টেন খুজে না পেয়ে এখন আবল তাবল ভিডিও বানান আপনে কম্পিউটার এর কম্পোনের কি বুজেন সারা জিবন করছে রিভিউ এখন আপনার কন্টেন গুলো খুব ফালতু ভিডিও,Negative,32,False
শীতের দিন মানেই হাস ভুনা,Positive,5,False
ভাই সারা সিলট বিভাগের মানুষে কয় শাষনী বা তির খাটা আর আপনে কয়রায় লম্বা মিটা ই নাম জীবনে হুনছি না আজকে ফয়লা আপনের কাছ গেছে হুনলাম,Neutral,26,False
এত দাম মাছের,Negative,3,False
দাদা তোমার কথাগুলো খুব সুন্দর,Positive,5,False
কে এই নোংরা জিনিস খায় জানি না,Negative,7,False
১১০ টাকায় কিনে আনার পর কাস্টমার দাম বলে ১০০ টাকা,Neutral,10,False
খাবারের মধ্যে মাটি জমছে,Negative,4,False
আপনাকে দেখে বেশী দিছে,Neutral,4,False
চুপ খেতে হলে ভাই এখানে চলে আসো তাই,Positive,8,False
কি বলেন,Neutral,2,False
মজার ভর্তা,Positive,2,False
তোমার চাইতে ভালো পাপ করতে পারি,Neutral,6,False
এই গ্রুপে ১ম দিকের পোস্ট গুলোতে তার ১ম ওয়ার্কশপের মেম্বারদের সাথে কি কি স্ক্যাম হয়েছে তা বলা আছে চাইলে দেখে আসতে পারেন সে পুরাই একটা বাটপার,Neutral,26,False
ভাল ব্যবসা,Positive,2,False
হাঁসের দোকানের পাশের দোকান চা পাওয়া যায় সুপ খেতে হলে ভাই এই দোকানেই আশা চাই,Positive,15,False
চকবাজার কোন মার্কেট,Neutral,3,False
এই প্রশ্ন গুলো কখনো মানুষ করত না যদি প্রথমেই কেক বিক্রেতা এই কথা গুলো না বলতেন যে তার বউ একা কেক বানায় আর তখন থেকেই মানুষ জন নানা রকম প্রশ্ন তুলছে লোকটা যদি প্রথমেই বলতো তার বউ এর দুই জন সাহায্যকারী আছে বাড়িতে এই কাজের জন্য যা এখন সে বলছে তাহলে তো আর এত কথা হয় না আবেগে যে আমরা কখন কি বলি কেউ জানি না,Neutral,66,False
এগুলো মোটেও ৬৫০টাকা দিয়ে দেয় না মিনিমাম ১০০০১২০০টাকা এর শাড়ি সেল করে উনি আমি প্রতি সপ্তাহে গিয়ে জিজ্ঞেস করি,Negative,19,False
পুরো ব্যাপারটা মিথ্যা এ একটা বাটপার,Negative,6,False
খুব লোভনীয়,Positive,2,False
এটা কি গাউসিয়ার অপসটের ২ তালা,Neutral,6,False
ভালো ছিলো এমন ভিডিও আরো চাই,Positive,6,False
কোথায় ঠিকানা দেন,Neutral,3,False
ভোক্তা অধিকার মুখোমুখি করা হোক,Neutral,5,False
সুন্দর ব্যবসা,Positive,2,False
আগের দিনের খাবার বেচে,Negative,4,False
আপু আপনি কি মুসলিম,Neutral,4,False
তেহারি এত হলুদ,Negative,3,False
এর মতো বাটপার এই জীবনে আমি দেখি নি,Neutral,8,False
হয়তো এখানেই আমার ফোন ও আছে,Neutral,6,False
আমি এই বিজনেস শিখতে চাই,Positive,5,False
তোমারটা চাই,Positive,2,False
ভালো তো,Positive,2,False
পরিষ্কার পরিচ্ছন্ন ছিল,Positive,3,False
লোকেশন কোথায় জানাবেন,Neutral,3,False
ভাইয়া এগুলো কিনে আমি ব্যবসা করতে চাই কত টাকা করে নিবেন,Neutral,11,False
আপনি নিজেই ঠকে গেছেন,Negative,4,False
আমি আপনার ভিডিও সবসময় দেখে রান্না করি,Positive,7,False
খাবারের মধ্যে অদ্ভুত গন্ধ ছিলো,Negative,5,False
এ গুলো নিউজ দেন এটা এক প্রকারের ব্যবসায়িক সুযোগ,Negative,9,False
সকল ভাইদের বলছি চালনী মার্কেটে কেউ কোনো মোবাইল ঠিক করাবেন না এবং কোন মাল কিনবেন না এরা মহা চোর আমি অনেক ঠকেছি এরা তৃণমূলের নেতাদের থেকেও বড় চোর সবাই সাবধান লালনী একটা মহা চোর আমি কম্পিউটার কিনে ঠকেছি,Negative,38,False
ভাইরে ভাই সেই লেভেলের লোভ নিও খাবার,Positive,7,False
আর তুমি চুল কালার করআর মোবাইল নিয়ে ভিডিও বানাও,Neutral,9,False
গড়পড়তা পণ্য,Neutral,2,False
আমারও খুব ভালো লাগে এই খাবার সবকিছু তাজা এবং সুস্বাদু হয়ে থাকে,Positive,12,False
রঙ একদম ফিকে না,Positive,4,False
দেখতে দারুণ হইছে আপু,Positive,4,False
আমি এতোক্ষন দেখলাম কোন ঘ্রাণ পাইনি তাই বলছি ভালো হয়নি,Negative,10,False
অসাধারণ লাগলো,Positive,2,False
খাবার খেয়ে ভালো লেগেছে,Positive,4,False
ব্যবসা শুরু করায় তাদের আন্তরিকতার কোন ঘাটতি নেই,Positive,8,False
ভাই আপনার ভিডিও গুলা ঠিক সময় মতো পাই যখন যেই টাইপ মনে হয় সেই টাইপ ভিডিও আপ দেন খুব ভালোলাগে,Positive,20,False
ক্যামেরাম্যান দোকানদারের হয়ে দালালি করছে,Negative,5,False
খাঁটি তেল আর মেথি দানা কই পাবো,Neutral,7,False
অনেক অনেক ভালো লাগলো আপু আমার,Positive,6,False
অনেক কষ্টের,Negative,2,False
৩০০ বললে আরো ভালো হতো,Neutral,5,False
গ্লাভস কোথায়,Neutral,2,False
আসসালামু আলাইকুম ব্যবসায় কোন লজ্জা নানাই,Positive,6,False
হ্যাপি রকেট দিবস,Positive,3,False
এই কথাটা সত্যি এখানে একটা চোরাই মার্কেট আছে,Negative,8,False
আবার হোটেলে ব্যবসার করেন লিংক বাহির হবার সম্ভাবনাও আছে নাকি,Neutral,10,False
বেশি ফাল ফালা উচিত না দেশটা বাঙালির বেচারা বুঝে নাই ভাইরাল হতে যেয়ে হোগামারা খেয়ে গেল ব্যাবসা কথা কাউকে বলতে নেই,Neutral,21,False
ব্রাহ্মণবাড়িয়া ছেলে শক্তি আছে তো খেলতে পারবে তাই মেয়েটার পছন্দ ব্রাহ্মণবাড়িয়ার ছেলে,Positive,12,False
ওয়াইফু গ্রাফিক্স কার্ডের রিভিউ চাই,Neutral,5,False
পাইকারি হিসেবে দাম অনেক বেশি,Negative,5,False
নের কী হেন বেক নাই,Neutral,5,False
সবার সন্দেহ ঠিক উনারা প্রথমে কেক নিজেরা বানায়ছে বাট জখন ভিড় বেড়ে গেলো চাপটাও বেড়ে গেলো তাই এতো কেক তো বানানো সম্ভাব না তাই বেকারি থেকে কেক কিনে এনে বিক্রি করতেছে কথাটা হলো উনি জেমনেই আনিুক সেটা বলে দিলেইতো হয় মিত্থা বলে কেক বিক্রি করবে কেন বলে কিনা আমার বউ সব কেক বানায় এটা একেবারেই অসম্ভাব,Neutral,56,False
মানুষের রুচি কতটা নিচে নেমে গেছে,Negative,6,False
অসাধারণ টিপস অনেকবার এভাবেই রান্না করে খেয়েছি,Positive,7,False
ভিডিওটি সামান্য সময় হলে ভালো হতো,Negative,6,False
অনলাইন স্টোরের অফার ভালো,Positive,4,False
গ্রাইম্মা খ্যাত সালা বেশি বক বক করে,Negative,7,False
ওমানে উটের গোস্ত কেজি প্রতি৪ রিয়াল বাংলার ১২৮০ টাকা,Neutral,9,False
লোভনীয় সব ভর্তা,Positive,3,False
চার ক্যামেরার ফোন টা আমার ছিল চুরি হয়ে গেছে,Negative,9,False
হাসের দোকানের পাশের দোকান চা পাওয়া যায় চুপ খেতে হলে ভাই এদিকে আসবেন তাই,Positive,14,False
আপু কোন জায়গায়,Neutral,3,False
গতকাল ওপেনিং ডেতে গিয়েছিলাম বাজে যে ভাবে দেখাইছে গিয়ে দেখি কিছু নাই বলে গরুর মাংস খিচুড়ি চিংড়ি সাদা ভাত আছে কেমন লাগে মেজাস খারাপ হয়েগেল কিছুই খেতে পারিনি ওরা যেই এড দেখাচ্ছে ২৪ ঘন্টা সব আইটেম পাবেন সব ফাও কথা গাড়ি ভারাটাও লস,Negative,43,False
ভাইয়ের জিব্বা টা সেই,Neutral,4,False
ধন্যবাদ ভাই আপনাকে খুব ভালো লাগলো,Positive,6,False
কোন নদী,Neutral,2,False
সকালে মেথি ভেজানো পানি খেলে আমার অনেক ঠান্ডা লেগে যায়,Neutral,10,False
খরচ বেশি,Negative,2,False
মারা খাবে কিনলেই,Negative,3,False
এর দোকানের প্রাইস অনেক বেশি,Negative,5,False
চিংড়ি মাছে এলার্জি আছে,Negative,4,False
আমাকে কিনে দেন দুইটা,Neutral,4,False
খুব ভাল একটা উদ্দোগ,Positive,4,False
ভিডিও যে করতেছে সে আসলে পাগল,Negative,6,False
আমি তাদের দ্বারা আনাইছিলাম সার্ভিস খুব ভালো,Positive,7,False
ঐ হোটেলের ফোন নাম্বার টা দিতে পারবেন,Neutral,7,False
জীবনেও খাই নাই সি ফুড,Neutral,5,False
এই বেডার মত ভোদাই বাংলাদেশে খুব কমই আছে,Neutral,8,False
স্যার আমি চিবিয়ে খাই,Neutral,4,False
এই তার দিয়ে ফ্যানে লাইন দেওয়ার সাথে সাথে ফ্যান টাই নস্ট হবে,Negative,12,False
এগুলো কুকুরের খাবার,Negative,3,False
আপু আমি ইন্টার কমপ্লিট আমাকে নেওয়া যাবে,Neutral,7,False
অবশ্যই যাবো,Positive,2,False
চাকরির পেছনে না ঘুরে উদ্যোক্তা হওয়ার চেষ্টা করুন,Neutral,8,False
ওনার খাবার খেয়ে আমার ফ্যামিলি হসপিটাল গেছিলো আল্লাহ মাপ করুক আর আপনি তার ভিডিও বানান,Negative,15,False
দেখতেই তো কি সুন্দর,Positive,4,False
কিরে ভাই,Neutral,2,False
সারাদেশে ডেলিভারি দিলে ভালো হতো,Positive,5,False
কোটি টাকা কতোতে হয় ভাই সব থাম্বনেইল এ দেখি ২ হাজার টাকা কামাইলে ও কোটি টাকা বানাই দেন আমার তো মনে হয় ওনার থেকে আপনার ভিডিও ইনকাম বেশি হবে,Negative,29,False
চিংড়ি তরকারিটা দেখতে অসাধারণ হইছে,Positive,5,False
ভাই আপনি অনেক কস্টোকে ভিডিও বানান আপনাকে ধন্যবাদ চশমা ভিডিও বানান পিলিজ,Positive,12,False
আমরা যারা ব্যবসা করতে চাই তাদের জন্য অনেক ভালো হোইছে ভাইয়া,Positive,11,False
ভাল লাগল,Positive,2,False
বিখ্যাত ঝাল মুড়ি,Positive,3,False
দেশবিদেশ ফার্নিচার যশোর,Neutral,3,False
বোন তোমাদূর সাপোর্ট,Neutral,3,False
এভাবে টমেটো ভর্তা আমিও কালকে বানিয়ে ছিলাম,Neutral,7,False
চারজনকে ধরা হয়েছে,Positive,3,False
পসিনা মিশে স্বাদ বেড়েছে ব্যঙ্গ,Negative,5,False
আরও একটু ডিটেইলে বললে ভালো হতো না,Neutral,7,False
পাস করে খেলে কি সমস্যা ভাই,Neutral,6,False
ভাইআপনার লোকেশন কোথায়,Neutral,3,False
আলহামদুলিল্লাহ আল্লাহ তায়ালা যেন উনাকে নেক হায়াত দান করেন এবং মানুষের সেবায় নিয়জিত থাকেন,Positive,14,False
তবে চোর বাজার নামটি দেওয়া ঠিক হয়নি,Neutral,7,False
মাশাআল্লাহ অনেক সুন্দর,Positive,3,False
বাটপার জোরা ৫০০ টাকা আছে দাম বলা ঠিক আছে,Positive,9,False
সব এখন সফল রাস্তায়,Positive,4,False
একেবারে খারাপ অভিজ্ঞতা,Negative,3,False
লোভনীয় হয়েছে,Positive,2,False
এই মার্কেটা চুরের আস্তানা হয়ে গেছে,Negative,6,False
খা খা খা চাইনিজ খা আর হাসপাতালে যা,Negative,8,False
আসলেই দারুণ আইডিয়া,Positive,3,False
গুড়া মাছ অনেক মজা,Positive,4,False
মরা মুরগী নাকি তাজা বুজলামনা,Neutral,5,False
এই পারফিউমের ঘ্রাণ ভালো,Positive,4,False
লুসিডা বাড়াই দিলা ধন্যবাদ,Positive,4,False
আমার চুরি হয়েছিল,Negative,3,False
এগুলা বাইরে ফিটফাট,Neutral,3,False
পচা খাবার কে খায়,Negative,4,False
পালটু হোটেল,Negative,2,False
এই হোটেল টা কোথায় জানাবেন কি,Neutral,6,False
তিসি চিনে না মানুষ কি বলে,Neutral,6,False
রুচি একেবারে নেই,Negative,3,False
ভাই আপনার চশমাটা আমার খুব পছন্দ হয়েছে আমি কই থেকে কিনবো প্লিজ বলবেন,Positive,13,False
বড় শখ ছিল নেয়ার জন্য দাদা একটু সাহায্য কর,Positive,9,False
বাহ অসাধারণ,Positive,2,False
অনলাইনে নেওয়া যাবে,Neutral,3,False
ওকে আপু শুভকামনা রইল,Positive,4,False
এই মেয়েটারে দেখলে আমার বমি চলে আসে,Negative,7,False
কষ্ট করলে কেষ্ট মেলে ইনশাআল্লাহ একদিন আমরাও সফল হবো,Neutral,9,False
আপু তোমাদের ব্রাক্ষণবারিয়া কোথায় বাড়ি,Neutral,5,False
দাদা কোন দিন গেলে ভালো হবে মোবাইল কিনতে চাই,Neutral,9,False
আমিও গাইবান্ধা থেকে দেখতেছি,Neutral,4,False
আমি আগেই বলছিলাম এই ইউটিউব এর যন্ত্রনায় একদিন পতন হবে,Neutral,10,False
সিমি আপুর হাতের রান্না মনে হয় অনেক মজার,Positive,8,False
এরকম মেয়ে প্রত্যেক ঘরে ঘরে দরকার,Positive,6,False
ব্যবহার করার পর চুলকানি,Negative,4,False
আমারও খুব পছন্দ,Positive,3,False
খাস কেন রে ভাই সমালোচনা,Neutral,5,False
খালার হাতে জাদু আছে,Positive,4,False
এই ফোন কিনে পুলিশ কাছে পুটকি মারা খাওয়া একই কথা,Negative,10,False
এটা কি করা যাবে,Neutral,4,False
ভাই আপনার দোকান টা কোন জায়গায় একটু বলেন তো,Neutral,9,False
রঙ ঠিকঠাক,Neutral,2,False
আপনার দোকানের ঠিকানা কোথায়,Neutral,4,False
এখানে শুধু ৬ টাই রিয়াল,Neutral,5,False
আমাকে নিয়ে নাও আমাকে বেতন দিতে হবে নাশুধু তিনবেলা খাবার দিলেই হবে,Neutral,12,False
উটের থেকে গরুর মাংস অনেক ভালো এবং অনেক মজা সৌদি আরবে উটের মাংস থেকে গরুর মাংসের দাম বেশি,Positive,18,False
অরে মজার,Positive,2,False
মাঝে তো শুনেছিলাম পোলাপান গ্রুপ খুলছে উনার নামে মামলা করবে তাই,Neutral,11,False
নোংরা ও অস্বাস্থ্যকর খাবার খেয়ো না,Negative,6,False
এক ঘন্টায় খাসি বা গরু বিরানি কি বাবে হয় একটা ফাউল কথা,Negative,12,False
এই খাবার একবার খেলেই মনে থাকবে,Positive,6,False
চিকেন কাঁচা থাকবে না ভাই,Neutral,5,False
কোথায় বিক্রি করে এই কেক,Neutral,5,False
এই খাবারের প্রতিটি কামড় অসাধারণ,Positive,5,False
শুভকামনা রইল,Positive,2,False
পিতলের পাএ অনেক ভালোলাগে,Positive,4,False
রোজ জুলফিয়ানের মত কিছু টা,Neutral,5,False
দাম কত দোকানটা কোথায়,Neutral,4,False
পঁয়তাল্লিশ পাঁচচল্লিশ,Neutral,2,False
আমার কাছ থেকে আগে টাকা নিছে ৬৫ টাকা আর একটা ব্যাক কভার এর দাম চাচ্ছে ১৭০০ টাকা,Negative,17,False
রিটার্ন পলিসি ভালো না,Negative,4,False
এই থুথু খাবারের উপরে পড়ে মুখে মাক্স লাগাইয়া কথা বলার দরকার,Negative,11,False
খাওয়ার পর খুব হালকা লাগছে,Positive,5,False
গুরা মাছ ঘোড়া না,Neutral,4,False
কালারটা কী রং,Neutral,3,False
মাশাআল্লাহ খুব সুন্দর তো,Positive,4,False
পিঠা খাইয়া নিজেরে স্মার্ট মনে করার কিছু নাই এনে,Neutral,9,False
কিভাবে ভাই ১০০ টাকায় তিন পিস,Positive,6,False
সালা চোর,Negative,2,False
খুব মজার রেসিপি দিয়েছেন,Positive,4,False
ভালো লাগলো অনেক,Positive,3,False
খুব সুন্দর ভিডিও আপু,Positive,4,False
এটা চাই,Positive,2,False
ভালো উদ্যেগ,Positive,2,False
ভাই এই ফোনটা তো আমার,Neutral,5,False
বাজারের তুলনায় খারাপ,Negative,3,False
সেলার ফালতু এসবের দাম খুব কম,Negative,6,False
নিয়মটা পরিষ্কার করে বুঝতে পারলাম না,Neutral,6,False
ঘুষের টাকা যাদের আছে তারাই কিনা খাবে কিনা খাবে,Negative,9,False
ভোক্তা অধিকারকে খবর দিন ভাইরাল কেক ভাই ভূয়া হয়ে যাবে ১০০ আমিও এই ইণ্ডাষ্ট্রিতে ২৭বছর ধরে কাজ করছি ছোট ভাইকে ঠান্ডা করতে হবে,Neutral,23,False
নিজেরা যদি সামান্য একটু সম্মান দেখায় তাহলে সেই দোকানের জন্য ভালো হবে,Neutral,12,False
আপু আমি হাসের মাথা খাই না,Neutral,6,False
খাওয়ার স্বাদ খারাপ,Negative,3,False
সোজা হাসপাতালে,Negative,2,False
দাম বেশি সাবধান,Negative,3,False
ভাই আমি নতুন আগে কখনো কম্পিউটার চালাইনিকিনতু আমি একটি কম্পিউটার কিনতে চাই বাড়িতে চালানোর জন্য আমার এতো কনো কাজ নেই কনো রকম নিজে চালাইতে যাতে পারি কোন কম্পিউটার কিনবো জানান আশা করি,Neutral,32,False
আমাকে ক্ষমা করে দাও,Negative,4,False
কি লাভ দুই এক দিন পর ছাড়া পেয়ে যাবে এই সব নাটক,Negative,12,False
এই শীতে এক কাপ চা খেলে সেই হইতো,Positive,8,False
পাইকারি হিসেবেও দাম বেশি,Negative,4,False
দাম অনুযায়ী মান ভালো,Positive,4,False
এখন ওইখানে গেলে মনে হয় চল্লিশা খাওয়ানো হয়,Negative,8,False
বুজলাম না কিভাবে সম্ভব পুলিশ সহায়তা হোক,Neutral,7,False
সেই স্বাদ এত মজা ক্যা,Positive,5,False
ভাই আপনার ফোন নাম্বার দেন,Neutral,5,False
পাপি লোক,Negative,2,False
ফারাবি ভাই একটু ক্লিয়ারলি বলতে পারেন গেমিং করা সম্ভব কিনা,Neutral,10,False
এই ভিডিও গুলো কেন যে সামনে আসে,Neutral,7,False
আমি তো একটি মিনি পিসি আনতে চাই তাহলে ডেলিভারি চার্জ কেমন নিবে,Neutral,12,False
ওর কি খিঁচুনি উঠেছে নাকি ভূতে ধরেছে,Negative,7,False
কোনো পরিবর্তন নেই,Negative,3,False
খাওয়ার পর মন ভরে গেছে,Positive,5,False
৪ ঘন্টা লাগবে তো রান্না করতে,Neutral,6,False
এটা পাইকারি বাজারচোরাই না এখান থেকে ব্যবসায়ীরা তাদের পণ্য কিনে নিয়ে করে ভালো ভাবে জেনে দিবেন,Positive,16,False
বাংলাদেশের মানুষের টাকা বেশি হয়ে গেছে এজন্য এক কেজি মাংস ৫০০০ টাকা দিয়ে কিনতাছে,Neutral,14,False
আমি এই ম্যানেজারের সাথে একটু কথা বলতে চাই অনেক প্রোডাক্ট মিসিং এবং খারাপ প্রোডাক্ট দিয়েছে,Negative,15,False
খাওয়ার নিয়ম আলহামদুলিল্লাহ পোডাকট হাতে পেয়েছি,Positive,6,False
সুপ খেতে হলে ভাই দুধ খেতে হয়,Neutral,7,False
ভি আই পি মানুষরা তাদের কুকুরের জন্য নেয়,Negative,8,False
আমার মনে হয় আর কিছু দিনের মধ্যেই আপু একজন সফল ব্যবসায়ী হয়ে উঠবে ইনশাআল্লাহ,Positive,14,False
ওদের জন্য সিলেট শহরে সাধারণ মানুষ হয়রানির শিকার,Negative,8,False
নির্লজ্জ বেহায়া মহিলা,Negative,3,False
সাধারণ ডিজাইন,Neutral,2,False
মেয়েদের ফেভারিট খাবার,Positive,3,False
এরকম খাওয়ার বিক্রির জন্য ভারত বিখ্যাত খোলামেলা দুর্গন্ধযুক্ত জায়গা পরিবেশ অস্বাস্থ্যকর ভাবে পরিবেশন এগুলার জন্য বহির্বিশ্বে ইন্ডিয়া প্রচুর পরিমাণ টলের শিকার বাংলাদেশে এমনভাবে যেন খাদ্য পরিবেশন না করা হয় স্ট্রিকলি এগুলাকে দমন করতে হবে,Negative,34,False
আমি করবো কোথায়,Neutral,3,False
কাপড়ের মান আশা অনুযায়ী না,Negative,5,False
আলহামদুলিল্লাহ দোকানে বোনের জন্য,Positive,4,False
মাশাআললা মাশাআললা মাশাআললা আল্লাহাদুলিলা,Positive,4,False
আর এদিকে সৌদিতে গরু বলে উট খাওয়ায় দেশ বাংলাদেশি কিছু সাধু ব্যাবসায়ীরা,Negative,12,False
এটা কোথায় সিরাজগঞ্জে এনায়েতপুর গোলাম এর হোটেল নাকি,Neutral,8,False
যে কোন জিনিস ধৈর্য ধরলে ধৈর্যের ফল পেতে হয় আপনার কাজ চালিয়ে যাও আপনি একজন অনেক বড়লোক বিজনেস করবেন,Positive,19,False
পণ্য নষ্ট অবস্থায়,Negative,3,False
মসলার ঘ্রাণ ভালো,Positive,3,False
অনেক খেয়েছি ভাই বউকে নিয়ে যাবো বিয়ের পর,Positive,8,False
এই দোকানদার বাটপার বেশি রেটে বিক্রি করে,Negative,7,False
আপু অনেক বুদ্ধিমতি পড়াশোনার সাথে এসে তার বিজনেস চালিয়ে যাচ্ছে আর উপর হবে,Positive,13,False
ভাই ফুচকার খাইতাম না জীবনে,Negative,5,False
আমিও ট্রাই করবো,Positive,3,False
ভাই আমি শুরুতেই ধারণা করছিলাম ১দিনে ২৫লাখার টাকার সেল ওইটাও স্ক্যাম ওইটার স্ক্রিনশটও আছে এটা ১দিনে করে নাই,Neutral,18,False
ভিডিওতে নাম্বার নেই মানুষ বলছে বিভ্রান্তিকর,Negative,6,False
ভাইয়া আমার ভিডিওটা কি দিবেন,Neutral,5,False
আমার ও খুব পছন্দ,Positive,4,False
ভাই আমাকে ঠকাইছে টাকা ফেরত দিচ্ছে না প্লিজ হেল্প করুন,Negative,10,False
দাম কত অনলাইনে কেনার সুযোগ আছে কিনা,Neutral,7,False
ভাই আন্নে ১০০ নোয়াখাইল্লা,Neutral,4,False
বেতনের আইডিয়া দিলে আমি রাজি আছি,Neutral,6,False
এই মাংস যারা কিনছে তাদের আয়ের উৎস খোজ নেওয়া হোক,Negative,10,False
হাতের ময়লা সব খা,Negative,4,False
আগে এক পিস নিয়েছিলাম এই শপ থেকে এখন আবার এক পিছ নিলাম আগে নিয়েছিলাম ডান হাতের টা এখন নিলান বাম হাতের টা প্রোডাক্ট কোয়ালিটি খুবই ভালো চোখ বন্ধ করে নিতে পারেন সঠিক সময়ে ডেলিভারি পেয়েছি বিজ্ঞাপনের সাথে পণ্যটির সম্পূর্ণ মিল আছে সাইজ ঠিক আছে সহজে ব্যবহারযোগ্য মানসম্মত পণ্য দেওয়ায় বিক্রেতাকে অনেক ধন্যবাদ,Positive,52,False
যাদের গাড়ি বাড়ি আছে তাদের আরও ভাইরাল হতে হবে তাই,Neutral,10,False
আমি খেতে চাই,Positive,3,False
এরা কিনে বলেই চুরি হয়,Negative,5,False
খুব লোভনীয় খাবার,Positive,3,False
কেন জানিনা আমার কোন সময় এই ফুচকা খেতে ইচ্ছে করে না,Neutral,11,False
কারা কারা আমার মত এই বিডিও দেখতে এসেছেন,Neutral,8,False
দাদা এই বাজারে কি ড্রোন ক্যামেরা পাওয়া যাবে বলবেন প্লিজ,Neutral,10,False
আলহামদুলিল্লাহ খুব সুন্দর উদ্যোগ,Positive,4,False
অনেক ভাইরাল এ মহিলা,Positive,4,False
ভাই পাবলিককে এই ভিডিও দেখতে আসছে নাকি অন্য আগের দুইটা ভিডিও দেখার জন্য আসছে,Neutral,14,False
আপনার পরামর্শ আমার জন্য অনেক ভালো হয়েছে,Positive,7,False
ভাই তোমাকে অনেক ধন্যবাদ সত্যি কথা গুলো সাধারণ মানুষের কাছে তুলে ধরার জন্য আমি অনেক দিন ধরেই চাদনি মারকেটে কেনাকাটা করি সতর্ক না হলে ঠকাতে হবে খুব সাবধান,Positive,28,False
কাঠের এই ড্রেসিং টেবিলটা আমি নিবো দাম কত,Neutral,8,False
এ একটা বালের মার্কেট,Negative,4,False
মার্কেটের ৫০ দোকানদার বাটপার,Negative,4,False
সেই রকম মজা হবে,Positive,4,False
খাবারগুলো দেখতে লোভনীয়,Positive,3,False
ভুল বলছেন ৩০০৪০০ চায়,Negative,4,False
এই দোকানসহ গুলিস্থানের সব মার্কেটের মালের কোয়ালিটি একেবারে নিম্নমানের,Negative,9,False
এই খালার দোকান টা কোথায়,Neutral,5,False
দেখলেই ঘৃণা করে,Negative,3,False
আপনারা যেসব পণ্যের দাম বলে দিচ্ছেন কাস্টমারের সাথে বিবাদ হয়ে যায় গোপন রাখা উচিত,Negative,14,False
বেকার না থাইকা একজন মানুষ কাজ করে খায় এটা তো এত যন্ত্রণা মানুষের এত জ্বালা,Neutral,15,False
মিনহা মেহজাবীন খান তুমি কি আমারে এখন বিসসাস কর এই বেপারে,Neutral,11,False
আমি করতে চাই কেউ সাহায্য করবেন,Neutral,6,False
আমার আগেই সন্দেহ হয়েছিল এই ব্যাটারে যদিও আমি এমন ভাবে কেক বানাতে পারি না কিন্তু আমার বাচ্চাদের জন্য আমি নিজে বানাই গত মাসে দুইটা কেক বানাইছি সারাদিন আর কোন কাজ করতে পারি নাই রান্নাও করতে পারিনি,Neutral,36,False
মজা না মাংসো আশ আশ মোটা মোটা আমার হাসবেন্ড আমার জন্য ফ্রোজেন করে আনেছিলো বেশ কয়েক বারআমি ছাড়া সবাই খুব মজা করে খেয়েছে,Neutral,23,False
ব্যাটারি শেষ হতে ১ বছর লাগবে তার আগেই শেষ কথাটা ভালো লাগলো ভাই সত্যি বলে বিক্রি করার জন্য ধন্যবাদ,Neutral,19,False
আমি খাই বারো মাস,Positive,4,False
চাল কত কেজি দিছেন,Neutral,4,False
উনি দেখতে ২য় আরাভ খান তার বুদ্ধি কিন্তু চমৎকার কিছু লুকাচ্ছে ১০০,Positive,12,False
নিয়মিত কেনা যায়,Positive,3,False
মজাদার খাবার খেতে অনেক মজা,Positive,5,False
বাহচমৎকার আইডিয়া,Positive,2,False
কাপড় পরতে আরামদায়ক,Positive,3,False
সুন্দর পরামর্শ দিয়েছেন,Positive,3,False
জিবে জল চলে আসছে,Positive,4,False
আপনাদের সাথে কাজ করতে চাই,Neutral,5,False
সব ঠিকঠাক,Neutral,2,False
শীত মানেই হাঁস খাওয়া,Positive,4,False
কোন জায়গায় ভাই,Neutral,3,False
আমাদের শরীয়তপুরে এরকম চাই ধন্যবাদ,Positive,5,False
সবচেয়ে অসুস্থ এলাকা ব্রাহ্মণবাড়িয়া,Negative,4,False
অনেক ভালবাসা বাধন ভাই,Neutral,4,False
বিয়ে বাড়ির চুরি করা মাংস,Negative,5,False
৬৫ টাকা দিয়ার পর যদি বলে এটা দিতে পারতেছিনা তাহলে ৬৫ টাকা মাইর দিয়া দিবে,Negative,15,False
পিস সংখ্যা নিয়ে মিথ্যা,Negative,4,False
এমন মনে হচ্ছে বাংলাদেশে অরাজকতা তৈরির জন্য পশ্চিমাদের থেকো পায় আর সেটাকে ঢাকার জন্য ব্যবসার নাটক করে ওরা,Negative,18,False
বাহা্ খুবই সুন্দরফুচকার জন্যে যারা পা দিয়ে ময়দার কামির বানাচ্ছে তাদের নাভীর নিচ থেকে ঘামের রস পড়তেছে ময়দার কামিরে তাই এতো স্বাদ হয়ে থাকে যেমন ঠক মিষ্টি ঝাল তাই খেতে এতো স্বাদ হয়ে থাকে মেয়েরা কিন্তু খুবই পছন্দ করে এই ফুচকা পাদিয়ে বানাইলে খুবই মচমচে হয়,Positive,46,False
বড় মাট আসবেন,Neutral,3,False
কুরিয়ারে ব্যবসা করা ঠিক হবে কিনা জানাতে চান,Neutral,8,False
এভাবে চাকরির পিছনে না দৌড়িয়ে নিজে নিজে উদ্যোক্তা হওয়াটা অনেক ভালো এবং দেশের জন্য ভালো,Positive,15,False
আমি ব্যবসা করতে চাই,Positive,4,False
মাশাআল্লাহ চিংড়ি মাছগুলো অনেক লোভনীয়,Positive,5,False
প্রতিটি কামড়েই আনন্দ,Positive,3,False
কীভাবে পাবো,Neutral,2,False
৫ মাস আগে আমার মোবাইল চুরি হয়েছে,Negative,7,False
লিবিয়া টাকা কেজি,Neutral,3,False
ভাই বাংলাদেশের শুনছি হাতির মাংস নাকি বিক্রি হচ্ছে গরুর মাংস রান্না করে কিভাবে ৮০০ টাকা বিক্রি করা হয়,Neutral,18,False
বাটফার দাম অনেক বেশি রাখে,Neutral,5,False
এটা কোন জায়গা ভাইয়া,Neutral,4,False
ওর ফ্যামিলিকে সময় দিবে না নাকি তোর বাপে এসে দিয়ে যাবে,Neutral,11,False
বাড়িতে বানালে তো একটা ও খাছ না,Negative,7,False
দেখে মুখে পানি চলে আসছে,Positive,5,False
গরু নাকি খাশির,Neutral,3,False
খুব ধীরগতির,Negative,2,False
ভাই মোরে একটা দিয়েন,Positive,4,False
জারা যাবেন বুঝে শুনে যাবেন,Negative,5,False
উনি আরেকটা ভিডিও তে বলেছে উনার বরিশালের ছেলে পছন্দ,Neutral,9,False
প্লিজ বাহিরের থেকে কেউ এসে গুলস্থান মার্কেট এ যাবেন না এখানে খুব খারাপ সিন্ডিকেট আছে,Negative,15,False
এটা কোন জায়গা ভাই ঠিকানাটা বললে ভাল হয়,Neutral,8,False
টাকা নাই ভাইতে নিতে পারছিনা,Negative,5,False
এই দোকানে গেসিলাম চশমা পড়া ভাই যে ব্যবহার করলো তাতে করে,Negative,11,False
ওয়াও কি সুন্দর,Positive,3,False
এখানে পতিতালয় রুম আছে,Negative,4,False
আপনার ভিডিও দেখে মাল করলাম দুই থেকে দশ টাকা বেশি নেয় একটা মাল দেয় নাই,Negative,15,False
ভন্ডামি ছাড়া আর কিছুই না,Negative,5,False
ভাই আমি এই বিরানি পাক করেছি এভাবে,Positive,7,False
মাশাআল্লাহ এরকম উদ্যোক্ততা দেরকে সকলের সহযোগিতার প্রয়োজন ইনশাআল্লাহ ইনসাফের সাথে ব্যবসা করলে ব্যবসার বরকত আসবেই দোয়া এবং ভালোবাসা রইলো,Positive,19,False
একদমই বাজে পরিমাণ কম দাম বেশি,Negative,6,False
খাওয়ার পর মুগ্ধ হয়েছি,Positive,4,False
সাথে ম্যাগি গিরিটাও ভালো করতেছিস,Positive,5,False
আম্বরখানা চায়না মার্কেটে অভিযান হোক,Neutral,5,False
এটা কিন্তু ঠিক না,Negative,4,False
ভাবতেছি বিদেশ থেকে বাসায় যেয়ে উটের ফাম করবো,Neutral,8,False
আমি ও ইউটিউবে কাজ করি,Neutral,5,False
কম্পিউটার কিনতে হলে অবশ্যই এর ভিডিও দেখুন তাহলে আপনি সঠিক কাজের জন্য সঠিক কম্পিউটার কিনতে পারবেন,Positive,16,False
আসসালামু আলাইকুম বর্তমান সময়ের পরিস্থিতির দিকে নজর দিলে সফটওয়্যার আপডেটের গুরুত্ব নিয়ে একটা ভিডিও তৈরির প্রয়োজন মনে হচ্ছে,Neutral,18,False
ভাই আন্নের বাড়ি কি নোয়াখালী নি,Neutral,6,False
বাহ্ দারুন ছিলো,Positive,3,False
এই খাবার অসাধারণ লেগেছে,Positive,4,False
আহা কি লোভনীয়,Positive,3,False
খুব ভালো উদ্যোগ নিয়েছেন রান্না করা গরুর গোস্ত ৮০০ টাকা কেজি এতে অনেকের সুবিধা হবে,Positive,15,False
পিছনের বাচ্চাটার দিকে তাকান,Neutral,4,False
এমন ভিডিও আরো চাই আপু,Positive,5,False
আরও কয়েক বছর আগে থেকেই এখন থেকে কিনি ইভেন মোটামুটি সবাই জানে এটার সম্পর্কে,Neutral,14,False
আপনার ভর্তা দেখে আমার জিভে পানি এসে গেছে কাল বানাবো ইনশাআল্লাহ,Positive,11,False
ফেসবুকের কাজ শিখতেনতুন যদি হয়ে থাকেন এবং যেকোন সমস্যার সমাধানের জন্য আমার এই পেজে যুক্ত হতে পারেন,Neutral,17,False
এই ঝোল মোল ভিডিও এর জন্য প্রয়োজন পর সব বেশি,Negative,10,False
খা রে ভাই বেশি বেশি খা আমার জীবনেও আমি ফুচকা খাই না,Neutral,12,False
পরিমাণ খুবই কম,Negative,3,False
এখন শুধু গু এর রসের বিরিয়ানি,Neutral,6,False
খুব ভালো লাগলো ভিডিওটা খুব মজাদার খাবার,Positive,7,False
অনেক অনেক সুন্দর হয়েছে আপু,Positive,5,False
দাদা আপনি ভুল বলেন এটা চুর বাজার নাহ নাহ জেনে কিছু বলা থিক নাহ,Negative,14,False
একদম সঠিক দাম বলেছে,Positive,4,False
নতুন ইকমার্স শুরু করেছি ১০ পিস হোলসেল পাবো,Positive,8,False
খুব মজা,Positive,2,False
মাশাল্লাহ দারুণ হয়েছে,Positive,3,False
আচ্ছা এই লোক টা কি চামচ ইউজ করতে পারে না কি একটা অবস্থা,Negative,13,False
বনফুল হোটেল মায়ামনি হোটেল তামান্না হোটেল গোবিন্দগঞ্জ থানার বেস্ট হোটেল আসবেন ভাই সময় করে লোকেশন গোবিন্দগঞ্জ গাইবান্ধা,Neutral,17,False
আর যাই নাই বাটপারি করছিল,Negative,5,False
মারামারি কাটাকাটি করতে পারলে ভালো যত্তসব আজাইরা ব্রাহ্মণবাড়িয়া মানে বারো বাতাইরা,Negative,11,False
আমি ইউস করি খুব ভালো উপকার,Positive,6,False
দেখেই মনে হচ্ছে তরকারি ভালো হয়নি ঝোল বেশি হয়ে গেছে,Negative,10,False
কথা বলতে গিয়ে থুথু গুলো কোথায় পড়ে মনে হয় খাবার এর উপর পরতাছে,Negative,13,False
গেলে ঠেলা ঠেলি করে ভাগেই পাওয়া যায় না সব চাপা,Negative,10,False
আপনার দোকান টি কোথায় জানাবেন০১৩১১৪২১১৬৫,Neutral,5,False
সকালে ঘুম থেকে উঠে যেতে পারবানা,Neutral,6,False
সাপোর্ট করে পাশে থাকো ব্যাক নাও,Positive,6,False
ঘিলে কয় আঞ্চলিক ভাষায়,Neutral,4,False
এতো এতো এড,Negative,3,False
প্রত্যাশা অনুযায়ী কিছুই না,Negative,4,False
খাওয়ার সময় খারাপ লেগেছে,Negative,4,False
ঠিকানা দিন,Neutral,2,False
সুন্দর কাজ,Positive,2,False
থুতু মেশানো মুড়ি,Negative,3,False
ভাই নোয়াখালীর কোন জায়গায়,Neutral,4,False
মশলা একেবারেই ব্যালান্স না,Negative,4,False
খাবার কি অন লাইনে অডার নেওয়া হয়,Neutral,7,False
দাম একটু বেশি মনে হলো,Negative,5,False
হ্যান্ড গ্লাভস চাই,Neutral,3,False
এই অস্বাস্থ্য খাবার মানুষ খাচ্ছে কিভাবে এদের বিরুদ্ধে আইনি ব্যবস্থা নেওয়া উচিত,Negative,12,False
ঢাকার কোথায় বিক্রি হয় মার্কেটের নাম এবং ফোন নাম্বার দিবেন অবশ্যই,Neutral,11,False
আপু একদম সঠিক দাম টা বলছে ভালো লাগলো,Positive,8,False
ভিডিওটা দেখে আমি পারফেক্ট বিরানির রান্না করে খেয়েছি আলহামদুলিল্লাহ,Positive,9,False
এটা চোরাই বাজার না এটা হলো সকল পন্যের কপি মাল পাওয়া জায়,Neutral,12,False
তেল দুর্গন্ধযুক্ত,Negative,2,False
আমি হাঁসের মাংস খাইনা,Negative,4,False
উফফফফফ খেতে অতুলনীয় হবে,Positive,4,False
খাবার আল্লাহ তায়ালার অনেক বড় নেয়ামত সেটাকে এভাবে অপমানিত কইরেন্না,Negative,10,False
বাজার থেকে কেটে বেছে নিয়ে আসবেন,Neutral,6,False
বুঝিয়ে বলেন,Neutral,2,False
ভাই দোকান টা কোথায়,Neutral,4,False
বরিশাল দেওয়া যাবে,Neutral,3,False
এই সিরামের উপকারিতা কি,Neutral,4,False
চিটারবাটপারেরআকরাঅনেকে লোকশানদিয়েপথেবসেছে,Negative,2,False
সেই ছিল আপু,Neutral,3,False
পণ্যের মান ভালো না,Negative,4,False
চমৎকার তো,Positive,2,False
ইউটিউবার ভাই সত্য মিথ্যা যাচাই করে প্রচার করবেন দায়ী থাকবেন,Negative,10,False
মানুষগুলোর সামনে দিয়ে কত কিছু চলে যায় সেইগুলো চোখে পড়ে না একটা মানুষ কিছু করতে গেলেই সব গুলো মানুষ তার উপর চওড়া হয়,Neutral,23,False
দয়া করে আসলামের বিরানির রিভিউ আর কেউ দিয়েন না আসলাম সাহেব এখন লাড সাহেব হয়ে গেছেন বিরানির মান অনেক নষ্ট হয়ে গেছে,Negative,22,False
খুব সুন্দর ফ্লেভার,Positive,3,False
সানগ্লাস আছে কিনা জানাবেন,Neutral,4,False
দোকানদার এত অতিরিক্ত দাম চাইছে মেয়েটা ৪০০ টাকা বলছে উচিত কথা বলছে,Negative,12,False
এটা রহসনের বাবাকে সেয়ার করলাম,Neutral,5,False
এটা হায়দারবাদী না হয়ে মামুনবাদী হলে ভালো হতো,Neutral,8,False
রাস্তার এইরকম খোলামেলা খাবার জিনিস দেখে কার খাওয়ার রুচি হয় জানি না,Negative,12,False
আমার ১টা মোবাইল চুরি হইছিলো,Negative,5,False
কত টাকা খাইছেন আপনি ম্যাডাম,Neutral,5,False
সব দোকানেই চোরের চুরির ফোন আছে,Negative,6,False
মাংস কি আগে রান্না করতে হবে না,Neutral,7,False
এদেরকে আইনের আওতায় আনা দরকার,Negative,5,False
ব্রাহ্মণবাড়িয়া সুপার পাওয়ার,Positive,3,False
কোই এটা খাইতে চাই,Positive,4,False
আমিও গাইবান্ধা থেকে দেখছি,Neutral,4,False
গড়পড়তা মান,Neutral,2,False
আরে ভাই চাপাবাজী না করে ঠিকানা দিন কোথায়,Neutral,8,False
দেখে মনে হচ্ছে খুব মজা হবে মাশাআল্লাহ,Positive,7,False
মরা মোরগি দিলে ঠিক আছে জিন্দা মোরগি দিলে ব্যবসা চাংগে,Neutral,10,False
আসসালামু আলাইকুম ভাই আমি মালদ্বীপ থেকে দেখছিলাম তবে মাল আনলে যদি,Negative,11,False
বাংগালী কেউ কারো ভালো দেখতে পারে না উনি তো ভিক্ষা করে খাইতেছে না,Positive,13,False
চুরি করা পচা খাবার,Negative,4,False
কোন জায়গায় এটা লোকেশন দেন ভাই,Neutral,6,False
খুব সুন্দর পরিবেশন আর স্বাদ,Positive,5,False
একটা মাছ কিনতে দেখলাম না,Neutral,5,False
ভালো সিস্টেম কিন্তু ডেলিভারি চার্জসহ কতো পড়বে সেটাই তো দেখা যায় না দেখা গেলো ৫০০ টাকার মালে ২০০০ টাকা ডেলিভারি চার্জ,Neutral,21,False
নিচে লেগে গেলো,Negative,3,False
আমার মোবাইলটাও চুরি হয়েছে জিডি করেছি,Negative,6,False
বউ দেখানো বাদ দিয়ে,Negative,4,False
ঘোড়া চিংড়ি নাকি গুঁড়া চিংড়ী,Neutral,5,False
এমন বে হিসেবে দাম বলা লোকের কাছ থেকে মাছ না কিনাটাই আমি মনে করি ঠিকফালতু ব্যবসায়ী,Negative,16,False
মাগো মা মনে করেন অনেক হাসলে তো মানুষের দরকার,Neutral,9,False
আমার ফোন চুরি করে নিয়ে গেছে থেকে,Negative,7,False
এখানে আসেন তাই,Positive,3,False
খাবার একদম ফ্রেশ ছিল,Positive,4,False
ভালো লাগছে ভিডিও টা,Positive,4,False
ধুলাবালিময়লাঘাম ফ্রী,Negative,2,False
এই যে একটা ফালতু লেখা থাম্বনেইল এ লিখছেন ২ টাকার ব্যবসাউনি তো নিজেও বলে নাই ২ টাকার ব্যবসা,Negative,18,False
আনানো যাবে না,Neutral,3,False
দাদা আই ফোন কিনতে কি চোর বাজার যাওয়া যায়,Neutral,9,False
বাংগালী জাতি পাগল জাতি সৌদি আরবে এক কেজি ২৫ রিয়াল,Negative,10,False
আর মাইরা দেখাইতে অইবো না,Neutral,5,False
আমার খুব পছন্দের খাবার সেই স্বাদ,Positive,6,False
দেখেই তো লোভ পাইতেছে,Positive,4,False
ছেলেগর সাথে ত টাইপাচ করতে পারে না বাসাই বসে তাই রাস্তা নামছে হটেলের নামে ছেলেগর সাথে ডলাডলি করার জন্য,Negative,19,False
বাঁধনের কোথায় পাবো,Neutral,3,False
কেকে নতুন ইউটিউবার আসে না একসাথে হই,Positive,7,False
বিড়াল এর মাংস,Negative,3,False
খেয়ে কি হসপিটালে ভর্তি হতে হবে,Negative,6,False
খুবই মজার মনে হচ্ছে,Positive,4,False
একজন মানুষের বাড়ি গাড়ি সব থাকতে পারে তাই বলে কি সে ব্যবসা করবে না এটা কোন কথা,Positive,17,False
কথা শুনলেই বোঝা যায়,Negative,4,False
আপু কীভাবে করা যাবে এইটা,Neutral,5,False
১ প্লেট এই দিকে দেন,Neutral,5,False
যা করছে তা ঠিক না ভালোভাবে কাজ করলেই হয়,Neutral,9,False
একসাথে এত গিলা কোথায় পেলেন,Neutral,5,False
এসব খাবার দেখলেই ভুমি আসে মানুষ খায় কি করে রুচির দুর্ভিক্ষ চলছে,Negative,12,False
মাশাল্লাহ অসাধারণ একটা ভিডিও শেয়ার করেছেন ভাইজান,Positive,7,False
ধন্যবাদ আপু আমিও কিন্ত ব্রাহ্মণবাড়িয়ার মানুষ,Positive,6,False
অনেক মজার আলহামদুলিল্লাহ,Positive,3,False
আর মনে নাই হঠাৎ থেমে গেল,Neutral,6,False
আর জীবনে ও খাবনা,Negative,4,False
আপু দোয়া করি আরো এগিয়ে জান,Positive,6,False
ভাই হাতে হ্যান্ডগ্লাস আর মুখে মাক্স,Positive,6,False
প্লাস্টিক বালতিতে ঘোরালে প্লাস্টিক পেটে যাবে,Negative,6,False
আমার একটা শিক্ষিত খাসি লাগবে ১ লাখ টাকা মূল্যের,Neutral,9,False
এটা কোথায় ভাই ঠিকানা দেয়া জাবে,Neutral,6,False
দোকান টা কোথায় পড়ছে বোন,Neutral,5,False
থেকে আনার উপায় কি,Neutral,4,False
অ্যামাজন থেকে অর্ডার করলে আনা যাবে,Neutral,6,False
অনেক সুন্দর হয়েছে ভিডিও টা আপুনি,Positive,6,False
ভিডিওটা খুব সুন্দর লাগলো,Positive,4,False
নিয়মিত না হলেও চলে,Neutral,4,False
ভাইরাল হওয়ার জন্য যে কত কিছু করবে আর কত নিচে নামবে উপর আল্লায় ভালো জানে,Negative,15,False
অনেক ভালো উদ্যোগ নিয়েছে ধন্যবাদ আপু অনেক ভালোবাসা রইলো,Positive,9,False
মাশাল্লাহ আপু সবগুলো রান্নাই দারুণ হয়েছে ভিডিওটা ভালো লাগলো অনেক,Positive,10,False
সত্যিই অসাধারণ,Positive,2,False
মিক্স চামচে না করে হাতে করলে ভাল মিক্স হতো,Neutral,9,False
শাড়ি গুলো সুন্দর,Positive,3,False
জঘন্য ডায়রিয়ার জন্য প্রস্তুত,Negative,4,False
এইসব বাটপার ইউটিউব ভিডিও দেখেন কেনো,Negative,6,False
চলুন আমরা নতুনরা একে অপরের সাপোর্ট করি,Positive,7,False
ভাই এর থেকে ফালতু বিরিয়ানি আমি আমার জীবন এ ও খাই নি,Negative,12,False
সকালে গিলার কষা তরকারি দিয়ে রুটি হলে জমে যাবে,Positive,9,False
আমি খাওয়া ছারব না,Positive,4,False
কত দিয়ে নাও তুমি,Neutral,4,False
বাহ্ ভালো কাজ তাহলে,Positive,4,False
কপি ফুন,Negative,2,False
এইরকম কিছু করতে চাই,Neutral,4,False
আসলে কি নেবেন নাকি করবেন,Neutral,5,False
চোর বাজার না,Neutral,3,False
এই লোকটা যেভাবে বলছে ব্যবসা বাস্তবে আলাদা,Negative,7,False
তিন হাজার টাকা দিয়ে ফোন কিনা আসতে গেলে সাথে যা থাকবে সব হারাতে হবে,Negative,14,False
আমার একটা মোবাইল হুমায়ূন চত্বর থেকে নিয়ে গেছে,Negative,8,False
উটের মাংস খেয়েছি একেবারেই মজা না মুখে বালি বালি লাগে যারা লাইন দিয়েছ তারা আসলেই বুদ্ধি শুদ্ধি হীন গবেট,Negative,19,False
দেখে খেতে ইচ্ছা করছে অনেক মজা হবে দেখতো মাশাল্লাহ অনেক সুন্দর হয়েছে রান্নাটা,Positive,13,False
এই খাবারের জন্য ধন্যবাদ দিতে হয়,Positive,6,False
আপনে আবার এসব শুরু করলেন কবে জানেন নি কিছু,Neutral,9,False
মুখে বাদাম তেল,Neutral,3,False
হাসের দোকানে পাসের দোকান চা পাওয়া যায় ছুপ খেতে হলে ভাই আসতে হবে আমার দোকান,Positive,15,False
কোথায় জায়গাটা বলুন,Neutral,3,False
ভেজাল সন্দেহ,Negative,2,False
সকালে ঘুম থেকে উঠে ফোন হাতে নিয়েই যদি এমন একটা প্লেট দেখা যায়,Positive,13,False
কে বলসে ফাউল মহিলা মনিপুরী শাড়ি ৫০০ থেকে শুরু,Negative,9,False
ভাই মানুষ মানুষের কোনদিনই ভালো চায় না,Positive,7,False
ঠাকুরগাঁও শহরে লোক ভাগ্যবান আমরা পাব কিভাবে,Neutral,7,False
আপনার জন্য অনেক অনেক শুভকামনা ও অভিনন্দন আপু,Positive,8,False
আমার বোনের একটি মোবাইল চুরি হয়েছে এখনও উদ্ধার করা যায়নি থানায় জিডি করা আছে,Negative,14,False
এক কথায় বলা যায় এটা এখন আর হোমমেড কেক নয়,Neutral,10,False
টাকা যে কৈ থেকে আসে উরা দুরা দাম চায় এদের কে আইনের আওতায় আনার দাবি,Negative,15,False
এরই নাম হচ্ছে বাঙালি এখন মসজিদের জন্য ৫০০ টাকা চাইলে দিতে পারবেনা,Negative,12,False
বাল নেয় কোনো দিন তো দেখলাম না চাপা কম মার বেডা,Negative,11,False
কোন রুচি নিয়ে মানুষ এগুলো খায়,Negative,6,False
খুব সুস্বাদু হবে মনে হচ্ছে,Positive,5,False
২৩ সালে ৮০০ টাকা বেচছে তাই না ২৩ সালে ত এর সব বেচা হয়নি ওগুলা ২৫ সালে এসে বিক্রি করতেছে এতদিন ফ্রিজে ছিল,Negative,23,False
কার কার সাপোর্ট লাগবে বেগ দিবো ইনশাআল্লাহ আসেন,Positive,8,False
এতে কী হয়েছে আর একটা বাড়ি বানাবো,Neutral,7,False
আপনাদেরই চুলকানি বেশি বালছাল ভাইরাল হলেই সেখানে হুমড়ি খেয়ে পড়েন,Neutral,10,False
এটা বিক্রি না এটা এক ধরনের সেবা আলহামদুলিল্লাহ,Positive,8,False
তোমার জন্য দোয়া করি তুমি অনেক ভালো ছেলে,Neutral,8,False
কিভাবে অর্ডার দিতে পারি,Neutral,4,False
হাস খাইনা গন্ধ লাগে তবে রান্না সুন্দর হইছে,Negative,8,False
ধন্যবাদ গ্রেফতারের জন্য,Positive,3,False
মুরগী কি ফার্মের না পাকিস্তানি মুরগী,Neutral,6,False
ব্যবসায়ীদের কখনও গোমর ফাঁস করতে হয় নাই ভাই,Neutral,8,False
গন্ধ সহ্য করা যায় না,Negative,5,False
ডাক্তারদের কাজ বাড়িয়ে দিচ্ছে,Negative,4,False
এদের আয়ের উৎস কি,Negative,4,False
কারণ রুমার নিচতলা সেই,Neutral,4,False
এটা কোথায় ভাই বলবেন প্লিজ ঠিকানাটা,Neutral,6,False
দুয়া করলাম,Positive,2,False
লোকেশন টা প্লিজ,Neutral,3,False
ব্যবসা করা ভালো,Positive,3,False
কেউ কি জানেন এই কেক বিক্রেতার লোকেশন কোথায় বসেন উনি কেক বিক্রি করতে,Neutral,13,False
অনেক সুন্দর হয়েছে আপু অনেক সুন্দর হয়েছে অসংখ্য ধন্যবাদ,Positive,9,False
এ সমস্ত খবর দেখার পর কিছুদিন আর খেতে ইচ্ছে করে না পরে আবার যে সেই হয়ে যাই,Negative,17,False
৬৫০ টাকার কোন শাড়ি গুলো একটু বলবেন,Neutral,7,False
কদিন পরে শুনতে পাবো ফলের রস নই,Neutral,7,False
মরা মুরগী হলে সম্ভব,Negative,4,False
করম করে খাছে চুরি করছে না তও,Positive,7,False
এই যে আাপু আপনে ঠিক কথা বলছেন ৪০০ টাকা,Positive,9,False
দামের তুলনায় ভালো প্রোডাক্ট,Positive,4,False
বেশী দেখানো যাবে না,Negative,4,False
ভাই এগুলো অরিজিনাল টাকা এখানে ছেঁড়াফাটা টাকা দিলে নতুন টাকা দেয়,Positive,11,False
খাওয়ার পর মন খারাপ হয়েছে,Negative,5,False
আমার দোকান ছাড়া কোন উপায় নাই,Positive,6,False
বাঙালি বলে কথা ভাইরাল শুনলেই হলো ভালো হোক বা মন্দ হোক ঐটাই খাইতে হবে পাশে ভালো টা পড়ে আছে সেটা খাবে না এটাই বাঙালির স্বভাব,Positive,25,False
সবাই এত খারাপ কেন সে তো একজন ভালো মানুষ তাই নিজের সব কিছু দেখিয়েছেন কিভাবে বানায় রাতেও শুনিনা যার মন চায় খাবে বা না খাবে কেন মানুষ বদনাম করার জন্য ওঁকে,Positive,31,False
অর্ডার আসতে অনেক দেরি,Negative,4,False
কি কম্পিউটার কিনলে ভালো হবে ভাইয়া,Neutral,6,False
অসাধারণ পতিভা,Positive,2,False
আপা কী ঢাকায় নতুন আইছেন,Neutral,5,False
দোকান টা কোথায়,Neutral,3,False
দেখেইতো খেতে ইচ্ছে করছে,Positive,4,False
চকবাজারের মাল ২ নাম্বার,Negative,4,False
এরকম ম্যাসেজিং নির্বাচনে কোন মজা হয় না কাছাকাছি থাকে,Neutral,9,False
এখন কিছু কুকুর ইউটিউবার ব্যবসার টা বাজিয়ে দেবে,Neutral,8,False
মুরগিতে যদি ভেজাল না থাকে তবে সুন্দর,Positive,7,False
অস্বাস্থ্যকর খাবার,Negative,2,False
ভেরি গুড আপু,Positive,3,False
খুবই হাইজেনিক ব্যঙ্গ,Negative,3,False
অর্ডার বাতিল করতে সমস্যা,Negative,4,False
লোক কেন যে নিজের টাকা দিয়ে এমন নোংরা জায়গায় খেতে যায় কে জানে,Negative,13,False
বাংলাদেশের মানুষ কি বিরানি বানাতে পারেন না হায়দ্রাবাদি বিরানি শিখতে হলো ইন্ডিয়া লজ্জা করা দরকার বাংলাদেশের মানুষের ইন্ডিয়ার খাবে ইন্ডিয়ার বদনাম করবে,Negative,22,False
সব প্রস্তুতি নিয়ে আপনাদের নিয়ে গেছে মনে করেন যখন বলেছেন তখন সে নিতে পারেনি মানে গাবলা ছিল বিদায় নিতে পারেনি ব্যবসা করুক আমরা সাধুবাদ জানাই তবে মিথ্যা বলেনা,Positive,28,False
দুবাই থেকে,Neutral,2,False
কিসের ব্যবসা যদি একটু বলতেন ভালো হতো ধন্যবাদ,Neutral,8,False
যতটা সহজ বলা হয় করা তত সহজ না,Neutral,8,False
অনেক সুন্দর হয়েছে ভাইয়া পুরো ভিডিওটা দেখে শুনলাম,Positive,8,False
এই বাটপারের মত আরও কয়েকটা বাটপার মেন্টর সেজে বিশাল বিশাল ভিডিও বানাইতাছে সব গুলারে ধরা উচিৎ,Neutral,16,False
রান্না যেমন সুন্দর আপনার কথাগুলো আরও সুন্দর আপু,Positive,8,False
আমার মোবাইল চুরি হয়েছিল কিভাবে পেতে পারি,Negative,7,False
মাশাল্লাহ ভাই অনেক সুন্দর বাঙালি খাবার ভালোবাসা এবং শুভকামনা রইল,Positive,10,False
তোমার হাতের রান্না খুবই চমৎকার,Positive,5,False
আপনাদের কন্টাক্ট নাম্বার,Neutral,3,False
সব ঠকবাজি,Negative,2,False
পাইকারি বক্সগুলোর ভিডিও দিন,Neutral,4,False
জিভে পানি আপু রাত তিন টা বাজে ইউনিভার্সিটির এসাইনমেন্ট করছিলাম,Positive,10,False
ভালো চা,Positive,2,False
ভাই আমাদের অনেকের বাজেট বেশি নয় পনেরশো থেকে ২ হাজার টাকা তাই আমাদের জন্য একটু ভিডিও বানান কম দামের ভিতরের অল কমপ্লিট যেন হয়,Positive,24,False
এর মাধ্যমে ব্যবসা করা পসিবল না দাম বেশি স্যাম্পল দেখা যায় না প্রতারণার সম্ভাবনা বেশি,Negative,15,False
রান্নাটা দারুণ,Positive,2,False
পরিমান কেমন হবে,Neutral,3,False
কেক বাসায় বানাক বেকারীতে বানাক আর চন্দ্রগ্রহে বানাক মানুষের এত কি খেতে চাইলে খাবে নয়তো খাবে না ওনারা তো জোর করছে না কেক খেতে মূল বিষয় হল ওনারা কাজ করে টাকা আয় করছে কোন অবৈধ কাজ করছে না বাঙ্গালীর তো এমন অবস্থা সব চোর বাটপারদের সুনাম করবে,Neutral,47,False
তুমিতো আঠারোশো টাকা কিনেছে আমি হইলাম আসতো টাকায় কিনতাম ধানমন্ডি হটাৎ মার্কেট,Negative,12,False
এটা খাবার না পশুখাদ্য,Negative,4,False
দেখতে তো ভালোই,Positive,3,False
দালালির শেয৷ নাই,Negative,3,False
যদি শুধু মাংস ৪০০৪৫০ গ্রাম থাকে তাহলে ঠিক আছে না হলে এটা বাটপারি,Negative,13,False
কোথায় ঠিকানা,Neutral,2,False
ভাই বগুড়ার ভিডিও দেখাও,Neutral,4,False
ময়দা দেওয়ায় কারণ কি,Neutral,4,False
কথা গুলো রাইট,Positive,3,False
আসসালামু আলাইকুম আমি যদি মেসি সহ খাই,Neutral,7,False
যে যত পাগলামি করতে পারে তার কাছে ততো কাস্টমার পাগলামি দেখতে যায়,Neutral,12,False
কাউয়া বিরিয়ানি না তো,Negative,4,False
ভিডিও দেখে খাওয়ার ইচ্ছা চলে গেছে,Negative,6,False
মালের দাম অনেক বেশি,Negative,4,False
কোথায় লোকেশন দিন,Neutral,3,False
বাঙালি বলে কথা,Neutral,3,False
প্রতিটা জিনিস এভাবে দেখালে ব্যবসায়ীদের জন্য ভালো হবে,Positive,8,False
আমার অনেক অনেক বেশি পছন্দ এই চিংড়ি মাছ,Positive,8,False
মিথ্যা এই ছেলে জীবনেও ডিম বিক্রি করতাছে না তোদের মতো কিছু টিকটকাররা এদের দিয়ে টিকটক ব্যবসা করতাছে,Neutral,17,False
আরও খাও সবাই ফুসকা,Neutral,4,False
গড়পড়তা পোশাক,Neutral,2,False
সব বুজলাম তুই হাতে কেন দেস,Negative,6,False
উনার চটপটি টা তেমন ভালো নয় কিন্তু ঝালমুড়ি টা অনেক ভালো,Neutral,11,False
ছিছি ছি৷ আর৷ জীবনে৷ খাবনা,Negative,5,False
চমৎকার চমৎকার,Positive,2,False
দ্যাখেন ভাই বাংলাদেশ এ তো আর যাওয়া যাইবো না লোভ লাগলেও,Neutral,11,False
ডেলিভারি অনেক দেরিতে এসেছে,Negative,4,False
আপু আমাকে নিবেন আমি অনেক ভাল রান্না করতে পারি,Neutral,9,False
ফ্যামিলির মানুষরাই সবচাইতে বড় বাঁধা অনেক সময় শত্রুও বলা যায় আমাকেও ঠিক এমনই বলছে,Neutral,14,False
কথা শুনে মনে হচ্ছে আমাদের ময়মনসিংহের,Neutral,6,False
আন্ডার ২ হাজার টাকার মধ্যে কোনো অরিজিনাল র্যাকেট আছে,Neutral,9,False
কত এগুলো,Neutral,2,False
আমার পছন্দের খাবার,Positive,3,False
বিসমিল্লাহ বলে খাওয়া যাবে,Positive,4,False
মহান রব আপনাদের বারাকাহ দান করুক আমীন,Positive,7,False
ফুসকার যতই খারাপ কিছু দেখি না কেন ফুসকা ছাড়তে পারব না কোনো দিন,Positive,13,False
ব্যবহার ব্যাপক খারাপ,Negative,3,False
ব্রণ কমেছে,Positive,2,False
ওজন ঠিক পেয়েছি,Positive,3,False
অনেক সুন্দর হয়েছে কালারটা,Positive,4,False
আমি রান্না ও করতে পারি কাটাতে ও পারি,Positive,8,False
আল্লাহ ভরসা,Neutral,2,False
বাহ দারুন ত,Positive,3,False
মাশাআল্লাহ সুন্দর একটি উদ্যোগ,Positive,4,False
ঠিকই বলেছেন আপু,Positive,3,False
দাদা এটা লো কেটেগরির সস্তা মারকেটএখানে সব ব্র্যান্ডের সেকেন্ড কোয়ালিটি প্রোডাক্ট পাওয়া যায়,Neutral,13,False
কাকু ছাগলের নুনু হবে,Neutral,4,False
মুরগির গিলা অনেক মজা,Positive,4,False
ভাই আপনাদের হোয়াটস্যাপ নাম্বার টা চাই,Neutral,6,False
কে ভালো কে খারাপ সেটা বোর্ডের দরকার কি যে যার দোকানে খায় তার সুনাম করে আরেকজনের বদনাম করে,Negative,18,False
আমার উপজেলাতে দোকান আছে এর থেকে দাম কম নতুনদের সাথে প্রতারণা,Negative,11,False
১আনা ৫ রতি ২৪৫০০ ভরি কত হচ্ছে ভাই,Neutral,8,False
আপু একদিন আসবো চা খেতে,Positive,5,False
বিক্রেতার ব্যবহার ভালো,Positive,3,False
ইনফরমেশন দেয়ার জন্য ধন্যবাদ,Positive,4,False
আমার ও অনেক পছন্দ,Positive,4,False
এই তরকারিটা দেখেই তো মাথা খারাপ হয়ে যাচ্ছে কেউ রেসিপি দিয়েন পারলে,Positive,12,False
আমি আর লোভ সামলাতে পারছি না,Positive,6,False
স্বাদ একটু কম লাগছে,Negative,4,False
বাঙালি নিজে কিছু করতে পারে না অন্য কেউ ভালো কিছু করতে গেলে আঙ্গুল দেওয়া শুরু হয়ে যায়,Positive,17,False
আপনি পাইকারি ব্যবসায়ি পাইকারি হিসাব করেন,Negative,6,False
ভাই ব্রাহ্মণবাড়িয়ার ছেলেপেলে আমরা আমরা যেরকম খারাপ ভাবেন এর চাইতে দশ গুণ ভালো না হলে একবার আইসা দেখেন আপনারা আমার বাড়িতে দা,Positive,22,False
খাবারের প্রেজেন্টেশন দারুণ ছিলো,Positive,4,False
হাস আগে খেতে ইচ্ছে করতোনা কিন্তু এখন খাই আসলেই অনেক মজা লাগে আগে যে কেন খাইনাই,Positive,16,False
সামিম ভাই আসতাছি ১১ কিনতে,Positive,5,False
দোকান বন্ধ করা হোক,Negative,4,False
১৯৪১ সালে মানুষ ফলের রসের বিরিয়ানি খাইতো,Neutral,7,False
দোয়া ও শুভ কামনা রইলো,Neutral,5,False
অনেক সুন্দর রেসিপি অনেক কিছু শিখলাম,Positive,6,False
এ হইলো থার্ড পার্টি এগুলো থেকে সাবধান,Negative,7,False
আপনারা হয়তোবা কেউ জানেন না খাবার কেজি দরে বিক্রি করা নবীজীর সুন্নাত,Positive,12,False
ভাই কি বলবো এতো টেষ্ট,Positive,5,False
দ্বিতীয় পাট চাই,Neutral,3,False
অস্বাস্থ্যকর পরিবেশ ফ্রি হলেও খাব না,Negative,6,False
আপনার দোকানে বেতন দিবেন কত আমাকে রাখবেন,Neutral,7,False
ঝুটা খাবার নেই হ্যান গোলোবস নোংরা অস্বাস্থ্যকর খাবার এড়িয়ে চলুন খাদ্য নিরাপদ কর্মকর্তাদের দৃষ্টি আকর্ষন করছি,Negative,16,False
ভাই কথা কিন্তু একদিকে সত্যি আছে এগুলা গরিবরা খায় না এগুলো দেখবেন বড়লোকরে খায় বেশি,Neutral,15,False
কাওয়া বিরিয়ানি,Negative,2,False
খাবার নষ্ট করা বন্ধ করা উচিত,Neutral,6,False
তোমরা যেখানে গন্ধ পাও সেখানেই গলা ডোবাও,Neutral,7,False
ভিউর জন্য মিথ্যা বলছেন আমিও গিয়েছিলাম,Negative,6,False
পারফিউমের মান ঠিকঠাক,Neutral,3,False
খুবই লোভনীয়,Positive,2,False
ভোক্তা অধিদপ্তর এ অভিযান পরিচালনা হোক,Neutral,6,False
কথা সত্য,Positive,2,False
বিরিয়ানি প্লেট ৩০ টাকা কোথাও আছে নাকি মিয়া যেভাবে আলু খামচাইতাছে হাত দিয়া নাজানি ওই হাত দিয়া আর কি কি খাম চায়,Negative,22,False
মাশাআল্লাহ এই সুস্বাদু খাবারটা খেতে খুবই ইচ্ছে করছে কিন্তু ঢাকায় থাকি যে,Neutral,12,False
ভালো খুব ভালো,Positive,3,False
মরা মুরগি ছাড়া এগুলো খাওয়ানো সম্ভব না,Negative,7,False
হাতে গ্লাভস পড়তে হবে,Positive,4,False
আরো গুলো দেখলে বাস্তবে খাওয়ার রুচি আসে,Positive,7,False
কোপাইয়া মজা পামু হুমকি,Negative,4,False
এরকম দুইটা পাগল পাইলাম আপনার ব্যবসা লাঠে উঠে যাবে,Negative,9,False
কাপড় মোটামুটি মানের,Neutral,3,False
আমি এখানে জব করি আমাকে যদি বলতে পারেন আমার অনেক ইচ্ছা আপনার ওখানে জব করার জন্য আমার নাম্বার দিয়ে দিচ্ছে প্রয়োজন হলে আপনার যোগাযোগ প্লিজ আপু যাতে লোক না নিয়ে থাকেন আমাকে নেন,Neutral,33,False
দাম বেশি বুঝতে হবে,Negative,4,False
অনলাইনের ব্যবস্থা করা হোক,Positive,4,False
বেগুন ভর্তা আলু ভর্তা টমেটো ভর্তা,Positive,6,False
বাঙালি হইয়া এখনো লুঙ্গি পরতে শিখো নাই আন স্মার্ট,Negative,9,False
এই দেখ আমি ক্যাডাআমি সুদূর আম্রিকা থেকে আইসা পরছিকত্তো দিন এমন পচাবাশি খাবার খাই না,Negative,15,False
ঠিক আছে হালাল ব্যবসা করুন,Positive,5,False
আমার ও অনেক ভালো লাগে এইগুলো খেতে,Positive,7,False
স্ট্রিং এর নাম কি,Neutral,4,False
মাশাল্লাহ মাশাল্লাহ আপনার সফলতা কামনা করছি,Positive,6,False
এটা কোন জায়গাই,Neutral,3,False
আমার দুই ছেলের চারটি মোবাইল চোরে নিয়ে যায় জিডি করা হয়েছে কোনো ফল পাইনি,Negative,14,False
খাওয়ার জন্য লোক লাগবে না হাসির মাংস,Neutral,7,False
ধন্যবাদ আপনাকে,Positive,2,False
প্রসাব ইনফেকশন এর জন্য কি খাবো,Neutral,6,False
খা বেসি করে খা তাইতো বলি এগুলা খেলেই আমার পেট খারাপ হয় তাই এখন আর খাইনা,Negative,16,False
এ ভাই তোর ঘোষণায় পচা,Negative,5,False
ডালের রঙ কালচে,Negative,3,False
খুশকি ও চুল পড়ার জন্য কোন সিরাম ভালো,Neutral,8,False
দারুণ হয়েছে রেসিপিটা আপু,Positive,4,False
গরিব দুখিদের দান করিয়েন,Positive,4,False
এটা খাবার কোনো ইচ্ছে নেই,Negative,5,False
বাবার হুট করে এত বড়লোক,Neutral,5,False
এইসব কেনা বেচা এত ঝামেলা তো এই বাজার টা ওপেন কেন,Negative,11,False
স্টাইল ও কোয়ালিটির উপর জোর দিয়ে,Positive,6,False
যা খুশি তাই,Negative,3,False
ওরে এই চিংরি খুব পছন্দ,Positive,5,False
গাড়ি বাড়ি থাকলে কি হোটেলে ব্যবসা করা যাবে না,Neutral,9,False
চীন থেকে বাংলাদেশে একদম ফ্রি ডেলিভারি তে প্রোডাক্ট পাওয়া গেলেও বাংলাদেশ থেকে বাংলাদেশেই ডেলিভারি করতে টাকা নেয়,Neutral,17,False
মোবাইল নাম্বার দেন আপনাদের,Neutral,4,False
ভাই জায়গাটার নাম বলেন,Neutral,4,False
এত চেঁচায় কেন সব থুতু খাবারে যাচ্ছে,Negative,7,False
বাড়িতে জামাইকে রান্না করে খাওয়ায় না কাজের বুয়া আছে মনে হয় কিন্তু কেক বানিয়ে রাস্তায় মানুষকে খাওয়াতে চলে এসেছে,Positive,19,False
এটা কি পাগল,Negative,3,False
এই ঠিকানা টা কোথায় একটু ঠিকানাটা দেওয়া যাবে,Neutral,8,False
ফলো দেওয়া মাত্রই ফলো দিবো কথা দিলামআপনাদের ছাড়া আমার এই ছোট পরিবার অসমপূর্নতাই পাশে থাকবেন আমি নতুন আমাকে আপনাদের হাত ধরে,Positive,21,False
কিছু ম আছে যা পর পুরুষের মুখ না দেখলে রাত্রে ঘুম আসে না,Negative,13,False
আমি বানিয়ে দেখবো,Positive,3,False
উনি কোথায় কখন বসে তাছাড়া উনার মোবাইল নম্বর টা দেয়া যাবে কি,Neutral,12,False
গুলিস্তান চোরের আঁকড়া,Negative,3,False
চমৎকার হয়েছে খাবার গুলো,Positive,4,False
উনাদের সাথে যোগাযোগ করতে পারেন,Positive,5,False
অসাধারণ হয়ে ছে,Positive,3,False
এর রিপেয়ার কোন্ দোকানে হবেযদি করেন,Neutral,6,False
আপনার বাসা কোথায় ফোন নম্বর টা যদি দিতেন খুব ভালো লাগতো,Neutral,11,False
স্থান কই,Neutral,2,False
ইতালিয়ান রুপার জুয়েলারি পেতে আমার পেজটিতে একটু ঘুরে আসতে পারেন,Neutral,10,False
দুই পাল্লার আলমারি আছে নাকি,Neutral,5,False
আমাদের কুমিল্লায় কেনো নাই এইগুলা,Negative,5,False
হাওড়া ষ্টেশনে চোরের বাজার আছে,Negative,5,False
বাপি দার বিচির পিচ কতো করে,Neutral,6,False
কোথায় বসে,Neutral,2,False
এগুলো দেখলে ঘিন্না লাগে মানুষ এ খায় কেমনে আল্লাহ ভালো জানে,Negative,11,False
পণ্য স্বাভাবিক,Neutral,2,False
ওরে খালারে,Positive,2,False
ব্যবসা করা ভালো তো ব্যবসা সুন্নত,Positive,6,False
ফেমাস হওয়ার পরে একেবারে বাজে হয়ে গেছে আগের মত স্বাদ নাই এবং মাংসের পরিমাণ অনেক কমে গেছে,Negative,17,False
উনাকে যে ভাইরাল করে দিল দেইখেন খাবারের হোটেলের মিজান সাহেবের মত যেন না হয়,Neutral,14,False
গরিবদের সাথে অন্যায় করছেন,Negative,4,False
কালোটার দাম কত আপু,Neutral,4,False
গোপন মসলা আবার কি আফিম মেশায় নাকি,Neutral,7,False
ছিঃ ছিঃ,Negative,2,False
আমার পছন্দের জিনিস,Positive,3,False
এই লোক বাটপার খুচরা দাম রাখে আর বলে পাইকারি,Negative,9,False
দারুন আইটেম শেয়ার করেছেন,Positive,4,False
হায়রে বাঙ্গালী খোলা যায়গাতে এসব খাবার বিক্রি হয় বাঙ্গালীর রুচি এতটা নিচু,Negative,12,False
হাস্যকরটাকা নিয়ে তারপর কন্ডিশন বলবে,Negative,5,False
মোবাইল কোর্টরপাঠাইয়া দিমুনি,Neutral,3,False
গুলো কপি হয়তোবা টা হতে পারে,Negative,6,False
আরে ভাই তোদের মাথায় কি সমস্যা রকম মসলার নাম পদের মসলার নাম বলতে পারিস না আবার রকম মসলা দিয়ে খাবার বানাস যেটা সত্য সেটা বল ফাও ফাও আজেবাজে আলতু ফালতু লেখালেখি দিয়ে ভিডিও গুলোকে নষ্ট কেন বানাস,Negative,37,False
কল দিয়েছি রেসপন্স পাইনি দুঃখ লাগলো,Negative,6,False
কোন জায়গায় বসেন,Neutral,3,False
অভিনয় কম কষ্ট বেশি দেখাচ্ছে,Negative,5,False
চিংড়ি ভুনা আর গরম ভাত আর কি লাগে,Positive,8,False
গরুর চোখে রঙ্গিন চশমা বাহ তয় হাসার চোখে চশমা নাই দুঃখ জনক,Negative,12,False
শুভ কামনা রইলো আপনার জন্য,Positive,5,False
খাওয়ার সময় একেবারেই খারাপ লেগেছে,Negative,5,False
ওয়াও অসাধারণ হয়েছে আপু,Positive,4,False
অনেক ভালো লাগছে আপু দেখে,Positive,5,False
সব থেকে মজার ব্যাপার হচ্ছে দেশি পাতি হাঁসের গোশ সবারই পছন্দ যেমন আমার,Positive,13,False
হিংসা নয় একে অপরের হাত ধরে এগোলে সাফল্য আরও সুন্দরভাবে ধরা দেয় একতাই শক্তি,Positive,14,False
আমার জামাই আর আমার ছেলে প্রিয় খাবার,Positive,7,False
তুই দৈনিক গাজা খাও কত কত গ্রাম হক কয় কয়,Neutral,10,False
ভাইয়া যারা অনেক দামি প্লেয়ার তারা এই ধরনের রেকেট কিনেন আর তাদের এসব ভিডিও লাগেনা তারা সাধারণত সম্পর্কে ভালো জানেন আমরা কম দামি পেলেয়ার ভালো খেলতে পারিনা শখের বসে খেলি আমাদের জন্য দুই হাজার টাকার মধ্যে ভালো রেকেট দেখান দুই হাজার টাকা দিয়ে কিনলে সেটা ভালো হবে ঠকবো না এমন কিছু দেখান,Neutral,52,False
ছি দেখলেই গা গুলায়,Negative,4,False
মাথা থেকে টুপিটা রেখে চাপা মারেন,Negative,6,False
চিনিগুড়া চালের বিরিয়ানি মজা কিন্তু বাসমতি চাওল দিয়ে বানাতে পারলে চিনিগুড়ার চেয়ে ও বেস্ট হয়চিনিগুরা যেমন ভিবিন্ন ব্রাডের হয় বাসমতী ও এক এক ব্রাডের চাওল এক এক রকম,Positive,28,False
চাপা মারিএন না,Negative,3,False
সব মিলিয়ে কত,Neutral,3,False
আমিও গেছিলাম মাল কিনতে আমাকেও ঠকানো হয়েছিলচেয়েছিলাম একটা দিছে আর অন্য একটা,Negative,12,False
আপা আপনি ঢাকা শহরে নতুন মনে হচ্ছে তাই আপনার জন্য এই জায়গা হিডেন প্লেস,Neutral,14,False
কাপড়ে কোনো গন্ধ ছিল না,Positive,5,False
সুপের মাজে মশা বসছে,Negative,4,False
আপু আমিও খুব পছন্দ করি আমার তো দেখে জিভে পানি চলে এসেছে,Positive,12,False
কত দাম পড়ছে,Neutral,3,False
খাবার নষ্ট অবস্থায় এসেছে,Negative,4,False
খুব ক্ষতিকর,Negative,2,False
এতো লোভনীয় হয়েছে,Positive,3,False
দোকানদারের যে ইউটিউব আর বেশি কথা কও,Negative,7,False
লোকেশন দেন ভাই,Neutral,3,False
ভাই আপনারে আমার বিয়ের পাকানি বানাবো,Positive,6,False
ভাই ঠিকানাটা বলেন এখনই আসতেছি,Neutral,5,False
এই লোকটা যে পরিবেশে এগুলা বানাইতেছে আমাক ফ্রী দিলেও খাইতাম না,Negative,11,False
বাংলাদেশ বলেই সম্ভব যেখানে সবাই জানে এইগুলো চুরি করা প্রোডাক্ট আর এটার জন্য হাট বাজার বসে,Negative,16,False
একদম সময়োপযোগী কন্টেন্ট অনেক ধন্যবাদ ভাই,Positive,6,False
ওদের কে কঠি বিচার করা হক,Negative,6,False
এই হলো মানুষের নিতি,Neutral,4,False
এটা খেলে সরাসরি পেট খারাপ হবে,Negative,6,False
গেমিং ল্যাপটপ দিয়ে কি করা যাবেপ্লিজ রিপ্লাই,Neutral,7,False
আপনাদের কারনে ব্যাবসা নষ্ট হয়ে গেছে,Negative,6,False
নতুন করে দোকান সাজাবো কীভাবে বলবেন,Neutral,6,False
ভাই দোকান শুরু করতে গেলে কত টাকার প্রয়োজন,Neutral,8,False
বিদেশে বসে বাঙালি রান্না সত্যিই মনোমুগ্ধকর,Positive,6,False
এতো করে স্বাদ ও বেশি হয়,Positive,6,False
হায় হায়,Neutral,2,False
সেই ফাটাফাটি রেকেট,Positive,3,False
চিকন ছেলেরা কিভাবে মোটা হবে ভিডিও বানান,Neutral,7,False
আমরা গত মাসে এখান থেকে ৮০ পিস শাড়ী কিনেছিলাম মাত্র ১ সপ্তাহে ওরা রেডি করে দিয়েছে এবং দাম ও রিজনেবল,Positive,20,False
এটাতো গুড়া মাছ না চিংড়ি মাছ আগে মাছ চিনে বলতে শিখেন,Neutral,11,False
ডেলিভারির চার্জ বেশি,Negative,3,False
সেই স্বাদ লোভনীয় রেসিপি,Positive,4,False
লোভ লেগে গেল দেখে,Positive,4,False
ভীষণ সুন্দর হয়েছে দেখতে,Positive,4,False
সুপার আপু এগিয়ে যান,Positive,4,False
উনি আগের বছর রমজানে সুজীর কাবাব বিক্রি করতে গিয়ে বিড়াল হইসে,Neutral,11,False
চক বাজার থেকে মাল কিনে পুর ধরা খেয়েছি মিথ্যা বলে,Negative,10,False
দারুন ভিডিও চাপানোর ভিডিও চাই,Positive,5,False
খুব মজাদার,Positive,2,False
এর চেয়ে ফালতু বিরিয়ানী আমি আমার জিন্দাগিতে খাইনাই,Negative,8,False
আর আপনি চুল কালার করেন,Neutral,5,False
এসব কসমেটিক দোকান ঠকায় পাবলিককে টাকা দুই নাম্বার দেই বেশি ভাগ মানুষ,Negative,12,False
খাওয়ার পর অসুস্থ বোধ করেছি,Negative,5,False
ওরে আমার হাইজিন হাতে গ্লাভস ভালো কথা আর মুখে মাস্ক টা কে পরবে কে চাচা,Negative,15,False
ভাইয়েরা পাইকারি দাম কত,Neutral,4,False
খুব সুন্দর স্বাদ আর টেক্সচার,Positive,5,False
আলহামদুলিল্লাহ খুব ভালো লাগলো ভিডিও,Positive,5,False
এদেশে কিছু কিছু অসৎঅতি মুনাফা কারী ব্যবসায়ীর ব্যবসা নিষিদ্ধ করে দেয়া উচিতযে মাছের দাম ৩ থেকে ৩ শত পঞ্চাশ টাকা তা চাইছে ১৮৫০ টাকাচোর ডাকাতেরা তো রাত্রে গোপনে চুরি ডাকাতি করেএ তো দিনের বেলায় প্রকাশ্য দিবালোকে ডাকাতি করছে,Negative,38,False
আমাদের দেশে সন্দেহ করার যথেষ্ট কারণ ও আছে এ দেশের বেশিরভাগ মানুষ প্রচন্ড আবেগ প্রবণ আর সেটাকে পুঁজি করেই অনেকে কোটিপতি হয়ে যায় ওনি ওনার স্ত্রীর কেক তৈরির ব্যাপারে যা বলেছেন তা যদি আসলেই সত্যি হয়ে থাকে কোন সমস্যা নেই তাতে সাংবাদিক বা পাবলিক কে কোন দিক দিয়ে লাগলো কিছুই আসবে যাবে না বরং এতে ওনার ব্যবসা আরো বিস্তৃতি পাবে কিন্তু ওনি যদি অসত্য কিছু বলে থাকেন সেটা নিশ্চিত ওনার জন্য অকল্যাণ বয়ে আনবে,Neutral,74,False
আপু মনে হই চখে সমসা,Neutral,5,False
ত্বকে আরাম লাগে,Positive,3,False
বাট পার মহিলা,Neutral,3,False
সুপ খেতে হলে ভাই আসতে হবে,Positive,6,False
আমি একবার কিনেছি এই খাবার গুলা জুটা খাবার আপনিতো আর তলে উপরে দেখতে পারবেন না বসায় গিয়ে দেখবেন এবং অবস্বই বুঝতে পরবেন তখন কি,Negative,24,False
সেই মজার,Neutral,2,False
এই মার্কেটই চোর,Negative,3,False
এই কাপে কতটুকুন পানি লয়,Neutral,5,False
সুপ খেতে হলে ভাই ডুব দিতে হয় এই পাতিলে,Neutral,9,False
কার কার সাপোর্ট লাগবে,Neutral,4,False
এতো লোভনীয় লাগতেছে,Positive,3,False
এরা দাম বলে একটা মেমোতে লিখে আরেকটা,Negative,7,False
তোমার সব ধরনের রান্না দেখলেই মনটা ভরে যায়,Positive,8,False
খাঁটি ঘানিভাঙা সরিষার তেল বিক্রি করা হবে,Neutral,7,False
আবার বাংলাদেশে নাকি টাকা নাই,Negative,5,False
অনেক কষ্ট করে আজ,Neutral,4,False
ভাইসা আমনের কথা খুব ভালা লাইগছে আঙ্গো বাড়িও নোয়াখালী ভালা থাইয়েন ধন্যবাদ,Positive,12,False
গু খা,Negative,2,False
গাড়ি বাড়ি তো ব্যবসায়ীদের থাকেই,Neutral,5,False
হাসের দোকানের পাশের দোকান চা পাওয়া যায় সুপ খেতে হলে ভাই আসতে হবে এখানটায়,Positive,14,False
সে মজা হবে,Positive,3,False
স্যুপ খেতে হলে ভাই হেটে আসা চাই,Neutral,7,False
অর্ডার দিমু,Positive,2,False
রেসিপি ব্যাখ্যা দিয়েছে,Neutral,3,False
মশলা আর স্বাদের কম্বিনেশন অসাধারণ,Positive,5,False
আমাদের পেইজে কিছু লোক নেওয়া হচ্ছে শিক্ষাগত যোগ্যতা বাংলা পড়তে পারলে হবে দিন ইনকাম প্লাস টাকা ডেইলি,Neutral,17,False
২৫ হাজারে ঠিকঠাক হতো,Neutral,4,False
সত্যি বলার জন্য ধন্যবাদ শাকিলা ভালো হয়েছে গেছিলাম,Positive,8,False
পাগল হয়েছে নিজেও জানে না,Negative,5,False
সোজাসাপ্টা বলতেন ওভার অল কোনটি ভালো হবে সব রকম কাজের জন্য তা না বলে এটি ভালো না সেটি ভালো আলাদা আলাদা ভিডিও দেখতে বলছেনতাতে তো আরো কনফিউজড হয়ে যাবে লোক,Neutral,30,False
খুবি ভালো লাগবো দাম সুন্দর বলেছেন,Positive,6,False
রান্না ভালো হয়েছে,Positive,3,False
নতুন পাগল না কি,Neutral,4,False
কমের মধ্যে ওয়ারড্রব আছে,Neutral,4,False
কিছু মাল নিব কুরিয়ারে পাঠানো যাবে,Neutral,6,False
কত বলেছে দাম এটা তো বলেন,Neutral,6,False
এটা বাটপারি অবাস্তব দাম,Negative,4,False
পরিবারের সবাইকে নিয়ে খাওয়া উচিত,Positive,5,False
মাশাআল্লাহ দেখে দেখতে অনেক সুন্দর,Positive,5,False
ব্যবসা এতো সুজানা ভাই,Neutral,4,False
এই মার্কেটে চুরদের বিশাল আস্তানা গড়ে উঠেছে,Negative,7,False
এসব কিনতে নিলেই আমার মনে হয় বাসায় আনার পর যদি ভেতর থেকে কোনো ভূত বের হয়ে আসে,Neutral,17,False
এই আইটেমটা খাইলে ভ দিয়ে আগুন বের হবে,Positive,8,False
খুবই সুন্দর একটি ভিডিও উপহার দিয়েছেন মন থেকে অনেক অনেক দোয়া এবং ভালোবাসা আপনার জন্য,Positive,15,False
আমি একটি ডিজিটাল বিজনেস এর ইনকাম এর বিষয়ে কাজের ব্যাপারে ভিডিও করি তাহলে কোন ক্যাটাগরি দিতে হবে প্লিজ বলেন প্লিজ প্লিজ প্লিজ,Neutral,22,False
গুলশান বনানির পাব্লিকরা এই কথা শুনলে আইসা থাপ্রাইবো তোরে,Negative,9,False
অনেক উপকারী ভিডিও,Positive,3,False
মরা মুরগির গোস্ত তাই ২০০ টাকায় তিন পিস,Negative,8,False
খুবই মজার,Positive,2,False
নতুন বলে কি কেউ সাপোর্ট করবে না,Neutral,7,False
কাজ খুব মসৃণভাবে করছে,Positive,4,False
অসাধারণ হয়েছে আপনার মতো রান্না করতে আমিও চেষ্টা করবো ইনশাআল্লাহ,Positive,10,False
ব্যবহারের নিয়ম বললে উপকৃত হতাম,Neutral,5,False
দাম কত আপু,Neutral,3,False
একবার খেয়ে আর খেলাম না,Negative,5,False
অনেক সুন্দর হচ্ছে,Positive,3,False
ভাই এর বিরুদ্ধে কেউ মামলা করতে চাইলে সব রকম সহযোগিতা করব আমার এখনো তার কোর্স এর এক্সেস আছে সকল ভুক্তভোগের কাছ থেকে চাঁদা তুলে তার বিরুদ্ধে মামলা করা দরকার,Neutral,29,False
এটা ছেলেরা পারেনা শুধু মেয়েদেরই দম আছে টাকার মাছ টাকা চাওয়া,Positive,11,False
হুম কিন্তু আছে বই কি,Neutral,5,False
শুধু লতিফ না আব্দুল লতিফ,Neutral,5,False
চমৎকার পরিবেশন আর অসাধারণ স্বাদ,Positive,5,False
তামার হাড়ি পাতিল এর পাক অনেক মজাদার হয়ে থাকে মিউজিকটাও অনেক সুন্দর হইছে অসাধারণ,Positive,14,False
জেলে যাওয়ার সহজ উপায়,Negative,4,False
সব ধান্দাবাজ পচা মাল বিক্রি করে,Negative,6,False
আপনার ঠিকানা কই,Neutral,3,False
খুবই অসাধারণ,Positive,2,False
আপনি ঢাকায় নতুন তাই আপনার হিডেন প্লেস এগুলা সবার চেনা জায়গা,Neutral,11,False
সবাই যুক্ত হবেন প্লিজ,Neutral,4,False
ভাই এইসব কিমাথা মুথাতো পুরো আওলায় যাচ্ছেে এইসব দেখে,Neutral,9,False
৮ লাখ টাকা লাভ না ৮ লাখ টাকা আয় দুইটার মধ্যে অনেক পার্থক্য,Neutral,13,False
যাবি তোরা,Neutral,2,False
ফারাবি ভাই বাজেটে মটো না ভালো হবে প্রধান,Neutral,8,False
মাংসটা কি রান্না করবেন না অন্য ভিডিওতে তো দেখছি মাংস আগে রান্না করে,Neutral,13,False
হাইলেভেল হাইজিন ব্যঙ্গ,Negative,3,False
খুব র,Positive,2,False
প্রতি কেজিতে ১৫০৳ লাভ হয় তাও ভালো,Positive,7,False
আজকে রান্না করলাম অনেক মজা হইছে কিন্তগ্রেভি টা নিচের দিকে লেগে গেছে,Neutral,12,False
ব্যবহার ভালো না কথা এক আর মেসেজে আরেক,Negative,8,False
খাওয়ার পর শরীর খারাপ হয়েছে,Negative,5,False
ভাই এই লোক অনেক বাটপার এর দোকান থেকে আমি মাল কিনেছিলাম,Negative,11,False
ত্বকে রুক্ষতা এসেছে,Negative,3,False
ইকমার্স বিজনেস বর্তমান কি পরিমাণ টাফ এটা যারা করে শুধু তারাই বুঝবে কাস্টমার পণ্য অর্ডার দিয়ে ফেরত দিয়ে দেয় অনেক সময় কুরিয়ার কোম্পানি লোকেরা পণ্য ড্যামেজ করে পাঠিয়ে দেয় এত সহজ না ভাই বাংলাদেশের মানুষ অত স্বভাব চরিত্র ভালোনা,Neutral,39,False
মেয়েদের পছন্দের খাবার,Neutral,3,False
হোটেলে ব্যাবসা করেন,Neutral,3,False
অল্প বয়সে চুল পেকে গেছে,Neutral,5,False
ঠিক দাম বলছে,Positive,3,False
মানুষের রুচি কমলে এমন ব্যবসা চলে,Negative,6,False
আমি যাবো আপু,Neutral,3,False
ভাই মানুষ কি কাচাই খাবো বিরিয়ানির সাথে,Neutral,7,False
আলহামদুলিল্লাহ ধন্যবাদ ভাইয়া,Positive,3,False
বাহ্ খুব চমৎকার,Positive,3,False
সুন্দর কথা বলেছেন আপু,Positive,4,False
সারা দিন ১ হাজার বিক্রি হবে না মাল লাট হয়ে যাবে,Negative,11,False
ভাইরাস হতে,Negative,2,False
ভাই পাওয়া যায়,Neutral,3,False
ভাইয়া আপনি রেকেটে তার লাগাতে কত নেন,Neutral,7,False
সাবান ছাড়াই এগুলো দিয়ে গোসল,Negative,5,False
দারুন লোভনীয় স্বাদ,Positive,3,False
হাসের দোকানের পাশের দোকান চা পাওয়া যায় স্যুপ খেতে হলে এদিকে তাকাই,Neutral,12,False
টেনশন নিয়েন না ভাই এটা খুব শীঘ্রই তার কারণ হয়ে দাঁড়াবে কারন সে ভালো কাজ করতাছে আর হ্যাঁ আজকাল আমাদের দুনিয়ায় ভালো কাজের কোন দাম দেয় না মনে আছে ঢাকার সেই কথা ৬৫০ টাকা করে কেজি গরুর মাংস বিক্রি করতো আর তা দেখে সবাই হিংসে করতো কারণ ভালো কাজ করলে বাধা,Positive,51,False
দারুণ উদ্যোগ নিয়েছেন,Positive,3,False
পিরোজপুর পাঠাতে আরও কত টাকা এড হবে,Neutral,7,False
চমৎকার একটি পেকেজ,Positive,3,False
কে আবার এসব খায়,Negative,4,False
থুথু থুথু,Negative,2,False
আসসালামু আলাইকুম এটা লোকেশন টা কোথায়,Neutral,6,False
কে দিয়ে ব্যবসা করেন,Negative,4,False
বাহ বাহ বাহ অসাধারণ আপনার জন্য থাকছে কেয়া কসমেটিকের সৌজন্যে একটি মহা মূল্যবান ইয়াবা মেশিনপরিবেশ বান্ধব গাঞ্জার গাছআপনাকে জামালপুরের ডিসিফেনীর সিরাজউদ্দৌলাওসি মোয়াজ্জেমটেকনাফের ওসি প্রদীপ বাবুবড়গুনার মিন্নি ও নয়ন বন্ডটেন্ডার কিং জি ক,Neutral,32,False
ভাই এসব ফালতু লোকের ভিডিও দিয়েন না,Negative,7,False
আমরা কই খাটা মিঠা,Neutral,4,False
খাওয়ার মান একেবারে খারাপ,Negative,4,False
দাদা ইন্ডিয়া তে ডেলিভারি করা হবে,Neutral,6,False
এ রেসিপি ফলো করে চিকেন বিরিয়ানি বানাইতে গেসিলাম বিরিয়ানি তো হইলোই নাচিকেন পোলাও হয় গেসে আমারটা,Negative,16,False
ছি ছি ছি ছি,Negative,4,False
দুই ভাইয়াকে একসাথে দেখে ভালো লাগলো,Positive,6,False
ভোক্তা অধিদপ্তরের চোখে কি এগুলো পরে না,Neutral,7,False
মিথ্যাবাদিকে পছন্দ করি না আছি দিন নোটিফিকেশন পাওয়া মাএই দিবো,Neutral,10,False
আপনার পছন্দ হয় খাবেন না হয় না খাবেন এত কিছু খোঁজার কি প্রয়োজন,Neutral,13,False
সুপ খেতে হলেহাসের দোকানের পাশের দোকানে আসতে হবে বসতে হবে,Positive,10,False
এসব পাগল ছাগল প্রতিবন্ধী,Negative,4,False
অনেক সুন্দর অনেক ভালো লাগলো ভিডিওটা দেখে,Positive,7,False
খুব ভালো দাদা শিখতেও পারছি,Positive,5,False
সবই খাবার এত পাগল হওয়ার কিছু নেই প্রতিদিন একই রকম হবে রান্না এটাই স্বাভাবিক,Neutral,14,False
ব্রনের কোনো সমাধান দেন স্যার,Neutral,5,False
অসম্ভব সুন্দর,Positive,2,False
শরীরের পচা ঘাম খাওয়ানো হচ্ছে,Negative,5,False
খাওয়া দরকার খাঁ না খাইলে নাই সব কিছুতে সমালোচনা না করলেই নয় বাঙ্গালী জাতি বলে কথা,Neutral,16,False
আমাদেরকে আপনি খাওয়াই দেখান মজা হইছে কিনা আমরা দেখি,Neutral,9,False
নিজে ফিরি খান আর অন্যের দুর্দশা কর,Negative,7,False
চুষতা টা কি,Neutral,3,False
নদীর পাড়ের দোকান দেখতে যেমোনি হোকনা কেন রান্নাটা খুবই মজার হয়,Positive,11,False
আল্লাহ আপনাকে বরকত দান করুক মাশাআল্লাহ,Positive,6,False
এক তো খোলা খাবার তার মধ্যে কথা বলতেছে যে থুথু পড়তেছে স্বাস্থ্যের জন্য ঝুঁকি হাতে হ্যান্ড গ্লাভস থেকে পড়ছে মুখে মাক্স পড়ে নাই,Negative,23,False
অনেক মজার খাবার গিলা খেতে আমার ভালো লাগে,Positive,8,False
ভাই দামটা রাখলে ভালো না,Negative,5,False
উনাদের কাছে ৩টা প্রোডাক্ট দিয়েছিলাম ২ টা প্রোডাক্ট ৬ দিনেই সুন্দরভাবে এনে দিয়েছে ১ টা প্রোডাক্ট এর এডভান্স রীটান করেছে মানুষ ভালো উনারা,Positive,23,False
জীবনে এসব মোটিভেটেড দেখে যারা হুট করে সিদ্ধান্ত নিচ্ছেন তারা ভুল করবেন যা করবেন ভেবে চিন্তে করবেন,Positive,17,False
ভাই ২০ ইউরো আসে না,Neutral,5,False
মসলা কম মনে হয়,Neutral,4,False
সুন্দর বন মার্কেট থেকে কসটিপ আনছিলাম খোলে দেখি ভিতরে আঠা নাই,Negative,11,False
সুন্দর লোকেশন কোথায়,Neutral,3,False
আমার আছে কিনা,Neutral,3,False
অর্ডার দেওয়ার পর ডেলিভারি পেতে অনেক দেরি হয়েছে,Negative,8,False
এসব মুখরোচক খবর বানিয়ে লাভ কি বাংলাদেশ অনলাইন ব্যবসা হচ্ছে সবচেয়ে বাটপারি ব্যবসা,Negative,13,False
উগান্ডা থেকে যদি গু আইনা বিক্রি করে তবুও খাইবো বাঙালি,Neutral,10,False
এটাকে বলে বদনজর মানুষের,Neutral,4,False
মাশাআল্লাহ অসাধারণ,Positive,2,False
ভাই আমাকে একটা ফোন কিনে দেবেন বাজেট কম টাকা,Neutral,9,False
কথা মিয়া বেশি কন হাতে গ্লাবস নাই পরিষ্কার পরিচননতা নিয়া সমস্যা,Negative,11,False
ঘোড়া মাছ গুরা মাছ,Neutral,4,False
গাঁজাখোর ঠিকানা কই,Neutral,3,False
খাবারে ধুলো ছিল,Negative,3,False
বড় ভাই আপনাকে স্যালুট আল্লাহ আপনাকে এই ভালো কাজের প্রতিদান অবশ্যই দেবে,Positive,12,False
যে দোকানদার ইউটিউবে জিনিসের মূল্য বলে দেয় সেই মিথ্যা প্রতারক,Negative,10,False
এত হিংসা বাংলাদেশেন মানুষ দের,Neutral,5,False
মানুষের রুচি যে কোন পর্যায়ে গিয়ে ঠেকেছে আল্লাহই ভাল জানে,Negative,10,False
সেদিন খেয়ে আসছি মোমোতে তো চিকেন ছিলোই না আপনারা পাইলেন কিভাবে,Negative,11,False
লজ্জায় বলতে পারি না দেখার পর থেকে এই জিনিস আমার আর পছন্দ না,Negative,13,False
আপনার ভিডিও দেখে অনেক কিছু আইডিয়া হয়েছে যাচাই করে ভালো প্রোডাক্ট নেওয়া উচিত,Positive,13,False
দাম অনুযায়ী মান খারাপ,Negative,4,False
অনলাইন অফিসিয়াল ২০২৪ চানেল টা কার আপনার ছবি দিয়ে পতারনা করতেছে,Negative,11,False
রাইট কথা বলছেন,Positive,3,False
গরমে মাথা খারাপ হয়ে গেছে নাকি,Negative,6,False
আপনি তো অনেক ধরনের সোচ দিয়েছেন অনেক কিছু দিয়েছেন আপু,Positive,10,False
আপনার প্রতিটি ভিডিও ও পোস্ট হৃদয় ছুঁয়ে যায় নতুনপুরাতন সবার সাথেই আছি ইনশাআল্লাহ সবাইকে আমার পরিবারে আমন্ত্রণভালবাসা অবিরাম সকলের জন্য,Positive,20,False
ফিটিং টিউটোরিয়াল চাই,Neutral,3,False
ক্যামেরার সামনে হুমায়ূন ভাইকে দেখলাম আমাদের কিশোরগঞ্জের পাকুন্দিয়া জাঙ্গালিয়া ইউনিয়ন বিশ্বনাথপুর গ্রামের,Neutral,12,False
দুইটা টাকা হলে ঠিক ছিল,Neutral,5,False
আলহামদুলিল্লাহ অনেক ভালো রান্না করেছিলাম স্বাদ আলহামদুলিল্লাহ অনেক ভালো হয়েছিলো বিবাহ বার্ষিকি উপলক্ষে আমার স্ত্রী কে র্টিট্ট দিয়েছি গতকাল রাতে সে অনেক প্রসংশা করেছে ওস্তাদ আপনার রেসিপি আমি অনুসরণ করি ও আপনার ভক্ত,Positive,33,False
মেয়েরা বাইরে বের হবে আর ফুচকা খাবে না তা কি কখনো হয় আপু,Neutral,13,False
দেইখাইতো লোভ লাগতেছে,Positive,3,False
৫০০১০০০ টাকার প্যাকেজ করেন,Neutral,4,False
খালাতো আগুন,Positive,2,False
কঠিন শাস্তি দাবি করছি,Negative,4,False
উটের মাংসে এত স্বাদ নাই গরুর মাংস,Negative,7,False
বুঝে নাই সুন্দর করে দেন,Neutral,5,False
সৌদিতে ১ হাজার সেই মাংস ৫৫০০ টাকা হেটার বাঙালি একদিনেই কোটিপতিইন্ডিয়াতে পাকিস্তানে ৫০০৬০০ টাকা,Neutral,14,False
তাইতো বলি তোমার হেডাই আগুন কেন,Positive,6,False
যারা গ্রেফতার করেছে ধন্যবাদ,Positive,4,False
এ কোনো সাধারণ ছেলে নয় লা,Positive,6,False
উদ্ধার করা মোবাইল গুলো কোথায় যাবে,Neutral,6,False
নতুন পুরাতন সবাই আমার পাশে থাকবেন,Positive,6,False
মামলা করবো ভোক্তা অধিদপ্তরে,Negative,4,False
ভাই দিয়ে দেন একটা প্রসেসর সহ গিভাওয়ে দিয়া দেন,Positive,9,False
বাঙালি এমন একটা জাত কেউ কারো ভালো চায় না উনি বাসায় বানায় নাকি হোটেলে বানায় নাকি দোকানে বানায় প্রব্লেম কি সে চুরি করে না,Positive,24,False
সত্যি মিথ্যা আল্লাহ তায়ালা ভালো জানেন আচ্ছা আপনাদের চ্যানেল গুলোতে যে শত শত পণ্য বিজ্ঞাপন দেন এগুলো তো ৯০ মিথ্যা এগুলো নিয়ে তো নিউজ করেন জীবনেও তো একটা নিউজ হয় নাই উল্টো মিথ্যা বিজ্ঞাপন গুলো দেখাচ্ছেন,Positive,36,False
সেটআপ করতে সমস্যা,Negative,3,False
হেলিকপ্টার থামিয়েনেয়না,Neutral,2,False
পিছনের অসহায় মানুষ টাকে তো একটা খাওয়াতে পারতেন তিনি আপনাকে দোয়া দিত ভাই,Positive,13,False
ভাইয়া ফেসবুক স্টার সেট ইসুজ প্রবলেম কিভাবে সেটআপ করা হয় একটু জানালে ভাল হত,Neutral,14,False
কাজ একদম ঠিকঠাক,Positive,3,False
লোভ লাগাইয়া দিলা আপু,Positive,4,False
আপনার ইউটিউব চ্যানেল আমার খুব প্রিয় চ্যানেল যেমন বহুরূপী সিনেমা অল টাইম ব্লকবাস্টার,Positive,13,False
প্যাকেট ছেঁড়া,Negative,2,False
ফুড ব্লগার যে দোকানে ভালোই,Negative,5,False
এগুলো সব নাটক এতদিন পর কেন বাসার ভিডিও আনলো সব ঠিকঠাক করে তারপর বাসার ভিডিও বানাইছে এতদিন বলছে ওর স্ত্রী বানায় এখন দেখা যাচ্ছে বাসায় ভর্তি কেক বানানোর লোকজন এই লোক অনেক বড় বাটপার সেটা আপনারা সময় হলে টের পাবেন,Negative,40,False
এতো কম সময়ের সম্ভব না,Neutral,5,False
অনলাইনে নিতে পারলে ভালো হতো,Neutral,5,False
এটা খেতে দশ হাজার টাকা দিলেও খাব না,Negative,8,False
কোন জায়গায় তে,Neutral,3,False
অসাধারণ সুন্দর একটা কথা,Positive,4,False
হাঁসের মাংস অনেক সুস্বাদু খাবার লোভনীয়,Positive,6,False
ভাই লোকেশন টা একটু বলবেন কোথায়,Neutral,6,False
শালার পুত ঘুখোর,Negative,3,False
আহারে কেউ কিছু করতে চাইলে কিভাবে তাকে টেনে নিচে নামানো যায় শুধু সেই চেষ্টা অদ্ভুত লাগে উনি কেক নিজে বাসায় বানায় নাইলে আত্মীয় স্বজনদের থেকে বানায়া আনায় খাইতে কে বলছে কে আপনাকে ব্যবসা করতেছে চুরি করছে নাতো রাস্তার পাশ থেকে যখন ফুসকা খান তখন মনে হয় না এইটা কিভাবে বানায় সারাক্ষন শুধু অন্যের পিছে লেগে থাকাই আমাদের ধর্ম,Neutral,58,False
এত খাইতে মন চায়,Positive,4,False
মাশাল্লাহ সুন্দর রেসিপি ভাইয়া,Positive,4,False
ঠিকভাবে বলেন নি,Negative,3,False
আপনার মতো করে আমি করেছি এতো পারফেক্ট হয়েছে কি বলবো আলহামদুলিল্লাহ আপনাকে অনেক ধন্যবাদ,Positive,14,False
হাসে পশম না পরিস্কার কইরা রান্না করলো,Negative,7,False
আমার ফেবারেট,Positive,2,False
ওরা হলো বাটপার,Negative,3,False
ওকে থ্যাঙ্ক,Positive,2,False
সব কালেকশন কিভাবে দেখব যদি অনলাইনে নিতে চাই,Neutral,8,False
চুলকানি মেটাতে পারে না তা কি করবে চুলকাতে তো হবেই,Neutral,10,False
কোন জায়গায় এটা,Neutral,3,False
ভালো খাবার,Positive,2,False
হুজুগে বাঙালি,Negative,2,False
আহারে কেউ কিছু করতে চাইলে কিভাবে তাকে টেনে নিচে নামানো যায় শুধু সেই চেষ্টা অদ্ভুত লাগে উনি কেক নিজে বাসায় বানায় নাইলে আত্মীয় স্বজনদের থেকে বানায়া আনায় খাইতে কে বলছে কে আপনাকে ব্যবসা করতেছে চুরি করছে নাতো রাস্তার পাশ থেকে যখন ফুসকা খান তখন মনে হয় না এইটা কিভাবে বানায় সারাক্ষন শুধু অন্যের পিছে লেগে থাকাই আমাদের ধর্ম,Neutral,58,False
৬ মাস পরে হাওয়া হয়ে যাবে না তো,Negative,8,False
সাধারণ পোশাক,Neutral,2,False
কোন জাগায় ভাই এই রেস্টুরেন্ট,Neutral,5,False
জিভে পানি চলে এলো,Positive,4,False
এটা চোরাই বাজার না,Neutral,4,False
এড দেওয়ার জন্য ছবি বা ভিডিও কোথায় পাবো,Neutral,8,False
শুভ কামনা রইলো আপু এতো অল্প বয়সে যেভাবে কাজ করে যাচ্ছেন,Positive,11,False
নির্দয়ভাবে না বানিয়ে দয়ামায়া রেখে বানালেই তো হয়,Positive,8,False
আপনাকে দেখে তো চোরের লিডার মনে হচ্ছে,Negative,7,False
আসবেন রেস্তোরাঁয়,Positive,2,False
এটা কোথায় আপা,Neutral,3,False
মারুফ ভাই সেই একটা লোক৷ ব্যাবহারে মূহুর্তে আপনার মন জয় করে নিবে আর আমার মতে যারা নিতে যাবেন মারুফ ভাই রে বাজেট আর কি টাইপের ব্যাট চান বলে দিবেন সেই আপনাকে বলে দিবে কোনটা ভালো হবে আপনার জন্য আমার ব্যাট উনার সাজেশনেই নেয়া আর ভিডিওতে বলা কথাগুলো প্রত্যেকটাই সত্য অনেক সৎ একজন মানুষ মারুফ ভাই,Positive,55,False
সবজি শুকনো,Negative,2,False
করে নিলাম,Positive,2,False
এই সব পরিবেশে এইসব খাবার খেলে মানুষ অসুস্থ হয়ে যাবে,Negative,10,False
অনেক ভালো লেগেছে আলহামদুলিল্লাহ,Positive,4,False
তাজিয়া সুলতানা তানহা খাওয়াইবা তাহলে দেশে আসমু,Positive,7,False
আলু ভর্তা আমার ভিষণ প্রিয়,Positive,5,False
কাজ ঠিকঠাক,Neutral,2,False
আগে অন্য ব্যবসাও ছিল এখন পোলাপাইন বড় হয়ে যাওয়াতে ছেড়ে দিয়েছে আগের ব্যবসা,Neutral,13,False
এইভাবে খাবার নষ্ট করা ঠিক নয়,Negative,6,False
চিকেন টা কি মসলা দিয়ে মাখিয়ে তার ওপরে রাইস তৈরি করে নিয়ে রাইস ঢেলে দিয়ে চুলের উপরে বসাতে হবে না চিকেন মশলা দিয়ে মাখানোর পরে চিকেন কোষে রেখে দিতে হবে তারপরে রাইস ঢালতে হবে না কাঁচা চিকেনের উপরে রাইস ঢালতে হবে,Neutral,41,False
শুধু খালি বাটপারি মুখে কয় এক কথা ব্যবসা বাদ দেন,Negative,10,False
পিতলের হাড়ির রান্না অনেক স্বাস্থ্য সম্মত,Positive,6,False
যত পাড়াবে তত টেস্ট বাড়বে,Positive,5,False
আমার ঠিকানা পাটাতে পারবেন আপনি,Neutral,5,False
কি দেখে মনিটর কিনবো এই নিয়ে একটা ভিডিও দিলে ভালো হয়,Neutral,11,False
পাইকারি নিলে অল্প কিছু নেওয়া যাবে কিনা,Neutral,7,False
এটা আমি নিতে চাই ফুল এটাই দাম কত পড়বে,Neutral,9,False
ভাই আপনারা যারা ওনার বিরোধিতা করছেন কেক হুম ডেলিভারি দিয়ে থাকেন কিন্তু ওনি সাধারণ ভাবে কেক গুলো বানিয়ে থাকেন ফলে কম দামে বেশি সেল দিয়ে থাকেন এখানে সমস্যা একটাই সেটা হলো আপনাদের কেক গুলে সেল হচ্ছে না সেই জন্য আপনারা ওনার ব্যাবস্যায় লালবাতি জালাতে আসছেন ভাইরে রিজিকদাতা উপরে একজন আছেন,Neutral,50,False
বেপারটা অনেক সুন্দর কোয়ালিটি ভালো রান্নাও ভালো নিজে মাংস কিনে রান্না করলেও এর থেকে বেশি খরচ প্লাস বউয়ের পা ধরা রান্নার জন্য,Positive,22,False
এরা বাটপার,Negative,2,False
ঠিকানা কোথাই,Neutral,2,False
মেথি মিক্স খাওয়া যায় না,Neutral,5,False
চিনিগুড়া চাল বিরয়ানীতে সেরা বাসমতী চাল দেখতেই সুন্দর,Positive,8,False
দারুন হলো চালান,Positive,3,False
আমার মুখে আছে আর আছে আমি কি ইউজ করতে পারবো,Neutral,10,False
কেউ কিছু করে খাইলে সেটাতে এই নাসা বিজ্ঞানিরা এসে হাজির,Neutral,10,False
পাতিল টা অনেক সুন্দর,Positive,4,False
খুব ভালো লাগলো,Positive,3,False
উপরে ওঠাতে ও দেরি নাই নিচে নামাতে ও দেরি নাই এটাই বাংলাদেশ,Neutral,12,False
খালা পুরাই রকেট,Positive,3,False
ভাইয়া সঠিক আন্ডারওয়ার কিনা এবং পড়া নিয়ে ভিডিও দিলে ভালো হয়,Neutral,11,False
কোন সেফটি নাই,Negative,3,False
সবই বাটপার,Negative,2,False
খেতে খুব মজার,Positive,3,False
দামাদামির জন্য আমাকে কেউ নিয়ে যেতে পারেন,Neutral,7,False
আমি দোকানে কাজ করব খাবার থাকা ফ্রি নাকি,Neutral,8,False
আমাকে বিস্তারিত ইনবক্স করুন প্লিজ,Neutral,5,False
বিজলি ১০ কত টাকা,Neutral,4,False
হির মেকাপ দেখে,Neutral,3,False
আমি কিনেছিলাম উনি মাংসের পরিমাণ বেশি দেন ঝোল কমে থাকে মান সম্পন্ন বিয়ে বাড়ির স্বাদের রান্না করা খাবার সকল মানুষকে খাওয়ানোর জন্য আল্লাহ সুবহানাহু তাআলা তাঁকে উত্তম প্রতিদান দিন,Positive,29,False
চলে আসো,Positive,2,False
চাপাবাজের জন্য দাম বলা ঠিকআছে,Positive,5,False
এগুলো সব সেকেন্ড হ্যান্ড গাইট এর মাল মুখে দাড়ি রেখে কিভাবে এত বড় মিথ্যা কথা বলে,Negative,16,False
উপকরণ ভাজার ব্যাখ্যা,Neutral,3,False
অসাধারণ কথা কিন্ত্,Positive,3,False
কসমেটিকের ব্যবসা চোরের ব্যবসা মানুষকে ঠকানো হয় ৫০ টাকা দামের জিনিস টাকা বিক্রি,Negative,13,False
প্রত্যেকবার কেনার আগে বেলগুলি খুলে দেখে নেবে নাহলে ঠকে যাবেন,Neutral,10,False
ভেজে নাকি ভিজিয়ে নিবো বুঝতে পারছি না,Neutral,7,False
শালা চোর,Negative,2,False
হোম ডেলিভারি হয় নাকি এবং এগুলো কিসের তৈরি,Neutral,8,False
দোকান টি বন্ধ করে দিলে ভালো হইবে,Negative,7,False
আমি মালয়েশিয়া তে আছি কেজি কত কইরা নিবেন,Neutral,8,False
বাটপারি একদিন ৪০টা কি ভাবে সম্ভব,Neutral,6,False
অর্ধেক ঘামই ঢালা হয়েছে,Negative,4,False
তাহলে তো খাবারটা অনেক ভালো,Positive,5,False
পরতে স্বাচ্ছন্দ্য,Positive,2,False
টাকা কম তাই আর একটু আপু বেশি করছে,Neutral,8,False
টুপি পরে মিথ্যা কথা,Negative,4,False
নদীর একদম টাটকা ফ্রেশ ছোট বড় সকল প্রকারের মাছ ঘরে বসে পেতে আমাদের সাথে থাকুন,Positive,15,False
যে ব্যক্তি নতুন ব্যবসা শুরু করেছে তাকে টেনে নিচে নামানোর চেষ্টা চলছে,Neutral,12,False
২৫০ টাকা দিয়ে একটা হাঁস কিনে খাওয়া যাবে,Neutral,8,False
হে আপু এভাবে টমেটো দিয়ে মুরগির মাংস রান্না করলে খুব সুস্বাদু হয় আমি ও এভাবে রান্না করি,Positive,17,False
এত স্ট্রোক হচ্ছে এর পরেও এত তেল দিয়ে রান্না,Neutral,9,False
কতটুকু চালের জন্য কতটুকু পানি,Neutral,5,False
আমি নিতে চাই দাম কত,Neutral,5,False
মজাদার খাবার,Positive,2,False
এইভাবে খাবার বানানো হাস্যকর,Negative,4,False
খেতে ইচ্ছে হয়,Positive,3,False
ওর ব্যবসা শেষ,Neutral,3,False
পারফিউম অরিজিনাল মনে হয়েছে,Positive,4,False
বউয়ের কথা বললে সব জিনিস ভালো একটু চলে বোঝা গেল হোক বেকারি হোক হোমমেড তাতে কিছু আসে যায় না বউ বলে কথা,Positive,22,False
এটা ফাল্তু আমি আজ ২দিন ধরে অডার রিকৌয়েস্ট করে ৪৯ টাকা দিয়ে বসে আছি,Negative,14,False
অনেক ভালো লেগেছে আবার খাবো,Positive,5,False
দোকানের লোকেশন জানান,Neutral,3,False
ভালো কাজ করলে ভালো পুরস্কার দিবেন আল্লাহ,Positive,7,False
চি চি চি,Negative,3,False
আসসালামু আলাইকুম আমি সৌদি আরব আছি কেকের দোকানে কাজ করিস এবং আমি নিজে কেক তৈরি করি একজন মানুষের পক্ষে কখনো সম্ভব না এতগুলো কে তৈরি করা এবং উনি কেক গুলো যেভাবে খোলা আকাশের নিচে বিক্রি করতেছে গরমের মাঝে এতক্ষণ খোলামেলা রাখা কখনোই সম্ভব না এতে করে কেকের ক্রিম গলে যাওয়া সম্ভাবনা থাকে ওনার কেকের ক্রিম গুলো কিছুই হয় না হতে পারে ওনি ভেজাল কিছু ব্যবহার করে,Neutral,66,False
সোনার টেষ্ট হুজুগে পাব্লিক গু রে ও কয় টেষ্ট,Neutral,9,False
যে দিন দেখেছিলাম সে দিন থেকেই খাওয়া বন্ধ করে দিছি মন চাইলে বাসাই বানাই যদিও এতোটা ভালো হয় না তবুও,Negative,20,False
এমন হলে কি করতেন কেজির দাম রিয়ালবাংলা টাকায় কনভার্ট করেন,Neutral,10,False
দোকানের নাম গুলা দিলে ভালো হইতো,Neutral,6,False
অনেক সুন্দর হয়েছে সিংড়ি মাছ কসানো,Positive,6,False
মিঠা আতর কেওরা ওয়াটার এগুলা তো নাই,Neutral,7,False
ব্যাবসা করতে ছাই,Neutral,3,False
এটা কেমন কথা,Neutral,3,False
আমিতে একটু আগেই খেলাম,Positive,4,False
আমার বাসার সাথে কিন্তু আমি জানি না,Neutral,7,False
চোরাই মার্কেট সিলেটে,Negative,3,False
মুখে দিলেই গলে যায় আবার খাবো,Positive,6,False
পান্জাবি নিয়েও ভিডিও দিন,Neutral,4,False
ঠিক বলেছ তুমি,Positive,3,False
সাধারণ মানের পোশাক,Neutral,3,False
এই লোকের ঝালমুড়ি কে খায়,Negative,5,False
ডিজাইনটা সুন্দর,Positive,2,False
কাপড়ের কাটিং ভালো,Positive,3,False
সত্যি বলার জন্য ধন্যবাদ শাকিলা ভাব হয়েছে গেছিলাম,Positive,8,False
সব থেকে বড় কথা উদেক্তা হতে হবে,Positive,7,False
ফ্রী তেও খাবোনা ভাইয়া,Neutral,4,False
উনার চামড়ার পাওয়ার আছে তাই বুড়াকালে যুবকদের নিয়ে খাট কাপিয়ে দেয়,Neutral,11,False
থেকে কিভাবে এই রকমভাবে করবো দেখায় দেন,Positive,7,False
চিল্লায় চিল্লায় কথা বলে তুতু পেলে মিশিয়ে দাও খেতে মজা পাবে,Positive,11,False
১৫০০ অনেক বেশি নিউ মার্কেটে ৫০০ এর বেশি দিলে লস মনে করি,Negative,12,False
রঙটা ছবির মতো হয়নি,Negative,4,False
বোমারু বিমান থামায়পাইলট আমার সামনে মাল নিছে,Neutral,7,False
এই দোকান টা কোন জাগায়,Neutral,5,False
খাবার গরম অবস্থায় পেয়েছি,Positive,4,False
মাশাআল্লাহ আল্লাহ দয়া করে আপনি বরকত দান করুন অনেক সুন্দর একটা ব্যাবসা দয়া করে কবুল করেন আমিন,Positive,17,False
শূকরের খাবার,Negative,2,False
এখানে ১০ জনের ১ জন সফল হয় আর সেটাই সবার সামনে আসে কিছু সাজানোও,Neutral,14,False
বড় বাটপার দাম বেশি রাখে পন্যের,Negative,6,False
মার্কেটিংসব করা,Neutral,2,False
খুবই বিপজ্জনক খাবার,Negative,3,False
খানকিগো সোনাদানা বেশী থাকে,Neutral,4,False
ঠিক মতো ঠিকানা না দিলে মানুষ যাবে কিভাবে,Neutral,8,False
দারুন টিপস পেলাম,Positive,3,False
খুব তারাতাড়ি ইয়াসবো,Neutral,3,False
খুবই অপরিচ্ছন্ন লোক চুলের তেল আর ঘাম দিয়ে খাবার বানাচ্ছে,Negative,10,False
শুভকামনা রইল ভাই,Positive,3,False
খাওয়ার সময় মনে হচ্ছিলো উৎসব চলছে,Positive,6,False
ঠিকানা কোথায় কোন থানায় কোন জেলায় খালার পিঠার দোকান,Neutral,9,False
ওরে পরিস্কার,Negative,2,False
খুব ভালো লাগলো আপু,Positive,4,False
এরা চাপাবাজি ছাড়া কিছু না রেসপন্স করে না,Negative,8,False
কি অনেকেই জানতে চায় কাজটা কি কাজ হচ্ছে হচ্ছে মালয়েশিয়ান কোম্পানি যার ২০০ দেশে,Neutral,14,False
অনেক মজাসবাই আমার ছোট পরিবারে ঘুরে আসবেন,Positive,7,False
বাহ বাহ কাস্টমার থাকলে নক দিবেন সৌদি আরব থেকে আসার সময় ২০ কেজি নিয়ে আসব যদি কেউ সেইম দামে নেবে,Neutral,20,False
ভাই আমি ব্যবসা করতে চাই তো আপনাদের থেকে মাল কিভাবে কিনবো,Neutral,11,False
ব্রাহ্মণবাড়িয়া মানেই,Positive,2,False
ওয়াও অনেক লোভনীয় খেতে ইচ্ছা করতেছে,Positive,6,False
এই দোকান টা কোথায় আসতে চাই,Neutral,6,False
ভুলভাল কেবল লাগালেই বিল্ডিংয়ে আগুন ধরে সব শেষ হয়ে যাবে,Negative,10,False
ত্বকে মানায়নি,Negative,2,False
আপনার সাথে কন্টাক কিভাবে করবো,Neutral,5,False
কিভাবে যোগাযোগ করবো,Neutral,3,False
খুব লোভনীয় হয়েছে,Positive,3,False
আহ আমার প্রিয় খাবার,Positive,4,False
আমায় নিবেন,Neutral,2,False
অনেক মজাদার হাঁস ভুনা,Positive,4,False
ভাইয়া ফেসবুক আইডি লক হলে ঠিক করবো কিভাবে এরকম একটা ভিডিও দেন প্লিজজ,Neutral,13,False
ভাই আমি একজন অসহায় মহিলা একটু পরামর্শ দিন,Neutral,8,False
আপনার বয়েন অনেক সুন্দর লাগে,Positive,5,False
মজাদার আলহামদুলিল্লাহ ভালো আয়োজন এগিয়ে যান আপু,Positive,7,False
এটা হিডেন প্লেস দুনিয়ায় কি নতুন,Negative,6,False
এগুলো কোথায় বিক্রি হয় মানে জায়গা টা কোথায় যেখানের ভিডিও করেছেন,Neutral,11,False
আমি কি যেকোনো প্রোডাক্ট সেল করতে পারবো,Neutral,7,False
জায়গাটা কোথায় ভাইয়া দোকান,Neutral,4,False
এটা আপনার ইউজড ফোন বলে মনে হচ্ছে ল্যাগ করে র জন্য মনগড়া রিভিউ হতাশ,Negative,14,False
মসলা স্বাদহীন,Negative,2,False
ময়লা যুক্ত খাবার কে খাবে,Negative,5,False
হেয়ার নেট নেই গ্লাবস নেই কেন,Negative,6,False
এত গুলা গোশত এত কম টাকায় দিচ্ছে উনি আল্লাহ ওনার রিজিক বাড়িয়ে দিন,Positive,13,False
এতো সময় কই,Neutral,3,False
এ দোকানের অবস্থান কোথায় ঠিকানা জানাবেন,Neutral,6,False
জাজিরা থেকে বলছি কল ভালো দীর্ঘদিন বিজনেস করি,Positive,8,False
জায়গা টা কথায় আপু,Neutral,4,False
সবাই উট মাংস খেয়ে র্সগ চলে যেতে পারবে,Neutral,8,False
ওখানে মনে হচ্ছে আমার মোবাইলটা আছে,Negative,6,False
নবীর সুন্নতি পোশাকধারী মুখে এক পাঁজা দাঁড়ী কিন্তু ব্যবসার কি নিয়ম করছে কেন মানুষ সুন্নতি লেবাস হলেই বিশ্বাস করবে,Negative,19,False
মাশাল্লাহ অসাধারণ হয়েছে,Positive,3,False
হাতে গ্লাভস কোথায়,Negative,3,False
আপুরা আমরা সল্পমূল্যে সুন্দর সব ইউজড ও স্টক লট এর শাড়ি বিক্রি করি আমাদের পেজে একবার ঘুরে আসতে পারেন আপনাদের পছন্দ হবে ইনশাআল্লাহ,Neutral,23,False
কড়া হইছে কাওসার ভাই,Positive,4,False
লোভনীয় খাবার তৈরি করে,Positive,4,False
বাংলায় কথা বলতে বলেন,Neutral,4,False
অসাধারণ ভিডিও খালা,Positive,3,False
ডেলিভারি দেরিতে এসেছে,Negative,3,False
যবে যাবে,Neutral,2,False
আমি তো দেখলাম মেট্রোরেল দিয়ে এসে এই খাবার কিনার জন্য সিরিয়াল ধরছে সবাই,Neutral,13,False
খাওয়ার পর বমি বমি লাগছিল,Negative,5,False
পরিমাণ যথেষ্ট ছিল,Positive,3,False
মাশাআল্লাহ্ অসাধারণ,Positive,2,False
কয়টা থেকে কয়টা পর্যন্ত পাওয়া যায়,Neutral,6,False
আমি একটা বিষয় বোঝলামনা এইখানে কেন ভোক্তা অভিযান হইলনা,Negative,9,False
সকলে খালি পেটে খেতে হবে না নাস্তা করার পর,Neutral,9,False
আপনার উদ্যোগটা অবশ্যই ভালো সাধুবাদ জানাই আপনাকে এভাবে মানুষের সেবা করে যান,Positive,12,False
কাজের গতি কম,Negative,3,False
আপনার দোকান কোথায় ঠিকানা দিন আমি যদিও বাহিরের খাবার খেতে পছন্দ করি না কিন্তু আপনার দোকান থেকে সব কিছু খেয়ে দেখব ইনশাআল্লাহ,Positive,22,False
ভালো কাজ আপু,Positive,3,False
দারুন একটা ভিডিও,Positive,3,False
টাকার একটা একশন ক্যামেরার ভিডিও দেন,Neutral,6,False
চালের রুটি কেন ২০ টাকা বিক্রি করেন,Negative,7,False
দয়া করে ঠিক করুন আপনার উচ্চারণ এক্সট্রিমলি শ্রুতিকটু,Negative,8,False
বিভিন্ন দেশের নানা ধরণের ভাইরাস থাকতে পারে তাই বিদেশ থেকে আনা বন্ধ করতে হবে,Negative,14,False
দারুন আয়োজন,Positive,2,False
হিডেন প্লেস জন্মের পর থেকেই এর হিডেন প্লেস থেকে শপিং করি,Negative,11,False
ছুফ খেতে হইলে ভাই সবাইকেচাই,Neutral,5,False
যে পরিশ্রমই হবে সব পরিস্থিতি থেকে মানিয়ে নিয়ে নিজের জীবিকা চালিয়ে নেবে শুধু হাত পেতে ভিক্ষা না নিলে আর কারো ক্ষতি না করে খেলে কোন লজ্জার কিছু নেই,Positive,28,False
আমার আব্দুল চাচার মোবাইল টা এখন মিলতে পারে,Neutral,8,False
আমাকে নিবেন বেতন দেবেন কতো,Neutral,5,False
আল্লাহ ওনার রিজিকে বরকত দান করুন,Positive,6,False
সেলাই খুলে যাচ্ছে,Negative,3,False
এমনভাবে জিনিসপত্রের দাম চায় যেন টাকা গাছে ধরে আর এখানে অনেক থাকে,Negative,12,False
প্রাইস আছে যেটা ওটা কি বিডি প্রাইস,Neutral,7,False
অসাধারণ রেসেপি,Positive,2,False
সুন্দর একটা পোস্ট,Positive,3,False
সেফ আপনার রান্না দেখার পর অন্য কোন রান্নার ভিডিও দেখতে ইচ্ছা করে না,Positive,13,False
ভাই এটা কবে কবে পাওয়া যায়,Neutral,6,False
৩মাস আগে আমার মোবাইল টা চুরি হইছে করিমউল্লাহ মার্কেট এর সামনে থেকে,Negative,12,False
যে টাকা দিব সে টাকার গ্যারান্টি কি,Neutral,7,False
ফ্রিতে খাওয়ার উদ্দেশ্যে একটা রিপোর্টার কতদূর পর্যন্ত যেতে পারে,Neutral,9,False
সিরাপ কি কাজে লাগে,Neutral,4,False
এর থেকে কিনে খাওয়াই ভালো,Neutral,5,False
কাগজপত্র ঠিক রেখে বাছা তুমি নিশানায় পড়ে গিয়েছো,Neutral,8,False
যাবেন ভাইয়া,Neutral,2,False
বাংগালী সব পাগল তাইব,Negative,4,False
এরা চোরদের আছরয় দেয় কেনো,Negative,5,False
পারফিউমের গন্ধ খুব ফ্রেশ,Positive,4,False
অসাধারণ সুন্দর,Positive,2,False
ভাই পাইকারি দাম কত ১২০ পিস,Neutral,6,False
লাভ র লাভ আহা,Neutral,4,False
দেশে চুরি ডাকাতির মতো ঘটনা নিয়ে কেউ ভাববে না মানুষ কাজ করছে আর তাদের কত সমস্যা,Positive,16,False
মেয়েটাকে ধন্যবাদ এরা মানুষ কে অনেক ঠকায়,Positive,7,False
এর থেকে অনেক খারাপ বাযে কেক বিক্রি করেন অনেক দোকানে সেগুলো কার চোখে পড়ে না,Negative,15,False
কি লোভনীয় চমৎকার,Positive,3,False
১৪ বছরকে ৮৪ বানানো কত সোজা,Neutral,6,False
ওয়াও মজার খাবার সব,Positive,4,False
নেশা খোর কোথাকার নিজেই চেগাইয়া দাড়াইয়া থাকো মানুষ তো কাজ ছাড়াই ভাত খায়,Positive,13,False
ভাইয়া চায়নার কুরিয়ার চার্জ কুরিয়া থেকে বাংলাদেশ শিপিং চার্জ এটা কত টাকা পর্যন্ত হয়ে থাকে আর চার্জ ২টা কি বুঝি নি শিপিং চার্জ তো একটাই থাকবে এটা একটু বুঝিয়ে দেন প্লিজ,Neutral,31,False
আমারো খুব পছন্দের,Positive,3,False
এই শালারেই বালতিতে ভরে খেয়ে ফেলেন কি অবস্থা,Negative,8,False
খালি হাত ব্যবহার করা উচিত নয় হাতে গোলোপস পড়া উচিত নয় চামিচ ব্যবহার করা উচিত,Negative,15,False
দামের তুলনায় মান ভালো,Positive,4,False
গাড়িতে সার্ভিস দেই,Neutral,3,False
খুব সুন্দর হয়েছে দাদাভাই তোমার বিরিয়ানি,Positive,6,False
ছরবদা এটা কি,Neutral,3,False
আমি বাবুচি লাগলে বলেন,Neutral,4,False
অনেক অনেক শুভেচ্ছা রইল,Positive,4,False
খাওয়ার অভিজ্ঞতা ভয়াবহ,Negative,3,False
এটা কোথায় ভাই,Neutral,3,False
খুব ভালো ছিল দিদি তোমার কথা,Positive,6,False
চাকরি করার চাইতে ব্যবসা করাই ভালো ব্যবসা হবে হালাল,Positive,9,False
খুব ভারী লাগে,Negative,3,False
সোহেলী আক্তার আল্লাহ পাক আরও কত কিছু দেখাবে আমাদের কে শেষ জামানার মানুষ আমরাকিয়ামত অতি নিকটে খাবার বুঝি এমনে দেয়,Negative,20,False
ঠিক বলেছ দেখেয় বমি আসছে আমি জীবনেও খাব না,Negative,9,False
কয় হাত লম্বা প্লিজ জানাবেন আর শারীর বহর কত,Neutral,9,False
এত বিক্রি হয়,Positive,3,False
ঘুষের টাকা যাদের আছে তারা পিচ ৮০০ টাকা দিয়ে কিনে খাচ্ছে,Negative,11,False
আমরা কি ছেড়ে দিব নাকি আমাদের বউদের উপর তাকাইলে আমরাও ময়মনসিংহের পলা ময়মনসিংহ,Neutral,13,False
আল্লাহ এই জানোয়ারদের থেকে আমাদেরকে হেফাজত করো আর ওদেরকে সঠিক বুঝ দাও,Negative,12,False
সুপার খালা,Positive,2,False
কেউ কিনবেন না,Negative,3,False
৫৫০০ টাকা কেজি হলেও ২৮ লক্ষ টাকা হতে গেলে ৫১০ কেজি মাংস হতে হবে,Neutral,14,False
টাইটান ৭৮ প্রাইস,Neutral,3,False
চুলকানির ফাইল,Neutral,2,False
আসল কথা বললেই ত হয় এত বিস্তারিত বলা টা বেশি হয়েছে,Neutral,11,False
আমি খেয়ে ছিলামপটুয়া খালি জলিলের হোটেলে,Neutral,6,False
কম ওয়া লাগে,Neutral,3,False
অসম্ভব তো না দুইজন মিলে চাইলেই পারে আবার এমনও হতে পারে উনার কর্মচারী আছে আমরা হিংসে না করে সহযোগী হই,Neutral,20,False
প্রশিক্ষণ দিয়ে কাজ করতে চাই ঠিকানা চাই,Neutral,7,False
খুশকি থেকে মুক্তি,Neutral,3,False
আমি সবাইকে ভালোবাসা দেই আমাকে কেউই ভালোবাসা দেয় না,Negative,9,False
শুক্রবার বন্ধ থাকে,Neutral,3,False
পডকাস্ট শুনে অনুপ্রাণিত হয়ে টিউশনির টাকায় ব্যবসা শুরু করে আজ ১ কোটি টাকার বিক্রিএটা সত্যিই এক অসাধারণ অনুপ্রেরণার গল্প স্বপ্ন দেখলে আর পরিশ্রম করলে যে সফলতা সম্ভব তার জীবন্ত উদাহরণ এই উদ্যোক্তা এমন কনটেন্ট আরও চাই,Positive,36,False
এদের মমো একটুও মজা না রে,Negative,6,False
এই খাবারটা দারুণ লেগেছে স্বাদে ভরপুর,Positive,6,False
ভাই কতো পিচ নিতে হবে খুচরা বেচেন,Neutral,7,False
মামার নাম্বার টা দিয়েন,Neutral,4,False
এই কাজে চাকরি কেউ হার মানাবে বাপু,Positive,7,False
খানা কম পায়খানায় বেশি মনে হয়তাছে,Negative,6,False
এরা সারা দেশের ব্যবসা নস্ট করতেছে,Negative,6,False
আমার পকেট থেকে নিয়েছে,Negative,4,False
আমার ও,Neutral,2,False
বেসিকেলি শুনতে শুনতে কান শেষ,Negative,5,False
দুধের বিয়িরানি নাকি,Neutral,3,False
বাংলাদেশ খেতে পায়না ভালো ভাবে,Negative,5,False
আেরে বইন তোরে যে পাইছে ওই হালায় অনেক লাখি শুধু খাওন আর খাওন,Neutral,13,False
অনেক লোভনীয় হয়েছে আপু দারুন মজার খাবার,Positive,7,False
দুনিয়াটা এত সহজ না বাংলাদেশের পেমেন্ট গেট ওয়ে খুলতেই আপনার হালুয়া টাইট হয়ে যাবে বহুত ওয়েবসাইট আছে যারা বাংলাদেশের সার্ভিস দেয় না বহুত ওয়েবসাইট আছে যারা ফ্রিল্যান্সিং নামে স্ক্যামার কাজ করিয়ে নিবে অথচ টাকা দিবে না অতএব সাংবাদিকদের এসব বানানো নকশা নাটক দেখে মোটিভেট হবেননা যা করবেন চিন্তাভাবনা করে করুন ইকুইপমেন্ট কিনে একবার টাকা ইনভেস্ট করলে আর এই টাকা উঠে আসবে না,Negative,62,False
তাই বলে বসে থাকবে,Neutral,4,False
ভাই বাংলাদেশে কি চামচ খতম হয়ে গেছে,Negative,7,False
ব্যবসা নয় সেবা এটা কোথায়,Neutral,5,False
তোয়া ফুড সাথেই বাবা মায়ের দোয়া ভাই ভাই ভেলপুড়ি ও ফুচকা খেয়ে একটা দেখেন ভেলপুড়ি প্রেমিকদের জানাও উচিৎ দিনাজপুরে সেরা ভেলপুরি হাই মামার ভেলপুরি হাজী দানেশ এর আপুরা ভিড় জমায়,Positive,30,False
মসলার নামই জানোস না,Negative,4,False
ভাইয়া মুন্ডি কিভাবে বানাতে হয়একটু দেখাবেন প্লিজ প্লিজ প্লিজ,Neutral,9,False
শুভ রাএী,Neutral,2,False
খুব আলাদা কিছু না,Neutral,4,False
সঠিক সময় সঠিক ভিডিও কারণ দুইদিন পরে কম্পিউটার কিনবো,Positive,9,False
চাচার উতর চাচি সেই দিয়েছে,Neutral,5,False
ওদের কাজ নাই কোন,Negative,4,False
সময়মতো আসেনি,Negative,2,False
সত্যি ভাইজান সত্যিই অসাধারণ লাগে সেই স্বাদ,Positive,7,False
বুঝলাম না প্লিজ,Neutral,3,False
সারারাত লাগলো মিরপুর তে জাইতে,Neutral,5,False
ভাই আমি আপনার সাথে যোগাযোগ করতে চাই প্লিজ আপনার হোয়াটসঅ্যাপ নাম্বারটা কিভাবে পাব একটু বলবেন,Neutral,15,False
আপু ম্যাক্সিমাম মেয়েদের পছন্দের তালিকায় আছে মনে হয়,Positive,8,False
ভাই হাতের হ্যনগালাপস কোথায় এটাতো ঠিকনা,Neutral,6,False
আমার মহান আল্লাহ সুবহানাহু ওয়াতাআলা আপনাকে হায়াত এ তৈয়্যিবা দান করুন আমিন,Positive,12,False
আমারতো মা নেই গত ৩০ সেপ্টেম্বর ২০২৪ আমার মা ইন্তেকাল করেছেন মহান আল্লাহ যেনো আমার মা কে জান্নাতুল ফেরদৌস দান করেন আমীন আপনাদের কাছে দুয়া চাই আমার মায়ের জন্য,Negative,29,False
খুবই লোভনীয় দেখতে হয়েছে,Positive,4,False
অ্যাপ্লিকেশনের এনিমেশন খুবই নিম্ন,Negative,4,False
এখানে আমাদের একটা ফোন চুরি হয়েছিল জিন্দাবাজার থেকে কাগজ নাই,Negative,10,False
আপনার কি টিন সাটিফিকেট আছে,Neutral,5,False
জিহা গরমে হাসের মাংসের ঝোলের সাথে যারা খাবার পরিবেশন করে তাদের ঘামের ঝোল মিশে একাকার এইটাই বাংলাদেশের সত্যি,Negative,18,False
যেরকমটি আমি ভেবেছিলাম সেরকমই প্রোডাক্টটি আমি পেয়েছি ব্যবহার করেছে কিন্তু অন্যান্য প্রডাক্ট যেভাবে কাজ করে তার থেকে একটু কম কাজ করে এই প্রোডাক্টটা পা বেশি ঘামে না কিন্তু গন্ধটা বেশিক্ষণ থাকে না,Negative,32,False
ক্যামেরা ভাল না,Negative,3,False
এইগুলো কপিজাস্ট ওই একটুই চলবে,Negative,5,False
একের অধিক প্রোডাক্ট অর্ডার করার জন্য কি করতে হবে,Neutral,9,False
কেমনে নিবো,Neutral,2,False
একটাও ভালো কমেন্টস পেলাম না তারপরও এত চাপাবাজি করার সুযোগ পায় কিভাবে এরা,Negative,13,False
ইয়ান কি যয়দব পুরের কাঠ বডি নি,Neutral,7,False
হাতে পলিটিন বানতি কন হাগে ছোচে,Negative,6,False
ভাই লোকেশন কোথায়,Neutral,3,False
এই নোয়াখাইলা দাম বেশী রাখে,Negative,5,False
দেশের ভাবমূর্তি নষ্ট করছে গুটি কয়েক এমন ব্যবসায়ী,Negative,8,False
লবণাক্ত ঘাম মাখা ঝাল,Negative,4,False
ধন্যবাদ ভাইয়া,Positive,2,False
চাঁপা কম মাররে ভাই ঢাকা শহরের দুইটা বাড়ির মালিকরা তোর ঝোডা খাবার নিতে আইসেনা,Neutral,14,False
ভাই আমারে কেও বলবেন সাভার থেকে চকবাজার জামু কেমন,Neutral,9,False
ডাকাতি করে নিয়েছে,Negative,3,False
মাশাল্লাহ অনেক সুন্দর রান্না বিক্রি৮০০টাকা মাত্র,Positive,6,False
লাগা দোকান,Neutral,2,False
এত খাবার আপনি কিভাবে খান আপু পেট খারাপ হয় না,Negative,10,False
দেখতে সুন্দর লাগছে কিন্তু ন্যূনতম হাইজিন মানা উচিত,Neutral,8,False
একজন মহিলা সারা দিনে ২৪ ঘন্টায় ২০৩০ কেক বানাতে পারবে আর সে কীভাবে ৫০৬০ কেক বেঁেচে,Neutral,16,False
সন্ধি বানাচ্ছে নাকি,Neutral,3,False
পরিবেশ আরও পরিষ্কার হওয়া উচিত,Positive,5,False
আমি এই বিজনেসটা করতে চাই,Positive,5,False
কি মুড়ি খান ভাই,Neutral,4,False
এই শীতে হাঁসের সংকট দেখা দিবে বাংলাদেশে,Neutral,7,False
ভাই তুমি ভিডিও করে দেখে তোমারে বেশি দিছে,Neutral,8,False
কুরিয়ার করার ব্যবস্থা থাকলে ভালো হত,Positive,6,False
করিমউল্লাহর প্রায় সবকটা চোর ব্যবসায়ী,Negative,5,False
সাব্বাস ভিটি,Positive,2,False
কোথায় পাওয়া যাবে,Neutral,3,False
লোভনীয় আইটেম ভাই এই গুলা ভিডিও দিবেন জিব্বাহ পানি এসে যায় দেখলে,Positive,12,False
ত্বক শুষ্ক হয়ে গেছে,Negative,4,False
দুধ চা না রং চা,Neutral,5,False
এরা হচ্ছে বাঙালী জাত এর আগে মিডিয়া ও ইউটিউবার মিলে মিজানের ভাতের হোটেল খেয়ে দিছে এবার স্বামী ও স্ত্রীর কেক এর ব্যবসা খেয়ে দিবে এটা ১০০,Neutral,26,False
পেজের নাম কী,Neutral,3,False
মাশাল্লাহ অনেক সুন্দর হয়েছে আপু রান্না,Positive,6,False
৩০ দিয়ে এটা নেওয়া মহৎ কাজ না,Negative,7,False
চামড়ার ব্যবসাও করেন,Positive,3,False
একমাত্র আপনার রান্না দেখে ট্রাই করলে অনেক মজা রান্না এবং সবাই প্রশংসা করে,Positive,13,False
বাচ্চার গায়ে সুন্দর লাগছে,Positive,4,False
মানুষ কতো টা নিচে নামলে এসব খাবার খায় কুত্তা এক প্রকার,Negative,11,False
গুড়া মাছ না চোদনা চিংড়ি মাছ ভুনা,Positive,7,False
এমন সুন্দরী দোকানদার হলে তো বিক্রি তো হবেই,Positive,8,False
অসুবিধা নাই খুবই ভালো লাগলো অনেক শুভ কামনা ও দোয়া রইল,Positive,11,False
চুতমারানি বারোভাতারি,Negative,2,False
আপনার ঠিকানা দিন দেখা করতে চাই,Neutral,6,False
চুলহা কড়হাই,Neutral,2,False
শালার ব্যাটা তোর জন্য চামচ নেই না হলে গ্লাপ্স নেই যেভাবে হাত দিয়ে ঘাটাঘাটি করে কিভাবে মানুষ নিয়ে খায় এটা,Negative,20,False
ওয়াও অসাধারণ আপু,Positive,3,False
সাথে ওষুধ নিয়ে যাবেন,Negative,4,False
বাংলাদেশের জাতীয় খেলার নাম হাডুডু কেন জানেন কারণ হাডুডুতে দেখবেন একজনকে আরেকজন ধরে রাখে আগাতে দেয় না আর এই প্রতিভা শুধু মাত্র বাংলাদেশিদের ভিতরেই আছে এজন্যই বাংলাদেশের জাতীয় খেলা নাম হাডুড,Neutral,31,False
দেখতে অনেক সুন্দর হয়েছে,Positive,4,False
মরা হাঁসের মাংস অসাধারণ লাগবে ভাই মরা তো তাই খান ভালো করে খান,Positive,13,False
আরও পাগল ভাই চা বিক্রি করে,Neutral,6,False
স্ট্রেচ মার্ক সমাধান,Neutral,3,False
চমৎকার আপু পাশে থাকবেন,Positive,4,False
হোটেলে কিসের ব্যাবসা করে,Neutral,4,False
বাংলাদেশে কে কে আছো আমার সাথে যুক্ত হয়ে যাও একটা ফলো দিয়ে,Neutral,12,False
মারুফ ভাই খুব ভালো নম্র ভদ্র,Positive,6,False
বিষয়টা সবার সামনে আনা দরকার ছিল,Positive,6,False
বাংলাদেশের মানুষ হচ্ছে অকৃতজ্ঞ একটি জাতি কেউ কারো ভালো দেখতে পারে না পৃথিবীতে আর কোন জাতি আছে কিনা আমার জানা নাই যারা একে অন্যের সুখ দেখতে পারে না,Positive,28,False
কিসের দুধের চা,Neutral,3,False
গাড়িবাড়ি সব কিছু থাকলেও উনি পরিশ্রম করে রোজগার করেন এর জন্যে উনাকে ধন্যবাদএইরকম কজন আছে মানুষের জানান দেওয়ার দরকার নেই,Positive,20,False
ঠিক কথা বলেন ভাই,Positive,4,False
এটা হকার্স এর ২ তলায়,Neutral,5,False
ভুয়া জামদানি শাড়ি,Negative,3,False
দরজির কাছে প্যান্ট চাপানোর ভিডিও দিন,Neutral,6,False
এইভাবে মুখোশগুলো খুলে দিলে ভালোই লাগে কত শত বোকা লোক যে এসব লুটেরা দের পাল্লায় পড়ছে হিসাব নেই,Neutral,18,False
আমিও কিছু করতে চাই কিন্তু কি করবো ভেবে পাইনা,Neutral,9,False
যতগুলো ইউটিউবার আছে সবগুলো থেকে একজন একজন করে সপ্তাহে প্রতিদিন ডিউটিতে লাগাইদেন,Neutral,12,False
২৮ অক্টোবর ফোন চুরি জিডি আছে,Negative,6,False
এটা কোন দরনের দোকানদার হাত দিয়ে তরকারি দিচ্ছে এটা কি কোন ভালো কাজ হলো সবাই এটা শেয়ার করবেন যেন সবাই দেখতে পারে,Negative,22,False
মনির ভাই খুবই ভালো মানুষ,Positive,5,False
হাতে নেই কোনো গ্ল্যাবস মুখে মাস্ক নেই পুরো শরীর এই চানাচুর আর অন্যান্য উপকরণ দিয়ে একাকার হয়ে আছে তারপরেও এইসব খাবার নিঃসন্দেহে আমার বান্ধবীর খুব প্রিয়,Negative,26,False
সবার আগেই আপনি বেশি করে করে খান কারণ আপনি অনেক শুকিয়ে গেছেন,Neutral,12,False
এটা কি হোম ডেলিভারি হবে,Neutral,5,False
কোন বিয়ে বাড়িতে চিকেন কাচ্চি দেয় কোনদিন খাই নাই জানার ইচ্ছা রইলো,Neutral,12,False
আমারতো তোমারে ভালো লাগে,Positive,4,False
তোমার রান্না অনেক ভালো লাগে,Positive,5,False
কি যে লোভনীয় লাগছে এখন আমাকে কে খাওয়াবে,Positive,8,False
ওই গুলা কি গোয়ার কৃমিগোয়ার ভিতরে নোক দিয়ে বেড় করছে,Negative,10,False
আমার একবার বলেছিলআমি বলেছিলাম তারপর নিয়েছিল,Neutral,6,False
বেতন কত আমি করব,Neutral,4,False
ডাল ভাঙা বেশি,Negative,3,False
ভাই মোটামুটি কত টাকা পুঁজি দিয়ে ব্যবসায় নামতে পারি,Neutral,9,False
উনাকে শান্তি মতো ব্যবসা করতে দিন যাকে ভালো লাগে না সে খাবেন না,Neutral,13,False
কেক ক্ই শুধু ক্রীম এ ভরা,Neutral,6,False
ভাজা মাখাচ্ছে না গায়ে মাখছেরুচি থাকা দরকার,Negative,7,False
ঠিকানা টা দিন,Neutral,3,False
খুবই সুন্দর ভিডিও,Positive,3,False
মেখাপ করে রান্না করতে আসে,Neutral,5,False
আরও দুই ভাই চোরাই ফোন ব্যবসা করে,Negative,7,False
এইসব ভাইরাল বিক্রেতার খাবার খাওয়া থিকে বিরত থাকাই ভালো,Positive,9,False
দেখেই বমি আসছে,Negative,3,False
বা টপারী ব্যবসা কসমেটিকস,Neutral,4,False
খাজনা চাইতে বাজনা বেশি মালের দামের চাইতে শিপমেন্ট কস্ট বেশি বেশি,Negative,11,False
কত্ত সুন্দর,Positive,2,False
এইচ এম আব্দুল আহাদ,Neutral,4,False
কোর্স ফি,Neutral,2,False
টাকা গাছে ধরে এদের,Negative,4,False
ঠিক বলেছ,Positive,2,False
হাতে একটা কিছু পরলেও পারতো,Neutral,5,False
পুন মারতে কেক খাইতে যায়,Neutral,5,False
শেষ ব্যাবসায় লাল বাতি,Neutral,4,False
আসসালামুয়ালাইকুম ভাই আপনি কেমন আছেন কম্পিউটার সাজাতে যা যা লাগে একটু লিস্টটা পাঠাবেন দয়া করে,Neutral,15,False
আসসালামু আলাইকুম কেমন আছেন ভাইয়া ফুল ভিডিওটা দেখে নিয়েছি খেতে ইচ্ছে করছিল ট্রাই করে দেখুন ভালো লাগলো রেসিপি শেয়ার করার জন্য ধন্যবাদ,Positive,22,False
যারা খাইবো তারা খারাই খারাই হগু করে দিবো,Negative,8,False
প্রিয় মারুফ ভাই উনি আমার বেডমিন্টন টিচার খুব ভালো মনের মানুষ প্রিয় ভাইয়া আমি শাওন আপনার স্টুডেন্ট হবিগঞ্জ মাধবপুর থেকে বলছি আপনাকে প্রায়ই মিস করি,Positive,25,False
ভাই কাজটা ভালো,Positive,3,False
ভাইরাল হইলে বাংগালি গু খাইতেও ভিড় জমাবে,Neutral,7,False
আরো ক্যামেরাম্যানদের সামনে গিয়ে আরো চাপাবাজি করেনএই আপনি ও আপনার ব্যবসা হোগামারা খায়া গেলেনএইজন্যেই ব্যবসা ভালো চলুক বা মন্দ কোন সময় ক্যামেরা সোশ্যাল মিডিয়ার লোকদেরকে কাছে ঘেষতে দিতে হয় নাতাহলে আজকে আর এত কিছু হইতো নাওই লোকটা সুন্দরভাবে তার বিজনেস করত সাধারণ মানুষ ও সুন্দরভাবে খেত,Positive,46,False
এই চোর জালিয়াতি চ্যাচ্চোর দোকানদার গুলো কলকাতার ঐতিহ্য নষ্ট করে,Negative,10,False
ডাচ বাংলা ব্যাংকের একাউন্টের মাধ্যমে টাকা নিচ্ছে এখন আমি কি পদক্ষেপ নিতে পারি আমাকে প্লিজ পরামর্শ দিয়ে হেল্প করবেন,Neutral,19,False
ধান্দা ও আছে আপনার মতো ইউটিউওবার দের কৌশলে চিপায় ফেলে ধান্দা করে হাতিয়ে নেন,Negative,14,False
লোকেশন টা কই গোস্ত,Neutral,4,False
এদের কে শাস্তি দেয়া দরলার,Negative,5,False
ফাজলামো করার জায়গা পায়না,Neutral,4,False
গ্রামের চাচাতো ভাই,Neutral,3,False
ধন্যবাদ ভাইয়া আপনার টেকনিক ব্যবহার করে দুইটা এক্সপোর্ট পেন্ট পাইছি,Positive,10,False
এখান থেকে মোবাইল কিনলে সাথে ফ্রী থাকবে সেনাবাহিনীর মার,Negative,9,False
এতো কমে কোন জামদানী শাড়ি পাওয়া যায়,Negative,7,False
মাশা আল্লাহ অনেক সুন্দর হয়েছে,Positive,5,False
নোংরা ও অস্বাস্থ্যকর খাবার,Negative,4,False
ভাইরাল হওয়ার শখ হইছে ফালতু নিউজ যদি তার টাকায় থাকে তাইলে ভাইরালের কি দরকার এখন তার সিকিউরিটি কে দিবে কোটিপতি অনেকেই আছে কিন্তু ভাইরাল না কারণ তাদের জীবন বলে একটা জিনিস আছে আর ভাইরাল হলে তো জীবনের কোন সিকিউরিটি থাকবে না,Negative,41,False
খুব সুন্দর হয়েছে রান্নাটা,Positive,4,False
দাদা রেডি থাকেন আইতাছি আমিও যামু,Neutral,6,False
ভাইযেরা আপনাদের কমেন্টের কারনে বাছলাম,Neutral,5,False
বাংলাদেশের মানুষ কেন হাতে গ্লাভস ব্যবহার করে না এতো নোংরা,Negative,10,False
আমিও খাবো এখন চিন্তা করতেছি,Positive,5,False
আমার বারি সুনামগঞ্জ জেলা তে,Positive,5,False
শোরুম কোথায় আপনাদের লোকেশন দেন,Neutral,5,False
করিম উল্লাহ মার্কেট চুরাই মুবাইলের আড়ৎ আর বেশীর ভাগ মোবাইল দোকানদারের ব্যাবহার খারাপ,Negative,13,False
পেমেন্ট ভেরিফিকেশন দেরি,Negative,3,False
লাফালাফির দরকার নেই পরিষ্কার রাখলে সবাই খেত,Negative,7,False
টাকা নষ্ট মনে হচ্ছে,Negative,4,False
ভাই আপনাদেরকে খুব ধন্যবাদ প্রোডাক্ট ক্রয় করতে চাই কিন্তু পারিনা,Positive,10,False
ভাই কোন জায়গায় আমার মন চাইছে খাইতে,Neutral,7,False
ফাহিম ভাই মানে মাটির মানুষ,Positive,5,False
স্কাইফোর্স বিশ্বস্ত প্লাটফর্ম আমার এডভান্স টাকা ফেরত দেয় আলহামদুলিল্লাহ,Positive,9,False
আমার ফোন টা চুরি হয়ে গেছে ওসমানী মেডিকেল থেকে,Negative,9,False
কথা বাস্তব,Positive,2,False
মাশাআল্লাহ চমৎকার একটা ভিডিও,Neutral,4,False
আমিও হাসে মাংসের দোকান দেবো,Positive,5,False
এটা একবার খেলে বারবার মনে পড়ে,Positive,6,False
হাঁসের দোকানের পাশের দোকান দুধ খেতে হলে ভাই আস,Positive,9,False
একদম পুরাই ফালতু আর যাবোনা,Negative,5,False
সুন্দর তো,Positive,2,False
এই দেশে প্রকাশ্যে চোর বাজার চলে,Negative,6,False
বালের ভ্লগার তুমি যাও দের ভ্লগ দেখে আসো কিছু শিখবে,Negative,10,False
ধন্যবাদ প্রশাসনকে,Positive,2,False
ভাই সব মিথ্যা,Negative,3,False
টাকা গুলো নকল না আসল ছেরা টাকা দিয়ে নতুন টাকা কেনা যায় বুঝলেন,Positive,13,False
উনার স্ত্রীর কেক বানানোর একটা ভিডিও দিতে বলুন তাহলেই সত্য বের হয়ে আসবে,Neutral,13,False
অসংখ্য ধন্যবাদ তোমাকে ধৈর্য ধরে কাজ করে যাচ্ছো বিধে আজ তুমি অনেক দূর এগিয়ে আছো ইনশাল্লাহ আরো সামনে এগিয়ে যাবে দোয়া ও ভালবাসা রইল,Positive,24,False
বিরিয়ানি মানে ভালোবাসা,Positive,3,False
খুব হতাশাজনক খাবার,Negative,3,False
যারা নতুন একে অপরের পাশে থাকি,Positive,6,False
হায় হায় সিমি আপুর গাড়ি বাড়ি সব হয়ে গেল নাকি,Neutral,10,False
কারিগুরী আছে দাদা,Neutral,3,False
তোমার সী ফুড রান্না দেখতে খুব ভালো লাগলো খেতে খুবই লোভনীয় হয়েছে মনে হচ্ছে,Positive,14,False
সুস্থ মানুষের খাবার না এগুলো,Negative,5,False
মজার খাবার আপু,Positive,3,False
প্রথমবার খেলেও মনে হয়েছে সেরা,Positive,5,False
ক্যামেরার সামনে বেশি বেশি এ দেয়,Neutral,6,False
রূপে না হলেও হাসিতে ঠিক পৃথিবীটা জয় করে নিতে পারবো আমার হাসিতে সবাইকে মোহিত করে তুলবো,Positive,16,False
আপনাদের তো একটা ওয়েবসাইটই দেখতে পাচ্ছি না সবার আগে ওয়েবসাইট থাকা জরুরি,Negative,12,False
খাওয়ার পর খুব তৃপ্ত,Positive,4,False
আপনার ঠিকানাটা বলবেন,Neutral,3,False
অসাধারণ ছিলো,Positive,2,False
চমৎকার লাগছে,Positive,2,False
লোকেশন কোথায় ভাই,Neutral,3,False
আমাদের দেশের লোকের একটাই সমস্যা কেউ যদি কোন কাজ করে সেটাকে নিয়ে বিনোদন শুরু করে দেয়,Neutral,16,False
পুরা বাটপার,Negative,2,False
এখানে কি শুধু নেহারি হয়,Neutral,5,False
হোটেলের ব্যবসা করলে আরো বেশি বাড়ি গাড়ির মালিক হতেন,Neutral,9,False
সেই দিছে,Positive,2,False
ভাই এসব মোবাইল কিনলে পুলিশ ঝামেলা করবে না যদি থানায় জিডি করা থাকে,Negative,13,False
হাঁসের মাংস অনেক লোভনীয় হয়েছে দেখতে,Positive,6,False
আমার এত পরিমাণ চুল পড়ে যাচ্ছে,Negative,6,False
বাংলাদেশ এর নাকি কোন লোকেশনে জানাবেন প্লিজ,Neutral,7,False
আরে শালার পুত ঠিকানা বল,Neutral,5,False
আমার একটা ফোন চুরি হয়েছে,Negative,5,False
বা আন্টির অনেক গুণ,Neutral,4,False
দারুন একটা রেসিপি চিকেন,Positive,4,False
আরে ভাই প্রতিদিন যে টা কেক আনছে সে তাইলে বাসি পচা কেক তো আর আনছে না যার মনে ভয় তার খাওয়ার দরকার নেই,Neutral,23,False
হাঁসের দোকানের পাশের দোকান চা পাওয়া যায়,Neutral,7,False
মেথির গল্প ছোট কাল থেকে শুনতেছি আর কি শুনবো,Neutral,9,False
পেজ টা ফলো দিয়ে পাশে থাকবেন,Neutral,6,False
ভাই এগুলো পচা খাবার গন্ধযুক্ত আমি নিয়েছি তাই আপনাদের সতর্ক করলাম কেউ প্রতারিত হবেন না,Negative,15,False
বাটপারে কথাবার্তা চিটারি বাদ দিয়ে সত্য কথা সত্য ব্যবসা ভালো হবে,Positive,11,False
এডা বলে হিডেন প্লেস,Negative,4,False
এসব খাবার খেলে গ্যাস হবে,Negative,5,False
হতে পারে জাকিরের বউ পর্দা করে তাই ক্যামেরার সামনে কেক বানায়নি আর যেহেতু সে কেক বানায় সে ক্ষেত্রে কেক বানানোর উপকরণ পাওয়া যাবে মূল বিষয় হল ভেজাল বা অস্বাস্থ্যকর পরিবেশ আছে কিনা,Neutral,32,False
খুব সুন্দর ভাই কিন্তু খাবারগুলো আদৌ সুস্বাস্থ্য সম্পন্ন কিনা একটু জানা দরকার,Neutral,12,False
ভাইয়া চাউলটা ঠান্ডা পানি নাকি গরম পানি একটু বলবেন,Neutral,9,False
ভাই আর বইলো না আমি কিন্তু এবার কানমু এগুলা কি করতা ছে এই বেডি,Negative,14,False
আমাদেরকে তো সাপোর্ট করেন না,Positive,5,False
আমার ফোন চুরি হয় ২৮ অক্টোবর২০২৪ শাহপরান থানায় জিডি করা আছে,Negative,11,False
আমার ছেলের একটা মোবাইল চুরি হয়ে গেছে গোলাপগঞ্জ থেকে নিয়ে রামদা বাজার এর মধ্যেখানে,Negative,14,False
প্রয়োজন হলে ইনবক্স করুন শুধু মেয়ে মহিলারা,Neutral,7,False
সাপোর্ট লাগবে কার কার,Neutral,4,False
ফেক ফোন,Negative,2,False
আলহামদুলিল্লাহ ভালো সবাইকে ধন্যবাদ,Positive,4,False
ব্যবহার করে স্বস্তি,Positive,3,False
মারুফ ভাই ভালো মানুষ ওনার থেকে দুইটা র্যাকেট কিনেছি দুইটাই ভালো,Positive,11,False
সেদিন আমি হেলিকপ্টার থেকে নেমে আনলাম কারন ওর হাতের ঘেটা মাংস পৃথিবীতে বিরল,Positive,13,False
লোকেশান টা কোথায়,Neutral,3,False
মসলা ঠিকঠাক,Neutral,2,False
কী অদ্ভুত,Neutral,2,False
ভাই আপনারা ভুল ভিডিও দেখান কেন যেটা সত্যি সেটা দেখান না,Negative,11,False
আমার প্রিয় খাবার,Positive,3,False
মানুষ শুধু হিংসা করে ভালো কাজ কারো সহ্য করে না,Positive,10,False
আমি ভালো রান্না করতে পারি,Positive,5,False
মুখে পানি চলো আসলো,Positive,4,False
মেয়েদের জাতীয় খাবার,Positive,3,False
ভাই ৪ টা বিয়ে করতে পারবে,Neutral,6,False
আরেকটু স্লো কথা বললে সুন্দর হবে,Neutral,6,False
দুধ খেতে হলে ভাই আসতে হবে সবাই,Neutral,7,False
খুব মজা খাবার,Positive,3,False
বিক্রেতার রেসপন্স ভালো ছিল,Positive,4,False
করা যায় না আপু,Neutral,4,False
বাংলাদেশের কিছু কিছু মানুষ এমনই বানানো বন্ধ দেয়া এবার সবার শান্তি,Neutral,11,False
খালার টেকসই আছে,Positive,3,False
খুব সুন্দর অভিজ্ঞতা পেয়েছি,Positive,4,False
কাপড়টা একদম নতুন ছিল,Positive,4,False
খুব সুন্দর ভাইয়া আমি ট্রাই করবো,Positive,6,False
মরা মুরগির খাবার,Negative,3,False
কোন যায়তা,Neutral,2,False
পোশাক হাতে পেয়ে খুশি,Positive,4,False
হাঁসের দোকানের পাশে চায়ের দোকানে চা পাওয়া যায়,Neutral,8,False
মা ইলেকট্রনিক থেকে মাল নিছি সব দুই নাম্বার,Negative,8,False
সহজে ব্যবহারযোগ্য,Positive,2,False
আমি নতুন,Neutral,2,False
কেনার সময় দাম অনেক বেশি যতই বলুক,Negative,7,False
এগুলো খাওয়া থেকে বিরত থাকুন,Negative,5,False
তোরে আমি কিছু চামচ কিনে দিতে চাই,Positive,7,False
সুইচের দাম অস্বাভাবিক বেশি,Negative,4,False
এই দামে এর চেয়ে ভালো আশা করেছিলাম,Negative,7,False
হুজুগে নির্বোধের লাইন,Negative,3,False
খুব ভালো কাজ করছেন আপু,Positive,5,False
আমি ভালো বাবর্চি আমাকে রাখতে পারেন আমার ছুটি ও লাগবে না কারন আমি অবিবাহিত,Neutral,14,False
ধরে ফায়দা কি,Negative,3,False
রেডিমেড কে হোমমেড বলে প্রতারণা,Neutral,5,False
অতিরিক্ত নোনতা আর একদম খাওয়ার মতো না,Negative,7,False
এমন তাজা গরুর মাংস খুব খেতে ইচ্ছে করে কিন্তু সমর্থ নেই যে,Neutral,12,False
আপনাদের সাথে যোগযোগ করব কিভাবে আমার ফোন ছিনতাই হইছে,Neutral,9,False
ভিডিও দেখছি ভালো লাগছে ব্যবসা করতে চাই চাই,Neutral,8,False
প্রতিভা ভালোই বড়ো,Positive,3,False
স্বাদে কোনো অভিযোগ নেই,Positive,4,False
চুরি হয়েছে,Negative,2,False
আমি করব ভাই আমি টেকনাফ থাকি আমি সব পারি,Neutral,9,False
আমার আব্বু ভাইও এরকম দামাদামি করেন,Neutral,6,False
অনেক বেশি ভালো লাগছে,Positive,4,False
ভুল প্রোডাক্ট পাঠিয়েছে,Negative,3,False
সালাদের ব্যবহার ভালো না,Negative,4,False
অসাধারণ ভিডিও দাদা,Positive,3,False
আমি চেখেও দেখব না,Negative,4,False
চোর বাজার থেকে সেট কিনছিল সিম ঢুকাতেই পুলিশ স্টেশন থেকে ফোন দিল,Negative,12,False
শুধু থুথু আর ধুলাবালি না উপর দিয়ে পাখি যায় তারাও সস ডাইলা দিয়া যায়,Negative,14,False
এই গুলো কোন জাগায় পাওয়া যায়,Neutral,6,False
টা একটু লিখে দিন,Neutral,4,False
খুব ভালো প্রক্রিয়া কিন্তু বাড়িতে বানানোর জন্য খুব জটিল,Neutral,9,False
আপনি ঠকে গেছেন ভাই বারোশোতেই নিতে পারতেন,Negative,7,False
হোম ডেলিভারি দেয়,Positive,3,False
অসাধারণ খাবার বিক্রি করতেছেন,Positive,4,False
এটা তো ফোন কেনা নারে ভাই পুলিশ পাছার সাথে যুলায়ে আনা,Negative,11,False
সব খরচ মূলধন থেকে দিতে হবে নাকি,Negative,7,False
আজকাল মানুষের হাতে অনেক টাকা হয়ে গেছে সেজন্য এত টাকা দিয়ে উটের মাংস কিনে খাওয়ার জন্য লাইন ধরে আছে হায়রে টাকা টাকার কোন মূল্যই নাই,Negative,25,False
বোঝাই যাচ্ছে বাটপার,Neutral,3,False
খুব সুন্দর হয়েছে ভিডিওটি,Positive,4,False
মানুষের অনেক দেশে থাকার সুযোগ হয়েছে আমার অভিজ্ঞতা থেকেই বলছি এক বাঙালী উপরে উঠতে গেলে আরেক বাঙালি পা ধরে টেনে ধরে নিচে নামানোর জন্য পুরা পাই পাই হিসাব নিয়ে বসছে কত সময় লাগে কতটা বানানো যায়ভালো লাগলে খাবেন আর ভালো না লাগলে খাবেন না তাদের জোর করে খাওয়াতে হবে না,Positive,50,False
আপনার থেকে অনেক কিছু শেখার আছে,Positive,6,False
আবার নেবো কিনা ভাবছি,Neutral,4,False
চলে আসুন ভাই,Positive,3,False
টাকার ঘড়ি টি দিবেন,Positive,4,False
চলো যাই,Positive,2,False
খুব মজার খাবার লাগছে,Positive,4,False
আরো বেশি করে খাব,Positive,4,False
ভাই দয়া করে এর লিংক দিবেন প্লিজ,Neutral,7,False
পরিশ্রম কখনও বেইমানি করে না,Positive,5,False
ফল মাঝারি,Neutral,2,False
এরাই আসল উদ্দোক্তা শুভ কামনা,Positive,5,False
খুব সুন্দর পরামর্শ,Positive,3,False
অনেক ভালো করেছেন আপু দোয়া রইল আপনার প্রতি,Positive,8,False
দেখেই জিভে জল এসে গেল,Positive,5,False
টাকা ছাড়া কিভাবে,Neutral,3,False
আমাদের আঞ্চলিক ভাষায় এটাকে খাটা বলে আগের দিনে মিলাদ মাহফিলে শিন্নিতে দেখা যেত এখন আর দেখা যায় না আগের মত,Neutral,20,False
ওয়েবসাইটে তথ্য পরিষ্কার না,Negative,4,False
আপনাদের টাকার জন্য কত লে বলেন,Neutral,6,False
আপু নিয়মিত শসা এবং আলুর রস লাগান আশা করছি ঠিক হয়ে যাবে,Positive,12,False
ইন্ডিয়া যেসব ফোন ২০০০০ টাকা তা আমাদের দেশে ৩০০০০ বা এত টাকা দিয়ে এসব ফোন কিনবে কে,Negative,17,False
খাওয়াইবা নি,Neutral,2,False
রিজেক্ট মাল,Negative,2,False
বেশ দিয়েছে,Positive,2,False
আপনার ভিডিও ভালো লাগে,Positive,4,False
পণ্য ভাঙা অবস্থায় এসেছে,Negative,4,False
আমার কাছে অত ভাল লাগে নাই মোটামুটি,Neutral,7,False
গুদমারানির ব্যাটা আর কোন কনটেন্ট পায়না,Negative,6,False
কলকাতার নোংরামি,Negative,2,False
রাতে না দিনে বিক্রি হয়,Neutral,5,False
এদেরকে বিচারের আওতায় আনতে হবে,Negative,5,False
এরকম উদ্যোগ প্রত্যেকটা জেলায় নেওয়া উচিত বেঁচে থাকলে যাব ইনশাআল্লাহ অনেক ভালো কাজ,Positive,13,False
আমার ২টা,Negative,2,False
আমি ও আগেই বলেছি এটা অসম্ভব,Neutral,6,False
কলকাতার ফুটপাতের লোক গুলা খুব চুতিয়া,Negative,6,False
খাটো জিনিস আনবো,Neutral,3,False
ওরে ভাইরে কি অভিজ্ঞতা,Neutral,4,False
মাশাল্লাহ দেখতে তো অসাধারণ লাগছে আশা করি খেতে ভালো লাগবে,Positive,10,False
আহা আহা,Positive,2,False
ওয়াও অনেক লোভনীয় খাবারের আয়োজন,Positive,5,False
কাপড় খুব পাতলা,Negative,3,False
গন্ধটা খুব সুন্দর,Positive,3,False
উফ সেই স্বাদ গিলা কলিজা তাও আবার ভুনা,Positive,8,False
এই সিরামটি কি শুষ্ক ত্বকে ব্যবহার করা যাবে,Neutral,8,False
মাস্টার রান্না খুব সুন্দর হয়েছে দেখতে মজা লাগছে খেতে তো সেই সব হবে,Positive,13,False
সাব্বাশ মা,Positive,2,False
সেম ড্রেসিং টেবিলটা আমাদের বাসায় ছিল অনেক আগে সেগুন কাঠের কিন্তু এখন আর নেই,Neutral,14,False
ভাই আপনি বেইছেন ভালো কথা কিন্তু এত গ্লাস পড়ে নিলে ভালো হতো,Negative,12,False
চালিয়ে যান,Positive,2,False
আমার ফোন চুরি হয় ৬ মে ২০২৫ শাহপরান থানায় জিডি করা আছে,Negative,12,False
আমি যতবার বিরানি রান্না করতে গেছি কিছুরি হয়ে গেছে,Negative,9,False
মেশিনের দাম কতো,Neutral,3,False
এই দোকান কোন জেলায়,Neutral,4,False
আমার শ্বশুরবাড়ির সিলেট আমি বড়ই মিঠা শুনছি কিন্তু লম্বা মিঠা তো শুনি নাই,Neutral,13,False
জল এসে গেছে মুখে,Positive,4,False
পুরো সেটআপ কত দাম,Neutral,4,False
এরা শুধু ভিডিও তে ভিউ বাড়াতে চায়,Negative,7,False
স্বাদে আগের মতো নেই,Negative,4,False
কে বলেছে এটা চোরাই বাজার এটা সস্তা ও গরিবের বাজার,Positive,10,False
আমার কাছে ইলেকট্রনিক জিনিস আছে কম দামে,Neutral,7,False
এই ফুড ব্লগাররে ধইরা বুড়িগঙ্গ ার পানিতে ভালো মতো চুবান দরকার,Negative,11,False
খুব লোভনীয় লাগছে দেখতে,Positive,4,False
ফোনটার স্পেক অনুযায়ী ২৫ এর নিচে হলে ভালো হতো কারণ এই দামে মার্কেটে আরো ভালো খেলোয়াড় আছে যেমন,Negative,18,False
বউ নামালেই ব্যবসা ভাইরাল,Neutral,4,False
২৫ হাজার তো লাগে নাই এটা বানাতে লাগছে ১০ হাজার ডাবল ইনকাম হচ্ছে ডাইনিং টেবিল বিক্রি করে এটার মধ্যে কি সোনা দিয়ে মুড়ানো আছে যে এত দাম নিতে হয়,Neutral,29,False
ভাইরাস যেন না হয়,Neutral,4,False
রামপুরা বনশ্রী মেরাদিয়া হাটে,Neutral,4,False
হাইজিন নেই একেবারে নোংরা,Negative,4,False
আপনার ভিডিও দেখে পেইজ থেকে প্রোডাক্ট নিয়েছি,Neutral,7,False
আমাদের জাতীয় খেলা হা ডু ডু এই খেলায় উটুবাররা জিতছে,Neutral,10,False
এগুলো খাবার দেখতে সুন্দর দেখা যায় যারা একবারে খাবার কিনে তারা বাসায় নেওয়ার পরে চিন্তা করে ধুর কিসের জন্য কিনতে গেলাম,Negative,21,False
উনি যে বাল্ব ৫০৬০ টাকা সেল বললো ফুটপাতে ২০২৫ করে সেল করে,Neutral,12,False
আমার একটি স্যামসাং মোবাইল চুরি হয়েছে,Negative,6,False
আমি দূরে থাকি কসমেটিক নিতে কেমনে আসব,Neutral,7,False
ভাই আপনি ১৯ হাজার টাকার বাঁশ খাইছেন তাই এখন আমাদেরকেও বাঁশ খাওয়াবেন এইটা কোনো কথা,Negative,15,False
দেখে ছো আমারি খুব ইচ্ছে করছে খেতে,Positive,7,False
আগের মতোই মান,Positive,3,False
ইচ্ছা শক্তি থাকলে সবই সম্ভব লক্ষে অটুট থাকতে হবে,Positive,9,False
দই ছাড়া হবে না কি,Neutral,5,False
ভাই লোকেশন টা কোথায় একটু বলবেন,Neutral,6,False
আমি তো চিনি ভাই,Neutral,4,False
বেকারি দোকানগুলোতে ২৩ দিন আগের কেক খাওয়া কিছু বলে না,Neutral,10,False
আপনার ভিডিওগুলো অনেক ভালো লাগে,Positive,5,False
আসলে অসাধারণ ছিল খাবারের টেস্ট,Positive,5,False
দেখেই তো আমার গা গুলাচ্ছে তাহলে একবার ভাবুন তো মানুষ এগুলো খায় কি করে,Negative,14,False
ভাই আমি নিজে নিজের মন মতো রান্না কোরলে অনেক ভালো হতো আপনার ভিডিওর সব গুলা স্টেপ ফলো করছি যগোন্য হয়েছে আমার সব টাকা নষ্টো সময় নষ্টো পরিশ্রম ও ফাউ,Negative,29,False
দিনে ডাকাতি এই শান্তি ছেলে গুলো এদের মাথায় তুলে,Negative,9,False
তেল দেওয়া নিষেধ,Negative,3,False
খুব সুন্দর রেসিপি,Positive,3,False
আমারও এইসব হোটেলের রান্না চমৎকার আমিতো সময় পেলে ছুটে যাই,Positive,10,False
ঠাকুরগাঁও কোথায়,Neutral,2,False
আমরা কোন দেশে বাস করি এই লোকটারে এত উপরে উঠাইল আবার আজকে হঠাৎ করে একদম নিচে ফেলে দিল এটাই বাংলাদেশ,Neutral,20,False
কি আজব একটা দুনিয়া কারোর ভালো কেউ দেখতে পারে না,Positive,10,False
মিথ্যা কথা ১০০৳ নাই,Negative,4,False
আমার ফুটপাতের ছোট দোকান গুলায় খাইতে বেশি ভালো লাগে,Positive,9,False
আবার খাবার অর্ডার করবো,Positive,4,False
রান্না টা অনেক সুন্দর,Positive,4,False
ত্বকে তেমন সমস্যা হয়নি,Neutral,4,False
রিসেলিং করতে চাই,Positive,3,False
খাইমু তেতে কী হয়ে পাপ তাদের হবে,Negative,7,False
চারশো ও বেশি বলে ফেলছে,Negative,5,False
আলু টমেটো বেগুন ভর্তা সবই মজার মজার ভর্তা,Positive,8,False
অর্ডার করতে চাই,Positive,3,False
খাবার না নোংরা খাওয়াচ্ছে,Negative,4,False
কে বলেছে নারায়ণগঞ্জে ছেলে মানে আগুন,Neutral,6,False
এই জায়গায় টা কোথায়,Neutral,4,False
আপনার জন্য দোয়া ও আশীর্বাদ করি,Positive,6,False
আলহামদুলিল্লাহ সুন্দর পরামর্শ,Positive,3,False
পরিবেশন একেবারেই ভালো না,Negative,4,False
অনেক সুন্দর লাগছে কালার,Positive,4,False
গ্রেফতার নয় উপযুক্ত শাস্তি দরকার,Negative,5,False
কোন জায়গায় এই দোকান ওও মেলা,Neutral,6,False
আমি করতে চায়,Neutral,3,False
আমি একজন গার্মেন্টস শ্রমিক আমি কাজ করতে চাই,Neutral,8,False
দাদা কিনতে চাই ভালো দোকানের ঠিকানা আর ফোন নম্বর দিলে ভালো হয় কম দামে কিনতে চাই,Neutral,16,False
আমার এখনই খেতে মনে চাচ্ছে,Positive,5,False
৫০ টাকায় তো দারুণ খাবার,Positive,5,False
আমি ৪৪ এই নাম জীবনে শুনিনি,Neutral,6,False
ভাইয়া আপনার রান্না গুলো দেখতে খুবই সুন্দর লাগে রেস্টুরেন্ট হলো খুব সুন্দর এবং সহজ ভাবে বোঝো তে পারেন,Positive,18,False
ভাইয়ের দোকানে আমরা সব সময় খাই,Positive,6,False
বানটোস ব্যবসার জন্য মাথায় টুপি দিয়েছে,Neutral,6,False
পরিবেশনের মান ভালো না,Negative,4,False
এখান থেকে তো ৩ টার কম অর্ডার দেওয়া যায় না,Negative,10,False
ছাগলের ওইটা পাওয়া যায়,Neutral,4,False
ভাইয়া আমরা খাই খুব ভালো অনেক সাধ,Positive,7,False
অসংখ্য ধন্যবাদ আপনাকে খুব ভালো লেগেছে অসংখ্য ভালোবাসা,Positive,8,False
সব বাটপারি কথা না সত্য কথা,Neutral,6,False
অথেনটিক স্কিনকেয়ার প্রোডাক্ট এর জন্য আমাদের পেজটি ফলো করার আমন্ত্রিত,Positive,10,False
অনেক দাম,Neutral,2,False
৩০ টাকার মাল ৭০০ টাকা,Negative,5,False
ললিপপ তো পাঁচ টাকায় পাওয়া যায়,Neutral,6,False
এই খানে যারা খারাপ কমেন্ট করছেন তারা সব গুলা বাবার হোটেল এ খান মনে হয়,Negative,15,False
সে হয়তো কথার কথা বলছেন কেক বিক্রি করার জন্য তাই বলে একজনের ব্যাবসা কে এভাবে থামানোর জন্য মানুষ এতো কিছু করতে পারে হিংসুটে বাংগালী,Neutral,24,False
করিম উল্লাহ এর নামটা নষ্ট করের একটি মহল,Negative,8,False
ব্যাবসা হালাল,Positive,2,False
১ দিন ছুটি দিয়ে কি হবে তার চেয়ে ভালো হবে বিয়ে করে স্বামী কে কর্মচারী বানিয়ে নেন,Neutral,17,False
চালিয়ে যান ধৈর্য ধরেন আল্লাহ আপনাকে সহযোগিতা করবে ইনশাআল্লাহ,Positive,9,False
ছি কি অবস্থা,Negative,3,False
ফাহমিদ ইভ্যালির রাসেলের চেয়েও বর বাটপার,Neutral,6,False
ভাই আমি ১ লাখে কি ব্যবসা শুরু করতে পারবো,Neutral,9,False
সুব খেতে হলে আসেন দোকানে ভাই,Positive,6,False
ভাইয়া আপনার রান্নার প্রোজেক্টটা অনেক সুন্দর আপনি সবকিছু বলছেন ও সুন্দর কিন্তু কোন গ্রাম পাইনি আমরা আমরা কোন ঘ্রাণ পাইনি,Negative,20,False
তার বউ মনে হয় জিন অথবা পড়ি কারণ সাধারণ মানুষ হলে কোনোভাবেই সম্ভব না,Neutral,14,False
সুফ খেতে অনেক মজা,Positive,4,False
কিশোরগঞ্জ চিনতো,Neutral,2,False
বেশি কথা বলে বাংলাদেশী উনি যেভাবে ইচ্ছা তৈরি করুক মন চাইছে খাবেন না হলে খাবেন না উনি তো জোর করছেন না যতসব ফালতু মন্তব্য,Neutral,24,False
আজকে গেছিলাম পাইনাই কেন,Negative,4,False
গাড়ি বাড়ি সব আছে আবার হোটেলেও ব্যবসা করে,Neutral,8,False
দোকান কোথায় আপনার,Neutral,3,False
আমার রুচি ধরে না এভাবে বসে ঘামে ভেজা শরীরে খাবার বানাচ্ছেঘেন্না লাগে,Negative,12,False
পাতিলটা কোথ্থেকে নিয়েছেন,Neutral,3,False
বড় দোকান থেকে ছোটো দোকানের রান্না ঘরেয়া হয়ে থাকে আর খেতে ও অসাধারণ লাগে,Positive,14,False
চিংড়ি মাছের গলাটা অসাধারণ হয়েছে দেখে জিভে জল চলে এসেছে,Positive,10,False
ভাই কোন জায়গা ঠিকানা টা দেন,Neutral,6,False
পাইকারি দাম বললে আমাদের ব্যবসা ক্ষতি হয়,Negative,7,False
ভাই এটার দাম কত,Neutral,4,False
দোয়া করি আল্লাহ যেন তোমাকে সফলতার,Positive,6,False
ওয়াও সেই স্বাধ,Positive,3,False
ওফ মাত্র ৩০ টাকায় বেলাল ভাইয়ের ফুচকাচটপটি জমজমাট ভাইরাল চটপটিতে ডুবানো ভেলপুরি আর ভেজা ঝালমুড়ি খেতে যেমন মজা দেখতে তেমনি মজার কনটেন্ট,Positive,22,False
আগে আমাদের মাইন্ড আেঞজ করতেহবে,Neutral,5,False
আমগো ব্রাহ্মণবাড়িয়ার পোলাপাইন,Positive,3,False
অনেক মজার আইটেম,Positive,3,False
কথা বেশি বলার কারণে চাপার হাড্ডি বের হয়ে গেছে আর তরকারি তে তো থুথু পড়ে,Neutral,15,False
এসব খেয়ে পেট খারাপ হয়েছে,Negative,5,False
ভিডিও প্রথম দেখলাম এক্সপোর্ট কাপড় চিনতে শিখলাম সাবস্ক্রাইব করলাম,Positive,9,False
২০২২ সালে পকেট থেকে নিয়েছে,Negative,5,False
যত ফাও কথা,Neutral,3,False
সৌদি আরব ২৭ থেকে ৩০ রিয়াল কেজি যেটা বাংলা টাকা ১০০০ টাকাও আসে না কনভার্ট করলাম,Neutral,16,False
সঠিক কথা,Positive,2,False
মাশাল্লাহ অনেক সুস্বাদু খাবার,Positive,4,False
মারাত্মক লেভেলের মজাবাংলা শব্দ সঠিক শব্দ সঠিক জায়গায় আগে প্রয়োগ করতে শিখুন,Positive,12,False
সেই কি স্বাদ,Positive,3,False
এরকম চিংড়ির কারি চাই,Neutral,4,False
কি বলে সিমি আপু কে,Neutral,5,False
খুব বাজে খাবার,Negative,3,False
রান্না কি দেখব চুড়ি দেখে আমি অবাকএত্ত সুন্দর,Positive,8,False
আপনার সাথে দেখা করতে চাই বাড়ি কোথায়,Neutral,7,False
শীতে হাসবো না তাই আসলে অনেক মজা লাগে,Positive,8,False
মজাদার ভর্তা,Positive,2,False
সম্পূর্ণ অর্থের অপচয়,Negative,3,False
দিনাজপুর বড় মাঠ,Positive,3,False
ভাইয়া এখান থেকে কি এ করা যাবে,Neutral,7,False
এটা চোরাই বাজার না এগুলো হচ্ছে কপি,Neutral,7,False
দিয়ে ভাজার কথা বুঝলাম না,Neutral,5,False
উদয় হবে শ্যাম আমার ঘরে,Neutral,5,False
সাথে এক ছটাক ঘাম,Negative,4,False
উট কই পাচ্ছে,Neutral,3,False
ভাইয়ের মাথায় যে টুপিটা আছে এটা ব্যবসা করার টুপি আর নামাজের টুপি আলাদা করা আছে,Neutral,15,False
অসাধারণ ভিডিও খাবার,Positive,3,False
ভাই খালি হাতে কেনো,Negative,4,False
কুরিয়ার সার্ভিস ফেরত করেন,Neutral,4,False
প্রত্যেক পাড়ায় পাড়ায় সাদ এত স্বাদ কেন হাহাহা,Positive,8,False
আমার দেশে আসতে মন চাইছে,Positive,5,False
খুব সুন্দর রান্না,Positive,3,False
সার্ভিস মন্দ না,Neutral,3,False
ইনশাআল্লাহ আগামি রবিবার ট্রাই করবো,Neutral,5,False
গুড আইডিয়া,Positive,2,False
খাওয়ার পর মেজাজ ভালো হয়ে গেছে,Positive,6,False
সাব্বাশ বোন,Positive,2,False
সঠিক কথা ভাই জীবনে বহু খাইছি আমরা দোকান খাইনা খাবার খাই,Positive,11,False
আমার লাগবো,Positive,2,False
জামাই এর কাজ করতে হবে না,Neutral,6,False
আমি হইলে ১৪০০ বলতামযাই হোক ভালোই হলো ধারনা হলো যে কেমন দাম বলতে হবে,Positive,14,False
মুখে মাক্স না থাকায় স্বাদ বাড়ছে,Neutral,6,False
ওয়েবসাইটে অর্ডার দিতে ঝামেলা,Negative,4,False
দেখা করতে চাই ঠিকানা দিলে ভালো হয়,Positive,7,False
আদিগিল্লা মাইনষে খায় এই দেমেযারা জীবনে বারিত খায় না,Negative,9,False
ফ্রি খাওয়ান,Negative,2,False
হাত দিয়ে এ ভাবে খাবার দিচ্ছেন লজ্জা করে না এ ভাবে বকবক করতে তুমি একটা খবিস,Negative,16,False
এটা পাইকারি পাবো কীভাবে,Neutral,4,False
কত অসাধু ব্যবসা আছে তাদের পিছনে লাগতে পারে না বাঙালি জাতি কোনদিন সোজা হবে না ব্যবসা করে খাচ্ছে চুরি তো করে না,Negative,22,False
টাকা দিয়ে তো একটা খাসিঈ পাওয়া যায়,Neutral,7,False
আমি ব্যক্তিগতভাবে এর সাপোর্ট সিস্টেম খুব পছন্দ করি,Positive,8,False
আমার মোবাইলে সমস্যা নাকি ভিডিওতে সমস্যা বুঝলাম না স্ক্রিন এমন করে ক্যা,Neutral,12,False
খাবার আসতে দেরি করেছে,Negative,4,False
বাংলাদেশের মানুষ যে পাগল এটা তার বড় পরিচয় এই খাবার ধুলাবালি যুক্ত খাবার রাস্তা ডাইভিং এর মানুষের পায়ের ধুলাবালি খাবারে যাচ্ছে হতভাগা বাঙালি,Neutral,23,False
সাধুবাদ জানাচ্ছি আপনাকে,Positive,3,False
তারপরের টুক কি ভুলে গেছে,Neutral,5,False
আমার অনেক চুল ঝড়ে যাচ্ছে,Negative,5,False
দেখাইতেসেন চিংড়ী কইতেসেন গুড়ামাছ,Neutral,4,False
এই খাবার নিয়ে কোনো অভিযোগ নেই,Positive,6,False
এটাই সমস্যা কেও সৎভাবে কিছু করলে কিছু লোক পিছু টানবেই,Neutral,10,False
সব ঝুটা ও নষ্ট খাবার,Negative,5,False
একটা চেনেল য়ে দিলে কি সমরস্যা হবে চেনেল য়ের,Neutral,9,False
টাকার দরকার হলে সবই করা সম্ভব,Neutral,6,False
খেয়েছি আপনাদের কাচ্চি মোটামুটি তেমন ভালো না,Negative,7,False
সেরা ছিলো,Positive,2,False
জ্বিনের মাধ্যমে তৈরি হয়েছে,Neutral,4,False
করিম উল্লাহ মার্কেটের মোবাইল দোকানদাররা সব চোর ডাকাতের বাচ্চা শিক্ষা দেওয়া হোক,Negative,12,False
আলহামদুলিল্লাহ শুভকামনা রইল আপনার জন্য আপু,Positive,6,False
দুধ খেতে হলে চলে আসতে হবে ভাই,Positive,7,False
ফুটের দোকান গুলো পাক্কা চুতিয়ার বাচ্চা,Negative,6,False
এগুলা কি করে খান আমি তো স্বপ্নেও ভাবতে পারিনি,Neutral,9,False
মূর্খ লোকটা বলে কি,Negative,4,False
কর্মচারী নেয়ার পর পরই আপনার ব্যবসায় ধস নামবে,Negative,8,False
চিনি পরিষ্কার,Positive,2,False
১০০ এক্সপোর্ট আর এক্সপোর্ট কোয়ালিটি দুটো দুই জিনিস,Neutral,8,False
কোন দেশে কাজ করেন,Neutral,4,False
১টা মোবাইল চুরি হলে সহজে পাওয়া যায় না জিডি করলে সময় ও টাকা দুটোই লাগে,Negative,15,False
চমৎকার উপস্থাপনা বিষয়টি প্রফেশনালভাবে তুলে ধরা হয়েছে সাফল্য কামনা করছি,Positive,10,False
ভাই আপনেরাই উপরে উঠান আবার আপনেরাই উপর থেকে নিচে ফালান কি দরকার ছিলো উনিকি বলসে ভিডিও করেন আমাকে,Neutral,18,False
ভাই দেখেই ত খেতে মন চায়,Positive,6,False
আপনাদের সাথে ব্যবসা শুরু করবো ভিডিওর মতো সাপোর্ট দিলে ভালো হয়,Positive,11,False
আল্লাহদেয়া রিজিক ওদের পায়ের নিচে এদের সঠিক বিচার হওয়া দরকার আল্লাহ এদের হেদায়েত করুক,Negative,14,False
একেবারে রেস্টুরেন্ট কোয়ালিটি ফুড,Positive,4,False
আমি কখনো খাইতে পারবো না এসব,Negative,6,False
হাঁসের মাংস আর ছিটা রুটি আহ,Positive,6,False
আমি চাকরি করতে ইচ্ছুক কত টাকা বেতন,Neutral,7,False
দ্রুত চুল পাকার সমাধান কি,Neutral,5,False
নিউ ইয়র্কে যেই বিদেশীরাই একবার বাংলাদেশের চিনিগুঁড়া চালের বিরিয়ানি খেয়েছে তারা বাংলাদেশী বিরিয়ানি ছাড়া আর কোনোটাকেই বেস্ট মনে করে না,Neutral,20,False
একটা ইকমার্স সাইট সেটা এস্ট্রাতে ২০০ প্লাগিন দিয়ে ভরান ঐটা নাকি সাইট ডেভেলপ,Neutral,13,False
ভাই যেদিন সুলায়মান সুখনের মত একজন দেশের টপ মোস্ট বাটপার ওর মার্কেটিং করছে তখনই আর বুঝতে বাকি নাই যে ও তার চেয়েও বড় লেভেলের বাটপার,Neutral,25,False
রসুন দিয়ে হাঁসের মাংস ভুনা খুব সুন্দর হয়েছে,Positive,8,False
লবণ দেওয়ার দরকার নেই ঘামেই আছে,Negative,6,False
সফলতার জন্য ধন্যবাদ,Positive,3,False
মানুষের গোয়ায় বাশ মারার জন্য এইরকম চাপা মারছে,Negative,8,False
ভাইয়ের সাথে যোগাযোগ করার কোন মাধ্যম আছে,Neutral,7,False
চোরাই মালগুলো কিনতে যাওয়া মানে চোরদের উৎসাহ দেওয়া,Negative,8,False
সম্মানিত গ্রাহক বর্তমানে ওয়েবসাইটে অতিরিক্ত ট্রাফিক লোডের কারণে শুধুমাত্র অর্ডার রিকোয়েস্ট অপশন ছাড়া সমস্ত এক্সট্রা ফিচার অফ করে দেওয়া হয়েছে,Neutral,20,False
খাইয়া লও ভবের খাওয়া,Neutral,4,False
এগুলোই মানুষ আনন্দের সাথে খায়ইন্ডিয়াতে এটার নাম পানি পুরিআর মেয়েরা সিরিয়াল ধরে খেতে থাকে,Positive,14,False
ওদের কে আইনের আওতায় আনা হউক,Negative,6,False
ঘ্রাণটা সবাই পছন্দ করেছে,Positive,4,False
এই দোকান টা কোথায় জানাবেন প্লিজ,Neutral,6,False
হাস্যকর এক দেশ এই দেশে ফুটপাতে দোকান বসেহোটেল বসেসেখানে টেবিল সাজিয়ে মানুষ খাওয়া দাওয়া করেরাস্তার অর্ধেক থাকে অটো রিকশা হকার দের দখলে বাকি অর্ধেক দিয়ে কিছু মানুষ হাটেকদাচিৎ বাসগাড়িবাইক কোন ভাবে চলতে পারেএগুলো উচ্ছেদ করার কথা বললেইএকদল আবাল এ,Neutral,39,False
আসলে কারো ভালো কেউ দেখতে পারে না এটাই বাঙালি,Positive,9,False
খুব সাধ,Positive,2,False
কোথায় এই মেলা বসে,Neutral,4,False
কলকাতা থেকে দাদা এক প্লেট দিলে হতো না বিরানি দেখে খুব লোভ লেগেছে,Positive,13,False
এটা ইউজড ফোন মনে হচ্ছে ল্যাগ করে কোম্পানির জন্য মনগড়া রিভিউ হতাশ,Negative,12,False
বিয়ের বাড়ির খাবার বিক্রি,Negative,4,False
ভাই দয়াকরে রিপলে দিবেন আমি কি চাইনা থেকে ফোন আনতে পারব,Neutral,11,False
২০ টাকার সুইচ ৭০ টাকা বলে,Negative,6,False
এটা হিডেন প্লেস,Negative,3,False
তরকারি পানির মতো,Negative,3,False
৩০ হাজারে টেকনো কিনে ৬ মাস পর বেচতে গেলে ১৫ ও পাওয়া যায় না দাম তার চেয়ে বরং স্যামস্যাং এর এবং সিরিজ শাউমির নোট সিরিজ ভিভো অপো এসব এর দারুন দারুণ ফিচারের ফোন পাওয়া যায় কোন পাগলে এসব কিনবে,Negative,39,False
বেবি অক্টোপাস দেখে আমার বমি আসে,Negative,6,False
আসলেই খুব লোভনীয়,Positive,3,False
তুইতো বেডা মাগনা,Negative,3,False
কি বলবো চিন্তা করছি,Neutral,4,False
কোন বাজার এটা,Neutral,3,False
ফালতু হোটেল,Negative,2,False
কথাগুল ঠিকই বলেছেন তবে থেমে গেলন কেন,Neutral,7,False
আপুমণি আপনি কি আমাকে নিবেন,Neutral,5,False
আলহামদুলিল্লাহ দোয়া রইলো তোমার জন্য ছোট্ট বোন,Positive,7,False
এটার ফুল ভিডিও নাই,Neutral,4,False
ওরটা পাওয়া যাবে নাকি,Neutral,4,False
এটা আমার খুব পছন্দ,Positive,4,False
সাথে চালের রুটি হলে মন্দ হয়না,Positive,6,False
যে ভিডিও করে হেয় বাটপার আর যে বলতাছে সেও বাটপার,Negative,10,False
এমন পাগলের কাছে কে খেতে যায়,Negative,6,False
আমারও খুব ভালো লাগে,Positive,4,False
একটা ফোন চুরি হয়েছে ২০২৩ এর জুলাইয়ে,Negative,7,False
খুবই টেস্টি এবং ঝালমশলায় একদম ঠিক আছে,Positive,7,False
কোন জায়গায় ভাইয়া এটা,Neutral,4,False
এই প্রত্যেকটা খাবার থাকে না ভুয়া ভিডিও এটা,Negative,8,False
চিকেন রান্না করলোনা,Negative,3,False
দুর্দান্ত রান্না,Positive,2,False
তার ২৬ লাখ টাকার নিয়ে অনেক প্রশ্ন আছে ছিল,Neutral,9,False
নেত্রকোনা থেকে ব্যবসা করতে চাই,Neutral,5,False
আচ্ছা কেওড়াগোলাপ জল ইথার দিলেন না,Neutral,6,False
মানুষের পিছে লাগা ঠিক নাআপনাদের সন্দেহ হলে খাইয়েন না এত কথা কেন,Neutral,12,False
ভাইয়া আসসালামু আলাইকুম আমি আপনার নতুন সাস্ক্রাইবার আপনার বিরিয়ানির মশলার ভিডিও পাই না আমি আজকেই আপনার ভিডিও দেখে ফিদা হয়ে গেসি আমি বাংলাদেশ থেকে বলছি শুভ কামনা রইলো ভাই আসসালামু আলাইকুম,Positive,31,False
আপু আপনি কি কেক খাইতে গেছিলেন,Neutral,6,False
ওনাট মাথায় টুপি মুখে দাড়িউনি কথা বলবে ওয়েট বজায় রেখে এত রাখতে পারবোযেমন দাম বলছে তেমনি দাম শুনতে হইছে,Positive,19,False
কন জাগায় ভাই,Neutral,3,False
সার্ভিস গ্রহণযোগ্য,Neutral,2,False
দিছে ব্যবসার হুগামারি,Neutral,3,False
ভোক্তা অধিকারের লোকজন আসল বলে,Neutral,5,False
আসসালামালাইকুম ভাইয়া আমাকে চিনতে পারছেন,Positive,5,False
বিভিন্ন বেকারি থেকে কেকগুলো অর্ডার করা হচ্ছে এক প্রতারক ব্যবসায়ী,Neutral,10,False
আপনার ভিডিও গুলো খুব ভালো লাগে,Positive,6,False
১৪ নম্বর মাল মানুষ কিনেনা মানুষ এতো বুকানা,Negative,8,False
মানুষের কাজ না থাকলে অন্যের পিছে পড়ে থাকে,Negative,8,False
দেখেই জিহবায় পানি এসে গেলো,Positive,5,False
গুলশানে ১৬০০টাকা কেজি,Neutral,3,False
দারুণ মজা লোভনীয় অনেক মজার রান্না,Positive,6,False
ভাই এটা বান্ধবীকে দেখাতে হবে,Neutral,5,False
অসংখ্য ধন্যবাদ নিজের পায়ে প্রতিষ্ঠিত হওয়ার জন্য,Positive,7,False
ভাইরাল হলেই তার জীবন ত্যানা ত্যানা,Neutral,6,False
উদ্ধার করা মোবাইল কী করা হবে,Neutral,6,False
দারুণত ভাই প্রবাস থেকে চলে আসতে ইচ্ছে করছে,Positive,8,False
মাংস কিসের ভাই সেটা তো বললেন না,Neutral,7,False
সব মানুষ বলদ মনে হয়,Negative,5,False
মাশাআল্লাহ খুব সুন্দর খাবার,Positive,4,False
রান্নার স্বাদ ঘরোয়া লাগছে,Positive,4,False
এটা দারুণ ছিল,Positive,3,False
আমাকে নিয়ে নেন আপু আমি বেকার,Neutral,6,False
দিন আমাদের পণ্য দেখতে হবে,Neutral,5,False
ব্যবসা বাণিজ্য করা ভালো,Positive,4,False
অনেক খুশি অইছি স্যার আমার ছোট ভাইর মোবাইল নিছে,Positive,9,False
অ্যামাজন থেকে প্রডাক্ট কি ভাবে অর্ডার করবো একটা ভিডিও দেন,Neutral,10,False
শাশনি বা খাট্টা কইন,Neutral,4,False
সম্পূর্ণ প্রোফাইল এবং এই পোস্টের নিচে প্রচুর পরিমাণ হবে কমেন্ট করবে ইচ্ছামত উনার ভাড়া করা লোক নিয়ে সবাইকে বলব বিভ্রান্ত হওয়ার কিছু নাই উনারাই চেষ্টা করবে আমাদেরকে বিভ্রান্ত করার,Neutral,29,False
তোমাদের কি এত সমস্যা চুরি করছে না ডাকাত করছে অত ব্যবসা করে খাচ্ছে বাঙালির এত মাথা ব্যাথা,Negative,17,False
খোলামেলা পরিবেশন খেলে ক্ষতি হবে,Negative,5,False
ভাই আমি লাগাইছিলাম চাইনা টা এক ঘন্টা টিকে নাই,Negative,9,False
চুস্তা কি জিনিস,Neutral,3,False
সত্যি শামিম ভাই ১জন ভালো মনের মানুষ,Positive,7,False
আপনার চামচ নাই হাত দিয়ে ঘাটলে নষ্ট হয়ে যায়,Negative,9,False
এটা গুড়া মাছ না এটা গুড়া চিংড়ি,Neutral,7,False
বিভিন্ন দেশের প্রধানমন্ত্রীরাও আসে,Neutral,4,False
আমি অনেক আগে থেকে এই টেকনিকে এপ্লাই করছি দোকানদারকে বুঝতে দেওয়া যাবে না যে জিনিসটা আমার অনেক পছন্দ,Neutral,18,False
সেলাই বেশ সুন্দর,Positive,3,False
লোভ লাগল,Positive,2,False
চুরাই মোবাইল ফোন তারা কম টাকায় বিক্রি করে,Negative,8,False
যাবো দোকানে ভাইয়া আসবো,Neutral,4,False
খেতে হবে প্রচুর,Positive,3,False
খুব সুন্দর ভিডিও,Positive,3,False
স্বাস্থ্যকর কেন ভাইয়া,Neutral,3,False
তেল পুরনো মনে হলো,Negative,4,False
চমৎকার কাজ করছেন আপু,Positive,4,False
ভিডিওটা ভালো লাগছে,Positive,3,False
মাছে ভাতে বাঙালি আমরা মাছ ভাত ভর্তা খুব এ প্রিয়,Positive,10,False
লোকশন টা বলেন,Neutral,3,False
দিনাজপুরের লোক হয়েও খাইনি,Neutral,4,False
সবাইকে তার স্ত্রী কেক বানায়ে দেয়,Neutral,6,False
ভাইয়া ১৮র পরে মাইয়ার দুত দেখা যাবে বা ধরা যাবে আমার বয়স ১৭,Neutral,13,False
ব্লগারদের জন্য অনেক ব্যবসায়ী ক্ষতিগ্রস্ত হয়েছে,Neutral,6,False
ভালো বিজনেস হালাল ব্যবসা,Positive,4,False
সেই ভিডিও,Neutral,2,False
এখন থেকে মানুষ ভাত না খেয়ে মাথা নষ্ট করা স্বাদের মুড়ি খাবে,Neutral,12,False
অনেক মজার চিংড়ি মাছ,Positive,4,False
বুঝতে হবে ব্রো ব্রাহ্মণবাড়িয়া মানে আগুন,Positive,6,False
ভাই চিকেন কতো খন রান্না করেছেন,Neutral,6,False
অনেক মজার মজার রান্না করেছেন আপু,Positive,6,False
২৯৫০ টাকা কেজি দিয়ে আনবেন কেন আরো কমে হাজারো শিপিং এজেন্সি আছে,Negative,12,False
আরো কম দামে কোথায় পাবো,Neutral,5,False
ভাই এই জাইগা কোথাই,Neutral,4,False
দেখেই মজা লাগতেছে,Positive,3,False
অস্বাস্থ্যকর খাবার ঢাকনা নেই হাতে হ্যান গোলোবস নেই অনেক সময় বাহিরে থাকে খাবার এগুলো খেলে খতি হবে ঐ লোক চাপা বাজ,Negative,21,False
এটা ধানমন্ডি হকার্স মার্কেট কানার ভাই অন্ধ চিনে ভালো করে,Neutral,10,False
ভাই লোকেশন টা দেন বসার দরকার নাই ভাই দাঁড়াইয়া দাঁড়াইয়া খাব সমস্যা নাই আপনি লোকেশন টা দেন,Neutral,17,False
দোকানদারের বাড়ি নোয়াখালি নাকি সন্দ্বীপ,Neutral,5,False
আর্জেন্টিনার দিগে তাকান,Neutral,3,False
হিরো আলম আছে,Neutral,3,False
দুই লাখ দশ হাজার মানুষ দেখতে এসেছে ভিডিও এরই মধ্যে ৯৯ শতাংশ মানুষ জানে না কিভাবে বাইরে থেকে আনতে হয় ডেবিট কার্ড ছাড়া রকেট বিকাশ নগদ দিয়ে টাকা পরিশোধ করা যায়,Positive,31,False
দেখেই তো খেতে ইচ্ছা করে,Positive,5,False
দারুণ সুন্দর,Positive,2,False
সুন্দর হাঁসের মাংস,Positive,3,False
বড়লোকের এই ফুটপাতের জিনিস বেশি খায় কিন্তু বাড়ি থেকে নামলে তখন বাসায় নিয়ে আসে তখন প্যাকেট খুলে অনেক মজার খাবার,Positive,20,False
খাংকি একটা,Negative,2,False
আপনার ব্যবসাটা আরও উন্নত হোক দোয়া করি,Positive,7,False
নিতে চাই,Positive,2,False
পুরোনো মাংস আবার রান্না,Negative,4,False
দেড় মাস আগে চুরি,Negative,4,False
টেপটেপে সৌদি নাই,Neutral,3,False
টাকা দাম আছে,Neutral,3,False
আপনারা কি ডিলার হিসেবে মাল দেন,Neutral,6,False
আমার লাগবে কিভাবে নিব,Positive,4,False
কি লোভনীয়,Positive,2,False
তারপর দেখবেন পাশের দোকান থেকে কিনে আনছে,Neutral,7,False
যাদের কোটি টাকা আছে তাদের জন্য এই ব্যবসা এত দাম কেউ কিনবে না,Negative,13,False
অনেক শুভকামনা আর ভালোবাসা,Positive,4,False
খাব না তাতে কি হইছে,Neutral,5,False
মানুষ মানুষের কাজ নেই কি আর করবে কারো না কারো পিছনে লাগতে হবে তাইনা,Neutral,14,False
ভাই মসলা কিভাবে বানাবো,Neutral,4,False
অনেক দিন পর ওয়াক থু বোমি আসলো,Neutral,7,False
অনেক কমেন্ট লাইক করেছি আপনাকে কোনদিন কমেন্ট লাইক করতে দেখলাম না আমার পোস্টে,Neutral,13,False
মারুফ ভাইয়ের সাথে সরাসরি কিভাবে যোগাযোগ করতে পারব উনার ভিডিও দেখে খুব ভালো লাগল,Positive,14,False
আপনাকে অসংখ্য ধন্যবাদ ভাই,Positive,4,False
যারা বলে বাংলাদেশের মানুষ ভাত পায় না তাদের জন্য এই ভিডিও,Positive,11,False
ভালো লাগললো,Positive,2,False
দাদাভাই ভিডিওগুলো খুবই খুবই হেল্পফুল,Positive,5,False
অনেক সুস্বাদু খাবার,Positive,3,False
কুমিল্লা থেকে,Neutral,2,False
ক্যামেরা দেখে তিন পিস দিয়েছে,Neutral,5,False
আপু কেমন আসেন,Neutral,3,False
লোকেশন দান,Neutral,2,False
কষ্ট করলে সফলতা আসবেই,Positive,4,False
কমপিওটার কিনার শখ শেষ হয়ে গেছে,Negative,6,False
এগুলো কেন দেন দেখলে লোভ হয়,Positive,6,False
খুব মজা লাগছে,Positive,3,False
তরকারি টা দেখেই জিভে পানি এসে গেল,Positive,7,False
এই ওষধ কবে বের হবে,Neutral,5,False
সবকিছুই অসাধারণ,Positive,2,False
আসসালামুয়ালাইকুম ভাইয়া আপনার চ্যানেলটিকে সাবস্ক্রাইব করেছি এবং অল নোটিফিকেশন অন করে দিয়েছি আপনার ভিডিওগুলো অনেক ভালো লাগে জাযাকাল্লাহু খাইরান প্রিয় ভাই,Positive,21,False
তুমি তো এমনি রাস্তাঘাটে খুইলা বেড়াইতাছো খুইলা দিছো,Neutral,8,False
এই একটা দেশ কেউ ভালো কিছু করতে গেলে শেষ আর এই মিডিয়া কাউকে উপরে উঠাতে সময় নেয়না নামতেও খুব সময় নেয়না আল্লাহ সবাইকে হেদায়েত করুক আমীন,Positive,26,False
পেটের অবস্থা শেষ হয়ে যাবে,Negative,5,False
এখন যান ওখানে ভাইরাল করেন কয়েকদিন পর আপনারাই বদনাম করবেন্৷ হা হা হা,Negative,13,False
এটা কি উনার কোন অপরাধ উনি তো কেক বিক্রি করে নকল স্বর্ণ তো আর বিক্রি করে না,Neutral,17,False
লাক ভালো কিন্তু স্টেবল ব্যবসা না,Neutral,6,False
আমার মনে হচ্ছে একটু বেশিই বলে ফেলেছে,Negative,7,False
ঢাকা শহরের বিরানী হালাল কিনা হারাম,Neutral,6,False
আগুনে তো পাবনার ঘি ঢেলে দিলেন ভাই এখন পাবনার মেন্টালে পাঠানো লাগবে ওরে,Neutral,13,False
গ্রাফিক ডিজাইন এর জন্য ল্যাপটপের ক্ষেত্রে কোন প্রসেসর নিবো নাকি বলবেন প্লিজ ভাইয়া,Neutral,13,False
কাঁচা মাংসতে কি ভাত ঢেলে দিতে হয় জানি না তো তাই জানতে চাইলাম,Neutral,13,False
দাদা মেট্রগলিতে ক্যামেরা আর মোবাইল পাওয়া যাই,Neutral,7,False
আমার গায়েব শুকরিয়া মার্কেট থেকে,Negative,5,False
সলিড বাটপার,Negative,2,False
কি কুল ভাইয়াআআআআ শো অফ,Negative,5,False
আমার মোবাইলটা পকেট মেরে দিছে,Negative,5,False
খেলতে চেয়ে ছিল,Neutral,3,False
এটা কোথায় কোন জায়গা,Neutral,4,False
খাওয়ার পর মনে হলো আবার খাব,Positive,6,False
কেউ একটু সফল হলে অন্য মানুষের এত জলে কেন কেউ কি শান্তি মত ব্যবসায় করতে পারবে না,Neutral,17,False
চমৎকার ভিডিও রান্নার,Positive,3,False
আমাদের বাজারে ৬৭ মাস ধরে ৩ বোতল সিরাম দেখছি এখন বিক্রি করতে পারে না,Neutral,14,False
বাসায় রান্না করার পর যেমন বাঁচতে দিচ্ছেন রকম পাঁচটা ভাড়ায় নিবেন ৫ চামচ চা চামচ পাঁচ পাতিলেই আপনার সময়টা বেঁচে যাবে,Positive,21,False
ভালোবাসার গল্পটা বলো হিংসা না করে নতুনদের ভালোবাসা দিলে অবশ্যই ভালোবাসা পাওয়া যায় তাই নতুনদেরকে ভালোবেসে পাশে থাকুন,Positive,18,False
টাকা খেয়ে মজার রিভিও দেন মিয়াওরা আপনাদের খাওয়ায় আর ভালো সার্ভিস দেয়আব্বু আব্বু বলে ডাকেআর তাতে আপনারাও এরকম বিধ্বংসী কনটেন্ট বানানফ্রডের সাথে আঁতাত ফ্রডেরই হয়,Negative,25,False
এগুলো অনলাইনে ১৬০০ বলে সেল করে,Negative,6,False
আরে বোকার দল এই ফন কিনলে বারি পরজন্ম গেলে শেষ মনে রাখিস এবার কিন তরা তদের টাকা যদি চুলকাই তাহলে কিন মদন সব,Negative,23,False
আহ কি যে লোভনীয় খাবার দেখেই লোভ লাগতেছে আপু,Positive,9,False
হাসের দোকানের পাশের দোকানে চা পাওয়া যায় স্যুপ খেতে হলে ভাই আসতে হবে আগারগাঁয়,Positive,14,False
আপনার দেওয়া সুন্দর সুন্দর খাবারের পোস্ট সত্যিই মন ছুঁয়ে যায়,Positive,10,False
উফ ভাই লোভ লাগায় দিলেন,Positive,5,False
বাজারের চেয়ে ভালো,Positive,3,False
খেতে মন,Positive,2,False
পাখির গু সহ,Neutral,3,False
দৌলতপুর মুড়ের ৩০ টাকার বিরিয়ানি কথা মনে আছে নি ডাল এর কথা মনে আছে নি,Neutral,15,False
মোহাম্মদপুর এর দোকান গুলো দেখান,Neutral,5,False
লা ইলাহা ইল্লালহু মুহাম্মাদুর রাসূলুল্লাহ সাল্লাল্লাহু আলাইহি ওয়াসাল্লাম,Positive,8,False
কাপড় দ্রুত নষ্ট হচ্ছে,Negative,4,False
আপনি নিজে একটু খায়েন আপু,Neutral,5,False
এগুলোর দাম এমনিতেই পাইকারি,Negative,4,False
আমাকে সহযোগিতা করলে ব্যবসা করতে চাই,Positive,6,False
অসাধারণ ভিডিও খুবই ভালো লেগেছে,Positive,5,False
সময়মতো ডেলিভারি পাইনি,Negative,3,False
প্যাকেট দেখে তো বোঝা যাচ্ছে বেকারীর প্যাকেট,Neutral,7,False
দামে ঠিকঠাক মনে হয়েছে,Neutral,4,False
যে দেশের উপরগ্রস্ত পাবনার বাচ্চাটাকে যে ভাবে কি,Negative,8,False
পারফিউমটা অরিজিনাল মনে হয়নি,Negative,4,False
এত সহজ,Neutral,2,False
খাবারের স্বাদ দুনিয়ার ফালতু দামও বেশি,Negative,6,False
ভাই এই আইফোন কপি কারন একটু খেয়াল করলে দেখতে পারবেন দ্বিতীয় নাম্বার ফোনে করা আছে আই ফোনের কোন চলে না সবাই সাবধান হন,Negative,23,False
র্যাকেটের কালার করা যায়,Neutral,4,False
রাতের বেলা ভাই সান গ্লাস পরে কেনো,Neutral,7,False
হয় ভাই চলছে,Neutral,3,False
ধুর সালার পো,Negative,3,False
আসলে নিজ উদ্যোগে কোন কিছু করে অন্য কারো কর্মসংস্থান তৈরি করা এটা বিশাল ব্যাপার,Positive,14,False
চিকেন রান্না করতে হবে না নাকি মশলা মাখানো চিকেনটাতেই চাল ঢেলো দেবো,Neutral,12,False
জীবন এ নিজের খেয়াল নিজে রাখতে হয়,Positive,7,False
কেউ চিনে না মনে হচ্ছে শুধু আপনিই চিনেন না,Negative,9,False
হুর চোদাওরির পু,Negative,3,False
তোর ফোন আছে কিনা দেখ,Neutral,5,False
চলে আসুন,Positive,2,False
তারিখে আমারও মোবাইল হারিয়েছি সিলেট ওসমানী মেডিকেল থেকে,Negative,8,False
কারা কারা নতুন,Neutral,3,False
বেশির ভাগ মানুষই খায় দেখছি,Neutral,5,False
এই বাটপারের বাটপারি দেখতে ইউটিউব সার্স করে নিবেন এ একটা বড় বাটপার যা যা বলছে তা কিছুই করে না প্রথমে ওয়ার্কশপের নামে মোটা টাকা নিবে২৫ হাজার তার পর আপনাকে ট্র্যাপে ফেলে একের পর এক টাকা নিতে থাকবে ডোমেইন হোস্টিং বলবে আমরা ধরে ধরে বিজনেস শেখাবেো আসলে সে আপনাকে কিচ্ছু শেখাবে না বলবে কনটেন্ট ঠিক করেন একের পর এক কন্টেন্ট বানান এজেন্সি দিয়ে ৩০৪০ টা ভিডিও বানান সেল না আসলে বলবে এই প্রডাকট চলবে না অন্য প্রডাকট নিয়ে কাজ করেন তার পর না হলে সব দোষ আপনাকে দিয়ে দিবে তাই আপনারা কষ্টে র টাকা ভেবে চিন্তে বিনিয়োগ করবেন একটু কষ্ট করে ইউটিউব এ এর প্রতারনার ভিডিও গুলো দেখে নিবেন,Neutral,108,False
এখন সমস্যা কি,Neutral,3,False
ছিছি এইরকম মানুষের শাস্তি হওয়া উচিত মানুষের পছন্দ জিনিস কেউ এইভাবে বানায়,Negative,12,False
আমরা কালকে খেয়েছি,Positive,3,False
কোথায় পাওয়া জায় এইরকম তরকারি জানাইবেন,Neutral,6,False
সরকারি চাকরি,Neutral,2,False
সে ৫০ হাজার টাকা দিয়ে নামার আগে আরো ৫০ হাজার টাকা রুম সেটআপ করতে খরচ করছে আর পরিবার পাশে থাকলে সমস্যা হয় না আর তাকে তার পরিবারই টাকা দিছে সবই জানি মোটামুটি,Neutral,32,False
মানুষে রুচির কি একটা অবস্থা,Negative,5,False
যেই দাম ভাই,Negative,3,False
দাদা খুব সুন্দর ভিডিও,Positive,4,False
ঐ মিয়া মুড়ি খান মানে কি জানেন,Neutral,7,False
মানুষ কীভাবে এগুলো খায়,Negative,4,False
আমার অনেক পছন্দের,Positive,3,False
আপু আপনার ভর্তা বানানো অনেক লোভনীয় হয়েছে,Positive,7,False
মাংস ঠিকমতো রান্না হয়নি,Negative,4,False
আমার একদম বাজে গন্ধ লাগে,Negative,5,False
আহযদি রাজধানীতে কেউ এবাবে বিক্রি করতো,Positive,6,False
তেল ছাড়া ঝোল চাইলো কোন মূর্খ,Negative,6,False
অনেক ভালো লাগছে মাশাল্লাহ,Positive,4,False
এই লোকটার খাসি শিক্ষিত হলেও লোকটা শিক্ষিত না,Negative,8,False
দোকান কোথায়,Neutral,2,False
ভাই দুইটা একসাথে আনালে কিভাবে রিকোয়েস্ট করবো,Neutral,7,False
গর্ধবের দল যে,Negative,3,False
শুয়রের মাংসর সাথে বিরিয়ানি টা করা যাবে,Neutral,7,False
চোরাই মারা খাবা পরে,Negative,4,False
অসাধারণ সুন্দর লাগছে আপনার রান্না ভিডিও,Positive,6,False
ওই লোকটা যে মিথ্যাবাদী তা আগেই বুঝেছিকারন হোম মেইড কেক একজনের পক্ষে দৈনিক ৮১০ টির বেশি বানানো সম্ভব নাআর কেক তৈরির পর তা মিনিমাম ৬ ঘন্টা ফ্রিজিং না করলে তা গলে নস্ট হয়ে যায় ওরা রেডিমেড কেক কিনে এনে বাতেলা মারছে ওরা দৈনিক ৭০১০০ টি কেক সেল করছে যা ১০জন লোকের পক্ষেও করা সম্ভব না এবং তা বাসা বাড়ীতে সংরক্ষণ করাও অসম্ভব,Neutral,62,False
ভাই ঠিকানা দেন,Neutral,3,False
কিছু শোপিস কিনতে চাই,Positive,4,False
হাঁসের দোকানের পাশে দোকান ভাই চা পাওয়া যায় ভাই সুপ খেতে হলে আসতে হবে আমাদের এলাকা,Positive,16,False
এত শিক্ষিত হাসি কোথায় পাইও না খাসির লেগ পিস তো নাকি অন্য কিছুর,Negative,13,False
কোন জায়গায় ভাই বলেন,Neutral,4,False
নোংরা ফেলা যে ছোট টাইপের যে ঝুড়ি টিউলিপ ফুলের ছবি দেয়া কয়েকটা কালার দেখলাম,Neutral,14,False
অনেক লোভনীয় রান্না,Positive,3,False
এক্সপোর্ট কোয়ালিটির ১ টা প্যান্ট ২৫৯০ টাকা আপনি দুইটা নিলেন ১৫০০ টাকায়,Negative,12,False
ভাই আইফোন কিনলাম ২ দিন পর পুলিশ কল দিবে না তো,Negative,11,False
মসলা বানিয়েছি খুবই বাজে লাগলো,Negative,5,False
ভাই এ ধরনের আনা যাবে কি,Neutral,6,False
মুরগী নিয়ে সন্দেহ আছে,Negative,4,False
জীবনেও খাইতাম না,Negative,3,False
এগুলো চোরের মাল এগুলো জীবনেও ধরবেন না এগুলো কিনবেন না আপনার আপনার সঙ্গে খারাপ কিছু হয়ে যেতে পারে,Negative,18,False
আমি পারব আমাকে নেবেন,Neutral,4,False
মাশা আল্লাহ,Positive,2,False
দারুন হয়েছে,Positive,2,False
তবে আমার পুজি কম,Neutral,4,False
ভাই তোরা যে সামান্য কটা টাকার জন্য এইসব স্ক্যামার কোম্পানি প্রমোট করস,Negative,12,False
অনেক সুন্দর হয়েছে আপনার ভিডিওটা শেয়ার করবেন,Positive,7,False
এটা বন্ধ করা দরকার অনেক খাবার নষ্ট হচ্ছে,Negative,8,False
হেলিকপ্টারও থামায় নেয় ওরে বাটপার,Negative,5,False
আমিও করি অনেক মজা লাগে টমেটো না থাকলে কেচাপ দিয়েও করি,Positive,11,False
এই দোকান দার কথা শুন লে মনে হয় আর বল লাম না কসমেটিক ব্যাসা করি ১৪ বসর দরে,Neutral,18,False
আপু অনেক সুন্দরী এবং সেক্সি,Positive,5,False
এগুলারে ভোক্তা অধিদপ্তর দেখেনা,Negative,4,False
মুরগির মাংস কি আলাদা ভাবে সিদ্ধ করছিলেন,Neutral,7,False
টেবিলে আসার সাথে সাথে গন্ধ মন কেড়েছে,Positive,7,False
যারা খারাপ বলতেছে,Neutral,3,False
এ সকল মাছ ব্যবসায়ীরা ম্যাক্সিমাম বাটপার হয় একটু সাবধানে থাকতে হবে,Negative,11,False
ঢাকা কোথায়,Neutral,2,False
টাকার বান্ডিল গোলা অরজিনাল কিন্তু তারা এটা ছেঁড়া টাকার সঙ্গে এক্সচেঞ্জ করে,Neutral,12,False
ধন্যবাদ এরকম উদ্বেক,Positive,3,False
এভাবেও কি কাচ্চি খাওয়া যায় তাহলে একদিন ট্রাই করা যায়,Positive,10,False
কি বুদ্ধি,Positive,2,False
আমিও নিতে চাই,Positive,3,False
এটার দাম,Neutral,2,False
মিথ্যা তথ্য দিচ্ছে উনি,Negative,4,False
আমাকে চাকরি টা দেন আপু আমি খুব ভাল ভাবে কাটতে পারি,Neutral,11,False
একটা কেকে হতে ৪০ মিনিট লাগে আমি নিজে বানাই ওভেনে তো হাত চালু থাকলে ডেকরেশন করতে ১০ থেকে ২০ মিনিট লাগে আমি নিজেও তো বানাই সেল করি,Neutral,27,False
অরজিনাল খাসি এটা কোন প্রমাণ আছে,Neutral,6,False
আমি কিছু দিন আগেই খাইছি পরিমান পরিবেশন সবই ভালো ছিল কিন্তু চটপটির মশলার যে ফ্লেভার সেটা ভালো করে ফুটায়নি আর লবণের ব্যালেন্স ভালো হয় নাই তাই আমার কাছে অতটা ভালো লাগেনি রেটিং ৫১০,Negative,33,False
তাহলে নিজেরাই শত শত পেজ খুলে শুরু করলেই পারে,Negative,9,False
ভিডিও করতে গেছে বলে বার বার দেয়,Positive,7,False
বিরিয়ানির মুরগির গোস্তের চেয়ে আলাদা মুরগির পায়ের দাম বেশি হয়ে গেলো না,Neutral,12,False
কিছু মানুষ উপরে ওঠাতে দেরি করেনা আবার নিচে নামতে ও মরিয়া হয়ে ওঠে,Neutral,13,False
গুঁড়া মাছ নাহ চিংড়ি মাছ,Neutral,5,False
আপু দোয়া রইলো আপনার জন্য,Positive,5,False
শাড়ির ডিজাইন অনেক ভালো,Positive,4,False
মরা মুরগি দিয়ে বানানো,Negative,4,False
কোন যায়গা ভাইয়া,Neutral,3,False
আলি এক্সপ্রেসে সফটওয়্যারে যে মোবাইল গুলো পাওয়া যায় এগুলো কি অরিজিনাল কেউ জানলে জানাবেন প্লিজ,Neutral,15,False
ডাবল দামে বিক্রি করা এত সহজ না,Negative,7,False
হয়ে গেলো কেকের দোকানের বাঁশ ইউটিউের ঠেলায় ব্যাবসা গাছে উঠছে,Neutral,10,False
জীবনও আমি ফুসকা খাইনা,Negative,4,False
বাংলাদেশ ৫৫০০ টাকা কেজি উঠের মাংস আর আমারা বিদেশে খাই মাত্র বাংলা ৭০০ টাকা কেজি,Neutral,15,False
খুবই ভালো একটা ব্যবসা বাচছেন দেখে ভালো লাগলো আপু আরো এগিয়ে যান আসলে ভালো মন থাকলেই সব কিছুই করা যায় আপনাকে দেখে খুব ভালো লাগে স্বাবলম্বী,Positive,26,False
মাশাআল্লাহ খুবই চমৎকার,Positive,3,False
খুব ই সুন্দর ভিডিও,Positive,4,False
আমি ইনশাআল্লাহ রাতে ভিজিয়ে রেখে আমি পরিষ্কার করে মেথির দানা খেয়ে ফেলি পানি খায় না,Positive,15,False
এই কেক বিক্রেতা কোথায় কেক বিক্রি করে কেউ জেনে থাকলে আমাকে জানাবেন প্লিজ,Neutral,13,False
ডাস্টবিন থেকে কুড়িয়া আনা মরা মুরগি বারা খাইয়ে দিচ্ছে,Negative,9,False
তিষি মানে কি,Neutral,3,False
দারুণ লোভনীয়া,Positive,2,False
ফালতু একটা মহিলা,Negative,3,False
দেওয়া যায়,Neutral,2,False
দেখেত দারুণ,Positive,2,False
উপকরণগুলো যদি একটু বলতেন কমেন্টে দিতেন তাহলে আমরাও বানায় খাওয়ার চেষ্টা করতাম,Neutral,12,False
সুন্দর হয়েছে আপু,Positive,3,False
আমাদের গ্রাম ঐতিহ্য আসলাম বিরয়ানী,Positive,5,False
আমি একজন নারী উদ্যোক্তা আমাকে আপনারা হেল্প করবেন প্লিজ,Positive,9,False
গুর থলি,Neutral,2,False
ত্বকে জ্বালা বাড়ে,Negative,3,False
হাঁস এর মাংসের মজাই আলাদা,Positive,5,False
আরেকটু বাড়াইয়া দেন,Neutral,3,False
ইউটিউব টিকটকার কনটেন্ট ক্রিয়েটররা ভিউ পাওয়ার জন্য যে সকল ব্যবসায়ীর ভিডিও করবে তার হোগামারা সারা,Neutral,15,False
আমাকে নেন আপি,Neutral,3,False
ভাই আপনি একজন জালিম,Negative,4,False
স্ক্রিনে দাগ পড়েছে,Negative,3,False
এই লোকটা লুঙ্গি কখনো ধোয় কি না,Negative,7,False
দাদা একেবারে ই ঠিক বলেছেন,Positive,5,False
অল্প বয়সে অনেক এগিয়ে গেছো,Positive,5,False
দীর্ঘস্থায়ী হবে মনে হয়,Positive,4,False
বেকার ছেলেদের এগুলো চখে পরে না মনে হয়যারা শুধু জব খোজার ধান্দাই থাকে,Neutral,13,False
এতো বাজে কেক আমি প্রথম খাইছি এই কেক তাদের জন্যই যারা কখনো ব্যান্ড কেক খায়নাই,Neutral,15,False
এগিয়ে চলুন,Positive,2,False
ঠিক আছে,Neutral,2,False
ভাই আমি আপনারা সাথে একটু কথা বলতে চাই প্লিজ কথা বলার সূযোগ দেন আমি ক্লোন করে হোয়াইট আপে চালু করছি সিম অন্য ফোনে হোয়াইট আপ এড্রয়েড ফোনে কেউ যদি আমার লোকেশন বের করতে চায় হোয়াইট আপ এর ফোনের লোকেশন বের করতে পারবে কি প্লিজ উওর দেন ভাই,Neutral,47,False
ওয়াও টমেটো ভর্তা আলু ভর্তা বেগুন ভর্তা ইলিশ ভাজা অসাধারণ লোভনীয় সব খাবার,Positive,13,False
তুমি কি জিন্দা আছো,Neutral,4,False
কিছু স্থায়ী দোকান আছে যেখানে সকলের জন্য এক দামে জিনিস বিক্রি হয়,Positive,12,False
নিশ্চয়ই এতোক্ষণ এ নেতার নজর লেগেছে কালই এই দোকানের নিরাপদ খাদ্যের প্রতিনিধি যাবে সাথে ট্রেড লাইসেন্স এবং টিন দেখতে চাইবে,Neutral,20,False
অক্টোপাস দেখলে ভয় লাগে কিন্তু খাওয়ার অনেক ইচ্ছে,Neutral,8,False
উদ্যোগের মেলা,Positive,2,False
ওটা ঠিক আছে,Neutral,3,False
খুব উপকারী কথা,Positive,3,False
একটাও আসল ফোন না৷ নিজের ফোন আছে তাই এগুলা দেইখাই বুঝছি মাল নকল,Negative,13,False
এক এই আপু বরিশাল বলছিলো আজকে আবার বলতিছো ব্রাহ্মণবাড়িয়া,Neutral,9,False
খুব ভালো আপনাকে দেখে অনেকেই অনুপেরিত হবে,Positive,7,False
এটা তো ভারতীয় এটা ছাড়া আর কি কোন কিছু আছে,Neutral,10,False
ভাই আমি কৃষকের ছেলে গর্ভ করে বলতে পারি দুই বেলা দুই মুঠো ভাত ডাল আলু ভর্তা দিয়ে খেয়ে আল্লাহর শুকরিয়া আদায় করি আলহামদুলিল্লাহ,Positive,23,False
ছি ছি ছি ফুচকার খাব না,Negative,6,False
প্রতিটি কামড়ে স্বাদের ঝলক,Positive,4,False
এই সাইজের চিংড়ি ভুনা দুনিয়ার সেরা খাবার৷,Positive,7,False
আমার ফোনটাও কি এখানে আছে,Neutral,5,False
চুল পাকা সমাধান কি,Neutral,4,False
খাসির মাথা থেকে পা অবধি বিক্রি করে কিন্তু খাসির মাংস বিক্রি করে না,Neutral,13,False
অতিরিক্ত পা ফাটা এরাতে কি,Neutral,5,False
দমে দেওয়ার সিস্টেমটা পানি দিয়ে এটা আজকে নতুন শিখলাম ধন্যবাদ ভাই ভালোবাসা রইলো,Positive,13,False
খুব মজা হয়েছে,Positive,3,False
মাশাআল্লাহ অনেক সুন্দর হয়েছে,Positive,4,False
এখানে চিকেন টাকি আগেই সিদ্ধ করে নিয়েছেন নাকি ডমে থেকেই সিদ্ধ করানো হইছে তা তো বললেন না,Neutral,17,False
এই ধরনের আমি ও করি,Positive,5,False
কথা কাজে মিল থাকে না বাস্তবে,Negative,6,False
দারুন হয়েছে ভর্তা থালি,Positive,4,False
অসাধারণ মজার খাবার,Positive,3,False
মাশাল্লাহ অনেক ধন্যবাদ,Positive,3,False
অসাধারণ আইডিয়া আপু,Positive,3,False
চক বাজার থেকে পাইকারি মালামাল কিনতে চাই কীভাবে করব বুঝতেছি না,Neutral,11,False
ভাই আমাদের ইন্ডিয়াতে পারভেজ ৫০ টাকা আপনাকে লাগবে তবে বলুন কমেন্ট করুন,Neutral,12,False
খুব সুন্দর দোকান,Positive,3,False
এইটা কোন জায়গা,Neutral,3,False
এখানে ভিডিও ছারতে হয় ভিডিও দেখতে হয় প্লিজ ভাই এই টা নিয়ে একটা ভিডিও বানান প্লিজ ভাই আপনার ভিডিও আমি ভরসা করি,Neutral,22,False
হালাল কাজ এটা,Positive,3,False
আসলেই পেট পুরে দেয় এই হানালে,Positive,6,False
এক কথায় অসাধারণ অভিজ্ঞতা,Positive,4,False
আমি এগুলো খাইতে পারি না আপু,Negative,6,False
বাটি ভেঙে যাবে না,Positive,4,False
বাঙালি হচ্ছে হুজুকে মাতাল,Neutral,4,False
এই মার্কেটাই পুরা চুর,Negative,4,False
এর দরকার কী,Neutral,3,False
ত্বকে অস্বস্তি,Negative,2,False
অসাধারণ হয়েছে প্লাটার,Positive,3,False
দেখো আমরা কী রান্না করতে পারি,Neutral,6,False
ভয়ংকর হাইজেনিক,Negative,2,False
কপি বলদ,Negative,2,False
দাদা মোবাইল নাম্বার দেন তো,Neutral,5,False
ভাই আপনার এক্সপ্লেইনে আমি মুগ্ধ ঠিক যে পয়েন্টে আমাদের প্রশ্ন থাকার কথা আপনি সেইখানেই নিজ থেকে বলে দিছেন,Positive,18,False
আমিও পড়াশোনার পাশাপাশি অনলাইন বিজনেস করছি আশা করছি সবাই আমার পাশে থাকবেন,Positive,12,False
যারা অলস তারাই কিনবে,Negative,4,False
চায়না থেকে প্রোডাক্ট আনার জন্য তথ্যভিত্তিক ও সুন্দরভাবে প্রেজেন্টেশন করার জন্য ধন্যবাদ,Positive,12,False
মাইয়ারা যে বিজনেস করে সেটাই সফল,Positive,6,False
হালাল টাকা দিয়ে কিনা সম্ভব না,Negative,6,False
ভাইয়া ঠিকানা দেন প্লিজ প্লিজ প্লিজ,Neutral,6,False
আমার সাথে দীঘা তে এমন হয়েছে জিনিস এর দাম করে সমস্যায় পড়ে গিয়েছিলাম,Neutral,13,False
আসলে এরা অনলাইনে সেল দেওয়ার জন্য ভিডিও দেয় নাই এমনে দোকানে গিয়ে নেওয়ার জন্য জাস্ট ভিডিও হোয়াটসঅ্যাপে মেসেজের কোনো রেসপন্স করে নাহ,Negative,22,False
কেউ আনবেন না ঠকায়,Negative,4,False
চট্টগ্রাম থেকে কিভাবে যাব সম্পুর্ন লোকেশন দেন ভাই আমার একটা দরকার মোবাইল,Neutral,12,False
চা পাতা ভালো হলে চা দেখতে যেমন সুন্দর তেমনি খেতেও একটা দারুণ ফ্লেভার,Positive,13,False
আপু আমাকে নিয়ে নেন আমার একটা জবের খুব দরকার,Neutral,9,False
মাল কিনে বড় ধরা খাইছি প্রতারিত হবেন,Negative,7,False
বাজে খাবার,Negative,2,False
খুচরা বিক্রি করে দেখেন কেমন লাগে,Neutral,6,False
মাশাল্লাহ অনেক সুন্দর,Positive,3,False
এই শাড়ির দাম কত,Neutral,4,False
ছিঃ হাত দিয়ে লোটার পটার দেখেই ঘৃণা লাগছে খায় কে,Negative,10,False
সব বাটপারি,Negative,2,False
পোস্টার বানানো হয় মানুষকে কালো দেখলে ভালো বাড়ে ইউটিউবার নামে কলঙ্ক,Negative,11,False
অসাধারন ভাই,Positive,2,False
খাবারটা খুব লোভনীয় হয়েছে,Positive,4,False
আজ থেকে ফুচকা বয়কট করলাম,Negative,5,False
আপু আমাকে দেন আমি খাব,Positive,5,False
এর লকেশন কোথায় বলেনবাংলাদেশে গেলে এখানে যাব শুধু এই চিংড়ি ভূনা খাওয়ার জন্য,Neutral,13,False
রেট কত,Neutral,2,False
ওয়াও দারুন সব বুদ্ধি এগিয়ে যাও,Positive,6,False
অসংখ্য অসংখ্য ধন্যবাদ আপনাকে এতো বড়ো এতো ভালো ইনফরমেশন দেওয়া জন্য,Positive,11,False
এই ভিডিও ডিলিট করে দিন আপনাদের ভিডিও দেখে অনুপ্রাণিত হয়েছিলাম এখন দেখি এরা খুবই অপেশাদার আর স্ক্যাম মনে হচ্ছে,Negative,19,False
এটা আমার ছোটো খাটো একটি পেইজ ৬৮০ থেকে ১৮৫০ টাকার মধ্যে ড্রেস ব্যাগ শাল পেয়ে যাবেন অনুরোধ রইল ঘুরে আসার,Positive,20,False
আমি এক ঘন্টা সিরিয়াল ধরে দুই কেজি মাংস পেয়েছি এত সুস্বাদ্য মাংসটা,Positive,12,False
ভাই খিদা লাইগা গেছে দেখে,Positive,5,False
আপনারা এখানে ১০০ টাকাটাই হাইলাইট করেছেন পরিমাণ টা না ১০০ টাকায় কোয়াটার প্লেট মানে দাম মোটেও কম না বরং বেশি মনে হচ্ছে যাই হোক ইনশাআল্লাহ আসবো একদিন টেস্ট করতে,Neutral,29,False
উনার হাঁসের মাংস কি রকম পাতলা ঝোল আর শারমিন আপুর হাঁসের মাংসর গ্রেভি অনেক ভালো,Positive,15,False
নিজের পায়ে দাঁড়ানোর জন্য অনেক অনেক দোয়া রইলো এটা কোথায় খেতে যাব,Positive,12,False
এগুলো সব চুর করিম উল্লাহ মার্কেট এর,Negative,7,False
ভালোই খুব মজা হবে,Positive,4,False
এটা আসলে সেকেন্ড হ্যান্ড মালপত্র ফুটে পাওয়া যায়,Neutral,8,False
ওদের ভিডিও করবেন না নক দিলে উত্তর দেয় না,Negative,9,False
আর সৌদি আরবে আমরা উডের মাংস খাই না গন্ধ করে তার জন্য মাত্র ২৮ রিয়াল কেজি,Negative,16,False
খুব খোলা অবস্থায় বিক্রি করছে,Negative,5,False
পুলিশ কী দেখে নাই,Negative,4,False
খুব দ্রুত ডেলিভারি পেয়েছি,Positive,4,False
অনেক সুন্দর হয়েছে ভিডিও,Positive,4,False
ফুড পয়জনিংয়ের ২০০ মিসড কল,Negative,5,False
খাইতে হবে না দেখে জিভে পানি এসেগেচে অসাধারণ,Positive,8,False
পুরান পাগলে ভাত পায়না নতুন পাগলের আমদানি,Neutral,7,False
আপনাদের কাছ থেকে কিভাবে সাহয্য পেতে পারি,Neutral,7,False
ভাই আমি কিনবো ঠিকানা কোথায়আরকোণ সময় আসলে পারবো,Neutral,8,False
গন্ধ তীব্র না,Positive,3,False
চমৎকার ফটোগ্রাফি,Positive,2,False
নাম বলা ঠিক হয় না এর থেকে ওরটা ভালো আপা মনে হয় খানা ফ্রি খাইতেছে,Negative,15,False
ফ্রি কত খাবেন,Neutral,3,False
মালগুলো কোয়ালিটির মনে হয় ইনশাআল্লাহ ব্যবসা করবো,Positive,7,False
হের বউ মনে হয় জাদু জানে ফু দেয় আর কেক তৈরি হয়ে যায়,Neutral,13,False
আমার অনেক মন চায় এগুলা খাইতে,Positive,6,False
এইসব খাওয়া আর গু খাওয়া একই বিষয়,Negative,7,False
ভাইয়া পিস না বলে পেকেট কত করে ওটা বলুন,Neutral,9,False
প্রায় তিন বছর হলো আমার একটা মোবাইল চুরি হয়েছে,Negative,9,False
১০ বছর ব্যবহার করি উপকার পেয়েছি,Positive,6,False
বয়স ১৮ আমার ইউস করতে পারব,Neutral,6,False
ভাই হাজার এর উপরে বেট দেখান,Neutral,6,False
আমি এমনিতেই বাইরের খাবার খাইনাএসব কারনেই আমি জিবনে কোনো হোটেলে ও ভাত খায়নিআর এখন থেকে মোটেও খাবোনা,Negative,17,False
দেখলেই বমি আসছে মানুষ খায় কি করে এগুলো,Negative,8,False
উনি একজন ভালো মনের মানুষ,Positive,5,False
এটিই তো সাদ আসে,Positive,4,False
শিয়াল দা কি মাও সেবন করে,Negative,6,False
কখনো খাওয়া হয়নি উটের মাংস,Neutral,5,False
বাপি তার বিচি খাবো,Neutral,4,False
আপনাদের রান্না মানে অসাধারণ,Positive,4,False
আপু কোন জায়গায় দোকান,Neutral,4,False
অনেক ভালো লাগলো,Positive,3,False
এটা অরিজিনাল জামদানি বলে ত মনেই হচ্ছে না,Negative,8,False
ভালোবাসা রহিলো,Positive,2,False
কপি ভার্সন অনেক ভালো আমি কি কিনবো রিভিউ ভালো,Positive,9,False
সত্যিই মজা হবে,Positive,3,False
টাক মাথায় চুল গজাবে কি,Neutral,5,False
মনে হয় নেশা করে এসেছে,Negative,5,False
বিজলী এবঃ তার এক এক কি পাঠাবেন,Neutral,7,False
জাগার নাম বলোনা কেন চোদনা,Neutral,5,False
চোরাই জিনিস পত্র না কিনা ভালো,Positive,6,False
খুব সুন্দরভাবে রান্না,Positive,3,False
ভারতের মানুষ কি নোংরা খাবার খায় ছি,Negative,7,False
ফলো দিয়ে পাশে থাকবেন প্লিজ,Positive,5,False
লাভ অনেক কম করছেনআল্লাহ তার রিজিকে বারাকা দান করুন,Positive,9,False
লোকেশন কোথায় কোথায় সেটা,Neutral,4,False
নষ্টা ছাপরি,Negative,2,False
সব মজাদার খাবার,Positive,3,False
খেতে মনে চাচ্ছে,Positive,3,False
পণ্যগুলো কিশোরগঞ্জ সদরে দেওয়া যাবে কি,Neutral,6,False
অসাধারণ লোভনীয় খাবার,Positive,3,False
চট্টগ্রামে কি এমন কোন আয়োজন হয়,Neutral,6,False
পরিমাণ একদম কম আর তাদের সার্ভিস একদম ভালো না,Negative,9,False
আপনার খাওয়ার স্টাইলটা খুব আকর্ষণীয় মাশাআল্লাহ,Positive,6,False
আপনারা যারা কম্পিউটার কিনতে চাইছেন তারা এর ভিডিও দেখে আসুন,Positive,10,False
নিউজের কিছুই তো বুঝলাম না উনি কি ব্যবসা করেন উনার পেইজের নাম কি ইত্যাদি কিছুই তো বললেন না,Neutral,18,False
মাশাআল্লাহ অনেক সুন্দর হইছে,Positive,4,False
এগুলা সব পচা মুখস্ত,Negative,4,False
আগে অনেকবার কমেন্ট করেছি কিন্তু উত্তর পাইনি রিভিউ দেন প্লিজ যারা প্রথম থেকে সাহায্য করেছে তাদের ভুলে গেছেন,Negative,18,False
সিইকীনাস্তি এগুলো নাখেয়ে ঘরে বানালে খুব ভালো হবে,Positive,8,False
মাশা আল্লাহ অনেক দোয়া রইলো ভাই,Positive,6,False
অসাধারণ ওয়াউ,Positive,2,False
গেল যেন,Neutral,2,False
খুব বাজে অভিজ্ঞতা হলো,Negative,4,False
আমি এ ধরনের ভিডিও গুলো স্কিপ করে মাঝে মাঝে দেখি খাবারের আইটেম গুলো দেখলে আমার ভালো লাগে কিন্তু আপনার ভিডিওটা আমি ভালো করে দেখেছি কারণ হচ্ছে আপনি পুরা ভিডিওটা সুন্দর করে উপস্থাপন করেছেন এবং সবকিছু শিখিয়ে দিয়েছেন অনেকেই রান্নার শেখাতে যেয়ে কিছু জিনিস গোপন করে রাখেতখন রান্নাটা আর ভালো হয় না যদিও আমি ছেলেমানুষ রান্না করতে পারিনা ভিডিওটা আমার স্ত্রীকে দিব সে যেন আমাকে এভাবে রান্না করে খাওয়ায়,Positive,68,False
৬ মাস পর এটা নষ্ট হয়ে যায়,Negative,7,False
থেকে করা যাবে,Neutral,3,False
ঢাকা কোন জায়গায় দোকান,Neutral,4,False
আগে জানতাম মায় বানায় পুতে বেচে এখন দেখি বউ বানায় জামাই বেচে,Neutral,12,False
বারবার এমন সমস্যা,Negative,3,False
বনশ্রীর ভিতরে পার্সেল দিতে পারবেন,Neutral,5,False
ভীষণ লোভনীয়,Positive,2,False
দাম অনেক বেশি,Negative,3,False
ভাইরে ভাই ওর কাছে মাল কিনতে যাবার আগে সবাই কমেন্টগুলো পইড়া দেখো,Neutral,12,False
এই টা কখনোই সম্ভব না ওরা মিথ্যে কথা বলতেছে সত্যি টা বলে বিক্রি করেন,Neutral,14,False
করিমুল্লাহ তে যারা এই মোবাইল বা কম্পিউটার নিতে যাবে সবাইকে ধোঁকা দেয় এখানে ব্যবসায়ী বাটপার চিটার,Negative,16,False
ওনি চাঁদাবাজি কইরা খাইলে ভালো লাগত সবার ওনারে কিভাবে নামানো যায় এই চিন্তা ওনি যদি কেক গুলা চুরি কইরা ও আনে তোরা যাস কেন ভাই খাইতে বলত,Positive,27,False
আমার মনে হয় এ জায়গা চিনে না এমন কেউ নাই আপু,Neutral,11,False
দাদা এটা র কোথায় পাওয়া যায়,Neutral,6,False
যথেষ্ট হালকা আছে আর ভারী হবেন না,Neutral,7,False
আমাদের এলাকায়,Neutral,2,False
ভাই পার্সেল করে কি দেয়া যায়,Neutral,6,False
সঠিক বিচার চাই,Negative,3,False
ভিডিও দেখে ঐ দোকানে গিয়ে খেলাম কিন্তু মজা না এবং খাওয়ার আগে বিল অবশ্যই দিতে হবে,Negative,16,False
এই তরকারি দেখলে কেউ না খেয়ে পারবে আমার তো এই চিংড়ি ভুনা খুবই পছন্দ দেখে মনে হচ্ছে সব রেখে দি ফ্রিজের মধ্যে সারা বছর পর একটু একটু করে খাব,Positive,29,False
মাত্র টাকায় এতো মাংস,Positive,4,False
মাশাল্লাহ দেখতে যেমন সুন্দরআশা করি খেতেও তেমন ভালো লাগবে,Positive,9,False
মাশাল্লাহ মাশাল্লাহ মাশাল্লাহ মারহাবা,Positive,4,False
কোথায় বিক্রি হয়,Neutral,3,False
আইনের আওতায় আনা হোক,Negative,4,False
সুধু হোটেলে ব্যপসা নাতো বুদা বেচে রাতে সালার নরতোকি,Negative,9,False
অনেক সুন্দর একটি সিদ্ধান্ত আপু ভালো লাগলো শুনে,Positive,8,False
আমি ও করতে চাই আপু আপনার সাথে যোগাযোগ করব কিভাবে,Neutral,10,False
বাড়ি কই রে পোলাপাইন,Neutral,4,False
যাই হোক বাংলাদেশে গাড়িও আছে,Neutral,5,False
তরা আর মানুষ হবি না হালার বেডা হাতে দরিস কেন,Negative,10,False
আগে ৩০০ এখন ৬০০দাম বাড়াইছে,Negative,5,False
তোদের মত ফালতু ইউটিউবারদের পিছনে লাগছো কয়েকটা ভিউ পাওয়ার জন্য তাদের সর্বনাশ করিস না,Negative,14,False
ইউটিউবাররা কয়েকটা টাকার জন্য দালালি করে সব পাইকারকে নষ্ট করছে,Negative,10,False
৪৫ প্রকারের মসলা ভুয়া ভুয়া ৪৫ প্রকারের মসলার নাম বলতে পারবে ও ভুয়া নিউজ ভুয়া কথা,Negative,16,False
ভাইয়া এখানে দাম তো কম বাট দেশে আনতে এর সাথে কতো টাকা যোগ হবে প্লিস জানাবেন,Neutral,16,False
প্যান্ট চাপাবার ভিডিও পাইলে উপকার হতো,Positive,6,False
২ কেজি রোস্ট নিব,Positive,4,False
পথের কুকুর না খেয়ে মরছে,Negative,5,False
ভিডিও লিংক দিতে পারবেন,Neutral,4,False
সামিটা খাইতে পরবে যে হা করে বোয়াল মাছের,Neutral,8,False
এইজন্যে এত সস্তা,Neutral,3,False
লোকটা একটু ভালো থাকার চেষ্টা করছিলো তাও মানুষের সহ্য হলো না,Positive,11,False
কিন্তু সেই দোকানের ঠিকানাটা তো বললেন না ভাইয়া এটা কোথায় গেলে পাওয়া যাবে খেতে ইচ্ছে করতেছে,Neutral,16,False
আমার কমে নেই আমি অনেক খেয়েছি,Positive,6,False
আমি বাঙালি,Neutral,2,False
একটু বেশি হয়ে গেলনা,Negative,4,False
মারুফ ভাই শুভকামনা নিরন্তর,Positive,4,False
বিয়া কৈরালাও স্বামী কে দিয়ে কাজ করাও,Neutral,7,False
ভাইয়া পুদিনা পাতা আর ধনিয়া পাতা না দিলে কি সমস্যা একটু জানাবেন প্লীজ,Neutral,13,False
মাশাআল্লাহ অনেক সুন্দর অভিনন্দন জানায় আশা করি পাশে থাকবেন,Positive,9,False
মাশাল্লাহ খুব সুন্দর খাবার,Positive,4,False
খুব খারাপ সার্ভিস,Negative,3,False
দেখেই ভাই গাঁড় থেকে জল বেরোচ্ছে,Negative,6,False
চিকনা চামেলি বলে কি,Neutral,4,False
কেমন আছেন আপু,Neutral,3,False
নাইস চাপাবাজি একবার খাইলে বারবার চাইবেন,Positive,6,False
বাহ দারুন কাজ করে যান আপু,Positive,6,False
ভাই এই যায়গা থেকে ফোন নিলে আজ নাহলে কাল কট খাইবেন গ্যারান্টি ২০০০ টাকার বদলে ১০০০০ টাকার কট,Negative,18,False
আমি হোমমেড কেক সেল করি কারো লাগলে ইনবক্স করতে পারেন,Neutral,10,False
ভাই খুব বাটপারি করতে পারে,Negative,5,False
এটার উপরে আরো ভিডিও বা এপিসোড চাই ভাই,Positive,8,False
দারুণ ভিডিও ভালো লাগলো,Positive,4,False
এমনিতেই অন্যান্য মেয়েদের মতো ফুসকা দেখলে পাগল হইনাদোকানির অস্বাস্থ্যকর পরিবেশ দেখে কখনও খেতেও ইচ্ছা করেনাতাও জীবনে মিনিমাম ৮১০ দিন খেয়েছি বান্ধবীদের পাল্লায় পড়েএটা দেখার পর আর জীবনে খাবোনা ইনশাল্লাহ,Negative,29,False
রান্না একেবারেই ঠিক হয়নি,Negative,4,False
খুব সুন্দর পরিবেশন,Positive,3,False
এর থেকে তো খাসি মুরগির রান মোটা বিশেষ করে পলিথিন দিয়ে ঢেকে রাখা উচিত,Neutral,14,False
বালতির সামনে চিৎকার করলে সব ময়লা পড়ে,Negative,7,False
এগুলো ল্যাওড়ার ফোন,Negative,3,False
মাশাআল্লাহ খুব ভালো আপু আমি যদি আপনার মতো এটা করতে পারতাম তাহলে ভালো হতো,Positive,14,False
আমাদের এখানে বেশি হলে দুইটা মাছ ১৫০ টাকা দাম আছে,Neutral,10,False
আপনার উপস্থাপনা খুবই জঘন্য মানের খুবই থার্ড ক্লাস টাইপের,Negative,9,False
আপুকে ধন্যবাদ শুনতাম বলেছে,Positive,4,False
এটা কি আমরা বাংলাদেশের যে চিনিগুড়া চাল সেটা দিয়ে রান্না করতেও ৮০৮৫ আগে কুক করে নিব নাকি তার থেকে কম নিব,Neutral,21,False
আমাকে নিয়ে নেন আপু আমার একটা কাজের খুব দরকার,Neutral,9,False
নিচের দিকের ঘামও মিশছে,Negative,4,False
পচা কাকরা,Negative,2,False
সুন্দর লাগছে রান্নাটা,Positive,3,False
সবই বুঝলাম কিন্তু ফোন নাম্বার আর নাম দেয়ার পরেই ৬৫ টাকা বিকাশে এডভান্স চায়,Neutral,14,False
চাউল সিদ্ধ করতে পানি কতটুকু দিলেন সেটা কিন্তু বলেন নি,Neutral,10,False
পাইনা সাপট,Neutral,2,False
ক্যাশ অন ডেলিভারি দেওয়া যায়,Neutral,5,False
সারা বাংলাদেশে যদি এমন ব্যবস্থা থাকতো তাহলে আমরা গরিব তাহলে আমরা গরিব,Neutral,12,False
এরা হইলো বাংলাদেশের নাম্বার ওয়ান বাটপার,Negative,6,False
আপনারা ভিডিও দেন লোকেশন দেন না কেন,Neutral,7,False
মাশাআল্লাহ অসাধারণ কথা গুলো সত্য,Positive,5,False
নাইস রেসিপি,Positive,2,False
খেতে গিয়ে একেবারে মুগ্ধ হয়েছি,Positive,5,False
ভাই আপনি যেভাবে টাইমের কথা বলতেছেন দেড় কেজি চালের বিরিয়ানি পাকাইতে ৫ সাত ঘন্টা লেগে যাবে,Neutral,16,False
যারা কেক খেতে চান তারা কিনে খাবেন ভালো না লাগলে খাবেননা হতে পারে কেকগুলো ওনার ওয়াইফ নিজে ও আরোও মানুষ সাথে নিয়ে বানায় এতে করে আরোও কিছু মানুষের আয় উপার্জন করেনলোকটি হয়তো মুখের কথায় বলে ফেলছে অনেক কেক তৈরীর কথা নিজেরা বানাক বা না বানাক তারা ব্যবসা করে খাচ্ছে খাকচুরি ডাকাতিতো করছেনা এদেশের মানুষ পারেওএকটা কিছু পেলেই হলো সামান্য বিষয়ে মাথা না ঘামিয়ে চিন্তা করে নিজের কাজ নিয়ে ভাবেন,Positive,69,False
তলের ব্যবসা ও করে মেয়ে বলেছে,Neutral,6,False
হাসে পশম ছিলো,Negative,3,False
অশালীন মন্তব্য শরীর নিয়ে,Negative,4,False
চেষ্টা ১০০ শতাংশ ফলাফল শূন্য,Neutral,5,False
ভাই ভিডিও করেন কথা বলেন ঢাকা কোথায় ঠিকানা কোথায় কিছুই বলেন না এটা কেমন ভিডিও তাহলে মানুষ কিভাবে বুঝবে কিভাবে যাবে,Negative,21,False
আমার রাখবেন কত টাকা বেতন দিবেন,Neutral,6,False
এটা কোথায় ভাইয়া,Neutral,3,False
এই জায়গাটা কোথায় ভাইয়া,Neutral,4,False
প্যাকেট ভেজা ছিল,Negative,3,False
হায়রে জাতী আরব দেশে উঠের চেয়ে গরুর মাংসের দাম বেশি,Neutral,10,False
তাও আমি খাব,Positive,3,False
আমার খুব ফিভারেট খাবার,Positive,4,False
উনার উদ্দেশ্য সৎ লাভ সামান্য পরিমাণ হলেও আল্লাহ তাআলা ব্যবসায় বরকত দেবেন ইনশাআল্লাহ,Positive,13,False
মাশাল্লাহ অনেক সুন্দর হয়েছে রান্নাটা,Positive,5,False
আমি বুঝলাম না উনি কেক বানাইয়া বিক্রি করে আপনারা না কিনলেই তো চলে অন্ধকারের ডাকে না যে ভাই আমার কাছ থেকে কেক নিয়ে যান এখন কথা হইলো উনি এত টাকা ইনকাম করতাছে সহ্য হইতেছে না আমাদের দেশের স্বভাব এরকম চোরি চোরি চুরি করে লক্ষ লক্ষ টাকা মাইরা খায় তাদের সমস্যা নাই মালের বিনিময়ে পণ্যের বিনিময় টাকা নাই এমনি এমনি টাকা নিতেছে না আপনি ভালো লাগেনা আপনি খাবেন না একজনও যদি কেউ ভাল্লাগে না তাহলে সবাইকে ভালো লাগেনা এতদিন কইছে খুব মজা নাম বাঙালি,Positive,83,False
আমি একজন কেক মাষ্টার ওনিযে বলেছে দুই জনে মিল টা কেক বানানো সম্ভব আমি আমার অভিজ্ঞতা থেকেই বলছি দুই জনে টা কেক বানানো অসম্ভব,Neutral,24,False
এগুলা কি কোরিয়ান সার্ভিসে দেওয়া যাবে,Neutral,6,False
এটা কি গাজীপুর সুলতান ডাইন নাকি,Neutral,6,False
এটা খেলে ডায়রিয়া নিশ্চিত,Negative,4,False
ওরে বুজলাম খালি হাতে মাংস নাড়াছাড়া করছেন ইতর,Negative,8,False
আর আমরা উটের মাংস কিনি ভাই গো মাত্র বাংলাদেশের ৬০০ টাকা পড়ে ৬০০ টাকা ৫০০ টাকা,Neutral,16,False
একটা দেখাইয়া আরেকটা দিয়ে মধন বানিয়ে দেবে,Negative,7,False
প্রটিভা দেখাচ্ছে নাকি,Negative,3,False
আমার ঘৃণা লাগতেছে,Negative,3,False
আমি আছি,Positive,2,False
হুচুকে বাংগালী,Neutral,2,False
আমার বাড়িতে প্রায় করি এবং আপনার শেখানোর পদ্ধতি তে বুঝতেই পারছি যদি করি নতুন মাত্রা পাবে বোঝাই যাচ্ছে দারুন হয়েছে,Positive,20,False
আমার ও একটা ফোন ডাকাতি করে নিছে,Negative,7,False
ভাই আমার একটা,Negative,3,False
সাদের জিনিস,Neutral,2,False
এখনই চলে আসবো নাকি,Neutral,4,False
ভাই আমি এখনো চেয়ার পেলাম না,Neutral,6,False
শালার ব্যাটা গরিবের হক মারে,Negative,5,False
খুব অসাধারণ টেকনিক,Positive,3,False
এটা ১৫০০ টাকা,Neutral,3,False
বেশি দেখানো যাবে না ওরে বাটপার,Negative,6,False
ওয়াও মিস করি বাংলাদেশের খাবার,Positive,5,False
ভাই দোকানটা কোথায়,Neutral,3,False
আলহামদুলীল্লাহ সব মজার আয়োজনআপু মনে হয় পোলাও চাল টা নতুন ছিলো,Positive,11,False
মুখে পানি চলে আসলো আমার ফেভারিট চিংড়ি মাছ,Positive,8,False
হবিগঞ্জ জেলায় কি ডিলার নেওয়া যাবে,Neutral,6,False
ভাই আমিও শুরু করতে চাচ্ছি নাম্বার দিলে উপকার হতো,Neutral,9,False
বেটায় কয় মুরগীর ডিম আপনে কন ঘোড়ার ডিমবেটায় কয় সাদা ছোলা আপনে কন ২ নাম্বার ছোলা কিনাআপনের কথা বার্তার স্টাইল ঠিক করেন আগে তারপর ফুড ব্লগিং করেন মিয়া,Negative,28,False
নতুন কারা কারা নতুন আছো চলো একে অপরকে সাপোর্ট করি,Positive,10,False
নতুনদের সারা চাই রিপ্লে কমেন্ট,Neutral,5,False
রান্না টা সুন্দর কিন্তু মুরগীর গিলা কলিজা উফ্ একটা গন্ধ খাওয়া টাই নষ্ট,Negative,13,False
আমি ধন্যবাদ ভাই ব্যবসা শুরু করব ধন্যবাদ,Positive,7,False
ভাই আমি বসে বসে আছি এখন কি করব ভেবে পাচ্ছি না,Neutral,11,False
অনেক কষ্ট করছেন,Positive,3,False
ডাকাত দেখতে কক্সবাজার যানমজার বিষয় এ ডাকাতদের কাছে সবাই যায় ডাকাতি হতে,Negative,12,False
হার্টের রিং লাগানোর ব্যবস্থা করা এই সব খাবার খেয়ে,Negative,9,False
ঘ্রাণটা একটু হালকা,Neutral,3,False
ইউটিউবে এক কথা দোকানে আরেক কথা,Negative,6,False
সবজি নরম ছিল,Positive,3,False
সবাই পাশে থাকবেন তবেই তো এগিয়ে যেতে পারবো তাই না,Positive,10,False
আপু আমি করবো আমাকে কাজ টা দিবে আমার নাম্বার অঃ,Neutral,10,False
উৎসবের জন্য মানানসই,Positive,3,False
এই গুলো কী কাঠের নাকি,Neutral,5,False
বাহ দেখে বেশ ভালই লাগলো,Positive,5,False
এটাই বাংলাদেশ,Neutral,2,False
আপুটির শক্তিশালী ছেলে দরকার দুর্বল ছেলেরা দূরে থাকো,Positive,8,False
মনার মা তুমি কলা পাতা পাইছো কই,Neutral,7,False
সবাই আবেগি এক কেজি কাচা মাংস রান্না করে ওজন করলে মিনিমাম ২ কেজি ওজন হবে,Neutral,15,False
একটা কুরিয়ার হবে,Neutral,3,False
কুয়েতে উটের মাংস সবচেয়ে স্বস্তা এরচেয়ে মহিষের মাংস ও অনেক ভালো,Neutral,11,False
আমি নিতে চাই দাম কতো এবং কোথায় যেতে হবে,Neutral,9,False
সারা রাত ঘুমাইলে কি মিরপুর থেকে আসা যেতো না,Neutral,9,False
এতো বেশি মসলার খাবার আর পরিবেশ দেখলে আর খাবার ইচ্ছে শেষ স্বাস্থ্যসম্মত খাবার কি বুঝেন তো,Negative,16,False
কাজ করলে নক দেন আশা করি কেউ ঠকবেন না কাজ হবে ১০০ সিউর,Positive,13,False
এলাজী চুলাকানী খুব বেড়ে যায়,Negative,5,False
ইয়েস সাহস টা করেন এটাই সত্য,Neutral,6,False
এই কাজ করতে ল্যাপটপ লাগবে কি,Neutral,6,False
ঢাকায় নতুন নাকি,Neutral,3,False
বইন ওইটা ১৬০০১৮০০ টাকাই,Neutral,4,False
আমি নিজে ফুচকা বানিয়ে খাই তাই টেনশনও নাই,Positive,8,False
আপনি যে বিরিয়ানি রান্না করলেন এটা কয়জন খেতে পারবে,Neutral,9,False
আলহামদুলিল্লাহ শুনে অনেক ভালো লাগলো,Positive,5,False
দোয়া রইল আপু আমাদেরকে একটু সাপোর্ট কর আমাদের জন্য শুভকামনা,Positive,10,False
ইয়া আল্লাহ ৮শত টাকা এতো দাম এইগুলা কি আমরা খেতে পারবো এতো টাকা,Negative,13,False
ফুল ঠিকানা চায়কুরিয়ারে মাল দেওয়া যাবে,Neutral,6,False
একটা কেক ওভেনেই সময় নেয় মিনিট কি ভাবে মিনিটে কেক বানায় বুহা,Neutral,12,False
প্রিয় একটা খাবার,Positive,3,False
সাপোর্ট চাই,Neutral,2,False
আমি নতুন ছাপোট চাই,Neutral,4,False
৩০ টাকা কোন বিরানি আছে নাকি মরা মুরগি বিরানি,Negative,9,False
আমি তো সবার ভিডিও দেখি তাহলে আমার ভিডিও কেউ দেখে না কেন,Neutral,12,False
খোলা খাবার কিভাবে খায়,Negative,4,False
আমার প্রিয় খাবার,Positive,3,False
ভাই অসাধারণ তরকারী,Positive,3,False
খুব ভালো কাজ,Positive,3,False
অনেক মজাদার লাগতেছে আপু,Positive,4,False
অসুস্থ হলে কেক বানায় কিভাবে পাবলিককে পাগল বানায়,Neutral,8,False
উনি ঘুঘনি বেচে আর রমাদানে শিক্ষিত খাসি বেচে,Negative,8,False
লোকেশন কোথায় এটা কেউ যানলে বইলো,Neutral,6,False
শরীরের অবস্থা ঘামে ভেজা,Negative,4,False
কোথায় ঠিকানাটা জানিনা,Neutral,3,False
আমারা খাইতেই পারি না এরা তো খায় কিভাবে,Neutral,8,False
ব্রাহ্মণবাড়িয়া কুমিল্লা পরকীয়া বেশি হয় অবৈধ সংসার বেশি,Negative,8,False
চমৎকার একটা বেবসা ভাই,Positive,4,False
আমার অনেক পছন্দের খাবার,Positive,4,False
দাদা একটা ভুল হয়ে গেছে সবকিছুই চমৎকারভাবে দেখাইছেন এবং ঠিকই আছে ঢাকাতে আছি প্রায় ২২ বছর যেগুলো দেখাচ্ছেন এগুলোর মধ্যে কোন চোরাই মার্কেট নেই,Positive,24,False
কুকুরের কিনা সন্দেহ ও হয়আবার নাকি ৮০০ টাকা টাকাতো গাছের পাতা তাইনা,Negative,12,False
অনেক মজা হবে খেতে,Positive,4,False
উনি আসলে বড় মনের মানুষ দোয়া রইল আল্লাহ আপনাকে ব্যবসায় বরবাদ দান করুক,Positive,13,False
চামচ দিয়ে তরকারি বাটিতে তুলিলে ভালো লাগতো ভাই,Positive,8,False
বিরিয়ানিতে ধনিয়া পাতা পুদিনা পাতা এর থেকে ভাল বিরিয়ানি আমি বানাইতে পারি,Negative,12,False
এই ইনফরমেশনটা খুব প্রয়োজন ছিল ধন্যবাদ ভাই,Positive,7,False
দাম অনেক বেশি হয়,Negative,4,False
আমি শাড়ি নিতে চাই বগুড়া থেকে বলছিলাম,Neutral,7,False
ভাই পুরো লোকেশনটা দেন বুঝি নাই,Neutral,6,False
মরা মুরগির বিরানি,Negative,3,False
শুধু ভিডিও করলে হবে না রেসপন্স সিস্টেম ভালো রাখতে হবে,Neutral,10,False
আবার কিনতে আগ্রহী,Positive,3,False
বাসমতি চাউলের দাম কত প্যাকেট,Neutral,5,False
একটা ক্যামেরার খুব দরকার আছে আমার তাও কত দাম পাবো,Neutral,10,False
তোমরা নিজে কে খুব চালাক মনে করো আমরা বুঝি তোমরা কি বিক্রি করো আমরা তোমাদের এই বাজে জিনিস কিনি না,Negative,20,False
আমার কথা হচ্ছে আপনার ভালো লাগলে খাবেন নয়তো না খাবেন ওনি নিজে বানায় নাকি কিনে আনে জেনে কি লাভ,Neutral,19,False
অনেক মজা খাবার,Positive,3,False
অতিরিক্ত ঝাল খাওয়া যায় না,Negative,5,False
লোকেশন বলেন ভাইজান,Neutral,3,False
দারুন রান্না হয়েছে,Positive,3,False
এসএসসির রেজাল্ট কিভাবে দেখা যায় এই বিষয়ে একটি ভিডিও বানান,Neutral,10,False
আমি আলু সিদ্ধ পারি,Negative,4,False
ভাই আমি আপনাকে জিমেইল এ নক দিছি আমার একটা সমস্যার কারণে কিন্তু আপনি আমার এসএমএস এর কোন রিপ্লাই দাওনি,Negative,19,False
করতে চাই,Positive,2,False
গ্লাভসের ব্যবস্থা করেন,Neutral,3,False
অনেক সুন্দর তো,Positive,3,False
খাবার নরম ছিল,Positive,3,False
ওয়াও খুব মজার খাবার,Positive,4,False
আলু ভর্তা বেগুন ভর্তা টমেটো ভর্তা সবগুলো অনেক অনেক পছন্দের,Positive,10,False
দারুন মজা হবে,Positive,3,False
আমার অফিসের নিচে,Neutral,3,False
অসাধারণ খুব সুন্দর,Positive,3,False
অনেক সুন্দর হয়েছে ধন্যবাদ,Positive,4,False
আমনে আর ছবি পাইলেন না মনেতো হইতাছে আমারেই সাধতাছে খান আপু,Neutral,11,False
খেতে অনেক মজা লাগবে,Positive,4,False
কুত্তা বিরানি,Negative,2,False
কিভাবে সম্ভব,Neutral,2,False
আল্লাহ ব্যাবসা কে হালাল করেছেন আর সুদ কে করেছেন হারাম,Positive,10,False
এ্যাঃ ছিঃ ছিঃ ছিঃ আস্তাগফিরুল্লাহ,Negative,5,False
আল্লাহ আপনাদের নেক হায়াত দান করুন,Positive,6,False
কোন জন্তুর খাবার এটা,Negative,4,False
বোকাসোদা জনগণ,Negative,2,False
মাশাল্লাহ একজনের দ্বারা আরো ৪০ জন কর্ম করে খেতে পারে আলহামদুলিল্লাহ,Positive,11,False
হাসে মাংশের পাসের দোকানে,Neutral,4,False
এরা ধোকাবাজ কারো ভালো হবে না,Negative,6,False
৩হাজারই লস জাস্ট ৩০মিনিট চালাইলেই বুজবেন আমার এক বন্ধু নিছিলো গুলিস্তান থেকেঅনেক আগেআর কিছু বলমোনা,Negative,15,False
পার্সেল পাবো,Neutral,2,False
এটুকুই দেখা বাকি ছিল,Negative,4,False
মোটামুটি সন্তুষ্ট,Neutral,2,False
চাচার মাংস বিক্রি করলেই ভাইরাল হবেন,Positive,6,False
একজন কেক বিক্রেতা যেভাবেই বানাক মানুষের ভালো লাগলে খাবে নয়তো খাবে না সে তো আর জোর করে বিক্রি করতেছে না এতে এতো নেগেটিভ বলার কি আছে কেমনে বানায় কি করে,Positive,30,False
সত্য কথা বলো তোমাকে খেলতে পারবে ভালো করে এটা বল,Neutral,10,False
সুন্দর ভিডিও এরকম আরও দিন,Positive,5,False
ভাই মাংসটা কিসের টাকায় বিড়িয়ানি আবার মাংস,Negative,7,False
খাওয়ার পর পেট খারাপ হয়েছে,Negative,5,False
বাহ দারুন তো জানতাম না আমাদের দিনাজপুরের ১৫০ টাকা এত সুন্দর সুন্দর খাবার পাওয়া যায় অবশ্যই বড় মাঠে যেতে হবে কালকেই,Positive,21,False
প্রোডাক্ট মোটামুটি,Neutral,2,False
ভাই আমার জন্য পাঠান আমি টাকা পাঠাবো,Neutral,7,False
মিথ্যা ভুয়া প্রতারণা,Negative,3,False
কম নড়াচড়া করে কাজ কর,Neutral,5,False
খেলাম বাট মাংস পেলাম না এতো,Negative,6,False
চলবে না,Negative,2,False
কোন জায়গায় পাওয়া যায়,Neutral,4,False
এটা কোথায়ভোলা উকিলপাড়া,Neutral,3,False
সর্বপ্রথম এভাবে খাবার নিয়ে কথা বললে বেশি জোরে জোরে কথা বললে নিজের থুথু টাই নিজের খাবারে পড়ে আপনারা ভালো করে খেয়াল করে দেখবেন খাবার সামনে নিয়ে এভাবে কেন দরকার কথা বলার আসলে বুঝে না অনেকই বিপদে পড়ে খায়,Negative,38,False
তেল দেওয়ার দরকার নেই গা থেকেই পড়ছে,Negative,7,False
চর ভোদা,Negative,2,False
আমি আশবো আপু,Neutral,3,False
আমি তো ভাই চিংড়ি মাছের বিড়াল প্রায় আড়াই বছর উপরে হবে,Neutral,11,False
ভাই এই মার্কেট কোথায় ঠিকানা চাই,Neutral,6,False
১৫৮০ টাকা দিয়ে রেজিস্ট্রেশন করে হাতে থাকা স্মার্টফোন দিয়ে,Positive,9,False
আমার মোবাইল চুরি হয়েছে গত মে মাসে কিন্তু জিডি করতে পারিনি,Negative,11,False
গু খা গু,Negative,3,False
গুরুত্বপূর্ণ টাকা দিয়ে বুষ্ট করেন ভাই সরার জানা উচিত,Neutral,9,False
নিতে চাই ডেলিভারি হবে,Positive,4,False
ভাই এর জন্যে এর মধ্যে এর দুই একটা জানাবেন ভাই,Neutral,10,False
এই জায়গা থেকে ফোন কিনে থানায় জমা দিতে হয়েছে চোরাই ফোন ছিল,Negative,12,False
মুরগির কেজি ১৬০ টাকা সেই মুরগির দাম এত কম কিভাবে হয় নিজের কি লস করে বিক্রি করতেছে সাবধান কারণ এখন মানুষের ধর্ম ঠিক নেই দুই টাকা লাভের জন্য মানুষ মরা বা ভালো খাবার কে খারাপ খাবারের সাথে মিশিয়ে লাভবান হচ্ছে ১৬০ টাকা কেজি মুরগি কিনে সে কখনোই ত্রিশ টাকা বিরিয়ানি আর অন্যান্য সব কিছু এত কম দামে বিক্রি করবে না,Negative,60,False
কসমেটিকের ব্যবসা চোরের ব্যবসা মানুষকে ঠকানো হয় ৫০ টাকা দামের জিনিস টাকা বিক্রি করা,Negative,14,False
সুপ খাইনা মাংস খাব হাঁসের,Neutral,5,False
ভন্ডপ্রতারকঅনেক লোক ধরা খাইছে এদের মত বাটপারদের কারনে,Negative,8,False
ভাই হতাশ,Neutral,2,False
ওফ দারুন,Positive,2,False
ভাইয়া অনেকে ইউটিউব এ অনেক রকম ভিডিও বানায় সেখানে গানের মিউজিক টা কিভাবে লাগায়,Neutral,14,False
খাওয়ার সময় একেবারে খুশি লাগছিলো,Positive,5,False
কি একটা জঘন্য অবস্থা যারা এইগুলা দেখার পরে এমন খাবার খায় তাদের রুচিটা যে কত নিম্ন আর জঘন্য মানের তা আর বলার অপেক্ষা রাখে না,Negative,25,False
ভাই চিকেন রান্না করা লাগবেনা,Neutral,5,False
আমরা নবাবগঞ্জ এর বাড়ি কখনো গেলে খেয়ে আসবো ইনশাআল্লাহ,Positive,9,False
অনেক মানুষ মেথির ব্যবহার না জেনে খেয়ে আরো গেষটিক বেড়ে গেছে,Negative,11,False
চোরে কার না,Negative,3,False
ভাই কথাগুলো কি সত্যি নাকি শুধু ভিডিওর জন্য,Neutral,8,False
লোকটার মনটা অনেক বড় তার জন্য দুআ ও ভালোবাসা থাকলো,Positive,10,False
মাশাআল্লাহ আল্লাহর ব্যবসার মধ্যে বরকত দান করুক আমিন,Positive,8,False
রাত ৩ টা ঘুমিয়ে কেউ ৫ টায় উঠতে পারে না এটা অসম্ভব,Neutral,12,False
খুব উপকারী ভিডিও দিয়েছেন প্রিয় ভাই আসুন সবাই মন থেকে কাজ করি,Positive,12,False
ওরে বাবা রে,Positive,3,False
ওর গায়ের যে অবস্থা লবন লাগবে না এখানে দরকার শুধু ভোক্তা অধিকার,Neutral,12,False
এভাবে ঘরোয়া পদ্ধতিতে সিফুড রান্না করলে সবাই খেতে পারবে,Positive,9,False
শীতের দিনে হাঁসের মাংস,Positive,4,False
এর হাগু করার সময় ক্যামেরাম্যান একটা ইন্টারভিউ নিও তো মুতু করার সময় ও একটা নিও পাছার কাছে তোমার মাইক্রোফোনটা রাইখো পাদলে ক,Neutral,22,False
ভাই তাদের ব্যবহার কেমন,Neutral,4,False
দীর্ঘ চল্লিশ বছর ধরে বিক্রি করতেছে খাসির ধন সোনা বিচি,Neutral,10,False
জাপান থেকে বাংলাদেশে পন্য পাঠানোর র্নির্ভরযোগ্য কোনো মাধ্যমের ব্যপারে জানা থাকলে জানাবেন দয়া করে,Neutral,14,False
আপু গুড,Positive,2,False
৩০ রিয়াল কিলো,Neutral,3,False
এখানে যত টাকা লেখা থাকে তত টাকাই লাগবে নাকি বেশি,Neutral,10,False
হাঁসের মাংসে হাড় বেশি,Neutral,4,False
লম্বা শিফটে কাজের ক্লান্তি দূর করতে হোক গরম গরম খাবার,Positive,10,False
করিম উল্লাহ মার্কেটে চোরাই ফোন আসে,Negative,6,False
এত রুচি মানুষের,Positive,3,False
ফানি না ভাই পানি,Neutral,4,False
সুপ খেতে হলে তাই চলে আসুন ভাই,Positive,7,False
এই শিতে এখনো হাঁস খাইনি,Neutral,5,False
দোকানের নাম ও নম্বরসহ সম্পূর্ণ ঠিকানা দিন,Neutral,7,False
মহান আল্লাহ সবাইকে হেফাজত করুক,Neutral,5,False
আপনার ভিডিও দেখে শুকর এর মাংস এর বিরিয়ানি বানিয়ে খেয়েছি খুব সুস্বাদু হয়েছে,Positive,13,False
এখানে কেউ বলতেছেন ৫০ টাকায় পাওয়া যায় কেউ বলতেছেন ১৫০ টাকায় পাওয়া যায় হয়তো পেতে পারেন কিন্তু প্রোডাক্ট এর ভিতরে অনেক পার্থক্য থাকে একটা প্রোডাক্টের ৩৪ টা কপি থাকে তাই দামও ভিন্ন থাকে এগুলো যারা পাইকারি কিনে তারাই বুঝে এমন একটি প্রোডাক্ট যেটা কিন,Neutral,44,False
দার টাকা রিটান করছেন,Neutral,4,False
কত টাকা দাম বাংলাদেশি টাকাই সেটা কিভাবে দেখবো কারো জানা থাকলে জানবেন প্লিজ প্লিজ প্লিজ প্লিজ,Neutral,16,False
সুবদর ব্যাবসা,Positive,2,False
পাএর ব্যায়াম এবং মসৃণতা বাড়ে মজা ও কম নয়,Positive,9,False
এই ভাবে রেট বলে দিলে ব্যবসা কি ভাবে করবো ভাই,Negative,10,False
গোলাপ জল কেওড়া জল কোথায়,Neutral,5,False
দাম অনুযায়ী ঠিক আছে,Neutral,4,False
আমার চুল শেষ,Negative,3,False
খুব তীব্র গন্ধ,Negative,3,False
যারা চোর বাটপার এরা একটু বেশি কথা বলে,Negative,8,False
আকাশ আলো,Neutral,2,False
এটা মাটন আছে না অন্য কিছু আছে কিভাবে বুঝলো,Neutral,9,False
ব্যবহার করে ত্বকে জ্বালা হয়েছে,Negative,5,False
বাহ দারুন আপু সত্যি দেখেই বোঝা যাচ্ছে মজা হইছে,Positive,9,False
আমি ও বানাবো,Positive,3,False
এটা পাইকারী মার্কেট এইজন্য দাম অনেক কম আর এগুলো টাকার দোকান যেখানে পুরনো বা নষ্ট নোট পরিবর্তন করে নতুন নোট নেওয়া যায়,Positive,22,False
হিংসা অহংকার না করে আসুন আমরা সবাই মিলেমিশে কাজ করি ইনশাআল্লাহ আপনি আমার পাশে থাকবেন আমি আপনার পাশে থাকবো,Positive,19,False
সত্যি অসাধারণ একটা অনুভূতি প্রকাশ পাচ্ছে,Positive,6,False
নিয়ে কুরিগ্রাম থেকে,Neutral,3,False
কোন এলাকায় এটা,Neutral,3,False
সেতি বলে পড়ালেখা ও করে,Neutral,5,False
যেমন দূর্নীতি তেমন দাম সেই হয়েছে,Negative,6,False
পাকিস্তান থেকে ড্রেস কিভাবে আনব ভাইয়া একটু জানাবেন প্লিজ ব্যাক মূলত ব্যবসার জন্য,Neutral,13,False
ভাই আম্বার আইটি পাসওয়ার্ড কীভাবে চেঞ্জ করব,Neutral,7,False
আসলেইতো সুন্দর,Positive,2,False
গেছিমাল ভালো না,Negative,3,False
আপু আপনার রান্না দেখে জিবে জল চলে এসেছে লোভনীয় খাবার,Positive,10,False
ভাই আপনার দোকান কোথায় এবং ফোন নাম্বার দেওয়া যাবে,Neutral,9,False
তারা আপনার লিঙ্ক থেকে কিনেনি থেকে কমে কিনে করে কারণ চীনার ভিতর কখনো দেয় না তাই সম্ভব নয় তারা হয়তো থেকে কিনেছে,Neutral,22,False
কোথায় আসতে হবে আপি,Neutral,4,False
যে একবার কিনে সে বুঝে সস্তার তিন অবস্থা,Neutral,8,False
আমি স্বাবলম্বী হতে চাই পুঁজি নাই সাহায্য করবেন,Negative,8,False
দাদা আমার তো পুঁজি নাই ব্যবসা হবে কিভাবে,Negative,8,False
ভয়ংকর নোংরা,Negative,2,False
দারুন খাবার,Positive,2,False
আল্লাহ বরকত দান করুক,Neutral,4,False
এই লোক দাড়ি রায়খা মানুষকে ঠকাযতেচে,Negative,6,False
এই ঘ্রাণটা আমার জন্য ভালো,Positive,5,False
আমি একটা কিনবো তার লিস্ট এর ছবি কিভাবে আপনার পাঠাবো উওর টা দিবেন,Neutral,13,False
আর লোভ সামলাতে পারতেছি না আপনাদের লোকেশন টা লোথায়,Neutral,9,False
বেশি নাটক খাওয়ার পর সোজা কবরস্থান,Negative,6,False
চমৎকার লাগলো ভাই আলহামদুল্লাহ,Neutral,4,False
একদিন যাবো কান্না কইরেন না,Positive,5,False
লোকেশন বলেন,Neutral,2,False
কে বলেছে দেশ গরীব,Positive,4,False
ওনার ভিডিও দেখে কেউ পণ্য কিনবেন না,Negative,7,False
কোখায় এটা,Neutral,2,False
আহারে আর আমরা সৌদি আরবে৷ মাএ ২০ রিয়াল দিয়ে এক কেজি খাই,Neutral,12,False
অসাধারণ একটি পোস্ট,Positive,3,False
তোদের খেতে বলছে কে,Neutral,4,False
অসম্ভব সুন্দর খুব মনে হচ্ছে টেস্ট,Positive,6,False
ফলো দিয়ে কমেন্ট করে আসুন সাথে সাথে ফলো ব্যাক পাবেন,Neutral,10,False
অসংখ্য ধন্যবাদ ভাই প্রথম কমেন্ট,Positive,5,False
আওয়াজ তোলা খুব জরুরী,Neutral,4,False
ভাই জায়গার নাম বলবেনকোন জেলায়,Neutral,5,False
একবারেই সমস্যা,Negative,2,False
যে অরজিনাল কাগজপত্র ছাড়া কিনবে জরিমানা সহ দৃষ্টান্তমূলক শাস্তি স্থাপন করার আইন করা হোক,Negative,14,False
ওরা যে পরিমাণ চার্জ করে তা বলার ভাষা রাখে না আবার আমার একটা পণ্য রিকোয়েস্ট করতেও ৬৫ টাকা নেয়,Negative,19,False
এটা হিডেন প্লেস লাইক সিরিয়াসলি,Negative,5,False
খুব সুন্দর রেসিপি হয়েছে,Positive,4,False
এটা খুব খারাপ লাগলো একজনের সঙ্গে এমন করে নিজের রুজি বন্ধ করে দিল এদের ধিক্কার দিই,Neutral,16,False
৪০০ টাকাও বেশী হয়ে গেছে,Negative,5,False
সবাই ইচ্ছে করে ওনাকে খারাপ করতেছেন ওনি ঠিকই আছেন আপনারা নিজেরা নিজের দোষ না খুঁজে অন্য র দোষ খুঁজতে ব্যস্ত,Neutral,20,False
এহ ছোডো মোডো বেডি কত বড় চেয়ারে বইছে,Neutral,8,False
আমি নিবো কত করে,Neutral,4,False
পণ্যটি খুব সুন্দর ব্যবহার করে খুশি,Positive,6,False
দেখেই খেতে মন চাচ্ছে,Positive,4,False
মাশাল্লাহ অনেক লোভনীয় খাবার,Positive,4,False
আমাদের দেশের মানুষকে গু দিলে তা সবাই ভাইরাল করে খেতে চলে যাবে,Neutral,12,False
৩০ টাকায় কিসের বিরিয়ানি পাওয়া যায় কুত্তার বিরিয়ানি মনে হয়,Negative,10,False
আলাউদ্দীন আহমেদ ভাই কোন জায়গায়,Neutral,5,False
জাইনা মাঙ্গের চেহারা যারা আবার,Neutral,5,False
মাশাআল্লাহ ভাইয়া অসাধারন হয়েছে,Positive,4,False
খাওয়ার রুচি শেষ,Negative,3,False
৫০০০হাজার টাকা দিয়ে কি ব্যবসা করা যাবে,Neutral,7,False
এদেরকে সাচতি দেয়া হোককি দেখতে হচ্ছে আমরা কি খাব,Negative,9,False
মেয়েটা একদম সঠিক দাম বলছে এটার দাম ছিল না এটা তার জবাব ছিল,Positive,13,False
কি লোভনীয়,Positive,2,False
খুবই বাজে অভিজ্ঞতা,Negative,3,False
ভেজে নিবো নাকি জাল,Neutral,4,False
আমি দেখছি তবে কেনার সাহস পাইনি,Negative,6,False
খাবারের মধ্যে পুরনো গন্ধ ছিলো,Negative,5,False
এই মেসিন কিভাবে পাওয়া জাবে জানাবেন,Neutral,6,False
পিটুনি হোক আর জিডি করলে পুলিশ কিছু করতে পারে না,Negative,10,False
কত টাকা বিক্রি হয়ছে জানার ইচ্ছে আমার,Neutral,7,False
পারফিউমের মান গড়পড়তা,Neutral,3,False
কি একটা অবস্থা,Negative,3,False
কাম সারছেরে আমার জেলার মানুষ,Neutral,5,False
কাস্টমারের শরীরের উপর পড়ছে,Negative,4,False
ওই দোকানে আমি জীবনেও যাবো না কারন মেয়েদের চুল দেখলে গা শিওরে ওঠে খাবারে যদি একটা চুল পরে,Negative,18,False
শীতকালে খেতে ভীষণ পছন্দের আমার,Positive,5,False
জ্বালা করেনি,Positive,2,False
ফোনে দাম কতে হবে,Neutral,4,False
মসলা ঠিকঠাক দেওয়া,Positive,3,False
আসলে অনেক মজা,Positive,3,False
আমিও ভাই লুঙ্গি পড়তে পারি না,Neutral,6,False
দোকানে বিক্রির জন্য ক্যাটালগ বই তৈরির মতামত দিচ্ছি,Neutral,8,False
কমেন্ট বক্সে ভিতর এত ভালো মানুষ কোথা থেকে আসে বুঝিনা নিজেদের জীবনে অনেক মানুষের সাথে তুলনা করে,Positive,17,False
মাদার চোদের খাবার বস্তির লোক ছারা কেউ খাবে নাহ খানকির ছেলে কিভাবে ডান হাত বাম হাত৷ নোংরা ভাবে দরাদরি করতাচে বিডিওতে দেখ,Negative,22,False
প্রোডাক্ট দেখানোর চেয়ে কথা বলেন বেশি এটা ঠিক না,Negative,9,False
ভাইরাল মানেই বাঁশ,Neutral,3,False
কি দেশ আমার চোরা বাজার প্রকাশ্যে চলে,Negative,7,False
চিংড়ীর মাঝ খানে একটা রগ থাকে এটা নিয়ে নিতে হয়এখানে তা করে না,Negative,13,False
জীবনে যদি অনেক বড় হতে চাও তাহলে লক্ষ্য ঠিক করো তারপর সঠিক ভাবে কাজ করে যাও,Positive,16,False
পরলে স্মার্ট লাগে,Positive,3,False
হুদাই মাসে লাখ টাকা লাভ এর মত ছোট বড় হাজার পেজ আছে,Negative,12,False
ইহা চোরাই মালের কারখানা,Negative,4,False
কেউ জিজ্ঞেস করলে বলিস এটা ইন্ডিয়া,Neutral,6,False
মাশাল্লাহ অনেকগুলো দিয়েছে সেই স্বাদ হবে,Positive,6,False
বোকাচন্দ্র জাতী আমার৷ সৌদি আরবে আমরা খাই না ১৮২০ রিয়াল মানে বাংলাদেশি টাকায় ৬০০ টাকায় পাওয়া যায় আর বোকাচোখারা ৫৫০০ টাকা,Negative,21,False
ঠাকুরগাঁও কোনযায়গা বিক্রি করেএইমাংসএকটুবলুন,Neutral,4,False
ভাই আমাদেরকেও বলো কিভাবে এই সাম্রাজ্য প্রতিষ্ঠা করতে হয় আমদেরকে রোডম্যাপ দাও,Neutral,12,False
আমরা সব সময় বাহিরের খাবার না খাওয়ার চেষ্টা করি,Positive,9,False
নাটক কবে শেষ হবে,Negative,4,False
খুব সুন্দর ভিডিও ভালোবাসা অবিরাম আপু,Positive,6,False
শালারা বাটপার মনে হয়,Negative,4,False
টাকা একটু কম হয়ে যায় টাকা করলে তার একটু প্রস্থ,Neutral,10,False
আমি খেয়েছি একদম ফালতু একটা বিরানি হয় এটা বিশ্বের সেরা বিরানি বাংলাদেশী,Negative,12,False
চাচা কি এই বুধবার বসবে আপু,Neutral,6,False
রকমারি সসের মিশ্রণটাই বেশি লোভনীয় সি ফুড সত্যি দুর্দান্ত দেখতে হয়েছে,Positive,11,False
এইটা শুধু একজন মেয়ে পারে ২০০০ টাকার জিনিস ২০০ টাকা বলতে,Positive,11,False
এইসব খাইও না,Negative,3,False
অনেক মজা রান্না হইছে ভাই,Positive,5,False
প্রেসার কিভাবে কমবে,Neutral,3,False
মাংস কি আলাদা করে সিদ্ধ করতে হবে,Neutral,7,False
চাচাকে চিনেছেন অই এইডা ঢুকাই না কেন,Neutral,7,False
একদম ফ্রেশ খাবার,Positive,3,False
আসসালামু আলাইকুম ভাই একাধিক ভিডিও কিভাবে এডিট করে একটা ভিডিও বানানো যায়প্লিজ এটার একটা ভিডিও বানান,Neutral,16,False
মিথ্যা কথা,Negative,2,False
ওকে নাম্বার দেন না কেন,Neutral,5,False
আরে ভাই এটা তো ব্যবসা না এটা রূপের ব্যবসা নতুন প্রজন্মের কাছে তিনি একজন রানী পরবর্তীতে তিনি সবাইকে ক্রাশ খাইতে চায় লায়লা বানুর মতো,Negative,24,False
৭ টাকা ৫০ পয়সা প্রতি গ্রামের দাম,Neutral,7,False
অন্য ডিষ্ট্রিক্টের মাইনষেরে আবাদি ডাকিয়া গলা লম্বা অই গেছে নানি এর দায় সিলেটী হখলরেও আবাদি ডাকা শুরু খরছইন না কিতা,Neutral,20,False
সাথে আমার ২০২০ সালে দেখা হয়েছিল এবং তিনি সেই সময় একটা গেম খেলেছিল যে বাইক মানুষকে উপহার দিয়ে তিনি কোটি কোটি টাকার কোর্স বিক্রি করেছেন ঠিক তারই পথ ধরে আজকে এই ভাই নতুন করে ম্যাকবুক দিয়ে টাকা ইনকাম করার ধান্দা এগুলা হচ্ছে বাংলাদেশের কীট মানুষ ঠকানো নতুন কোওশল,Neutral,48,False
আচ্ছা আপনি বাব বার ফ্লেবার শব্দ টা উচ্চারণ করেছেন ফ্লেবার অর্থ স্বাদ যদি বোঝান ঘ্রান তাহলে সেন্টবা ইস্মেল আপনার কথাতে ফ্লেবার মানে ঘ্রাণ বুঝিয়েন নাকি,Neutral,25,False
বাহ্ অসাধারণ,Positive,2,False
দেশিও সাধ দেশিও রান্না আহা,Positive,5,False
ভাই আপনাকে দেখে সত্যি অনকে সাহস পাই অবশ্যই আপনার সাথে দেখা করবো,Neutral,12,False
অভাব নয় ভাই স্বভাব খারাপ,Negative,5,False
কখন খাবো,Neutral,2,False
এগুলো চুরির মাল এর জন্য তিন হাজার টাকা,Negative,8,False
মেয়েদের প্রিয় খাবার,Positive,3,False
উপকারী ভিডিও,Positive,2,False
পরিবেশন ভালো ছিল না,Negative,4,False
আসসালামুয়ালাইকুম সবাইকে প্লিজ কেউ যদি জানেন আমার প্রশ্নটার উত্তর দিবেন আমি নতুন পাসপোর্ট করছি কিছু দিন আগে এখনো হাতে পায়নি কিন্তু আমি যখন সিগনেচার দিছিলাম পাসপোর্ট এর জন্য তখন আমার সিগনেচার এর মধ্যে উল্টা হয়েছে আর এটা না দিয়ে দিছি এই ভাবে কিন্তু দুইটা এই ভাবে দি নাই উল্টা দিকে ঘুরে দিছি তাই কোন সমস্যা হবে কি না প্লিজ কেউ বলেন,Neutral,61,False
অনলাইনে ওখানে দাম কম,Neutral,4,False
বাংলাদেশের ইলিশ মাছের দাম বেশি অতিরিক্ত দাম সিন্ডিকেটের কারণে সবাই এই সিন্ডিকেট দূর করতে হবে ৪০০ টাকার কেজি কিনা যাবে না এটা,Negative,22,False
আমিও নিতে চাইছিলাম,Neutral,3,False
উদ্যোক্তা হওয়া সবচেয়ে বেটার,Positive,4,False
গরুর মাংস বিক্রি করতে কি হয় বুঝি না শুধু মাটন আর মাটন,Negative,12,False
মা শা আল্লাহ,Positive,3,False
মরা মুরগীর বেশি আমদানি করা খাবার,Negative,6,False
অসাধারণ রেসপেক্ট আপনার শ্রম কে আপনার উদ্যেককে,Positive,7,False
আপনি নিজে কতটা সেল করেছেন দেখান সত্যিই লাভজনক কিনা,Neutral,9,False
ভিডিও টা দেখার পর লে,Positive,5,False
কাপড় ধোয়ার পর রঙ উঠে গেছে,Negative,6,False
ফুচকা বানানো সহজ ঘরেই ভালভাবে বানানো যায়,Positive,7,False
তাই নাকি,Neutral,2,False
আমার জিবুন টা সেস কইরালাইছে,Neutral,5,False
গষেবনা করে দেখলাম আমার কমেন্টের প্রথম শব্দই ভুল পড়েছেন তার মানে কমেন্ট ভাইরাল,Neutral,13,False
ভিতরে পাকনা,Neutral,2,False
তো সমস্যা টা কোথায়,Neutral,4,False
সুপ কোথায় গেলে পাব,Neutral,4,False
ভাই আমি নতুন ইউটিউবিং শুরু করছি আপনার ভিডিওর কোয়ালিটি আজকের মতো ক্যামেরাটা কত দিয়ে কিনছেন জানাবেন খুব সুন্দর ভিডিও কোয়ালিটি ও লাইটিং,Positive,22,False
১৫১৬ হাজার হলে ভালো হতো,Positive,5,False
দারুণ দোয়া করি সফল হও,Positive,5,False
খেতে খুব মজা,Positive,3,False
জার টাকা আছে দশ হাজার টাকা দিয়েও কিনতে পারবে,Neutral,9,False
আমাকে রিপ্লাই দিবেন না,Neutral,4,False
মজাদার সী ফুড,Positive,3,False
তুই তো নতুন রে এখনি ভাইরাল হলি,Neutral,7,False
আমিও খাবো,Positive,2,False
চিংড়ির সাথে তেলাপোকাও দিয়ে দে,Neutral,5,False
মাশাআল্লাহ দারুণ রান্না করছেন,Positive,4,False
জিরা বাটা দেন না,Neutral,4,False
এগুলো হচ্ছে রেস্টুরেন্টের কমিউনিটি সেন্টারের খাবার,Neutral,6,False
আমি ১০০ সহমত দারুন,Positive,4,False
এসব দেখার পর খাওয়া বন্ধ করে দিছি,Negative,7,False
আমি মনে করছিলাম ১৫০ টাকা পিস,Neutral,6,False
কঠোর ভাবে শাস্তি না দিলে কোন লাভ নেই,Negative,8,False
উদ্দেকতা নাকি উদ্যোক্তা,Neutral,3,False
অনেক সুন্দর ভিডিও উপহার দিলেন,Positive,5,False
আবার নতুন কোন নাটক শুরু করেছে,Negative,6,False
ব্লগার নিজেই তো রাজহাস হয়ে গেছে খাইতে খাইতে,Negative,8,False
তোদের রুচিও আছে রে,Neutral,4,False
অনেক সুন্দর মজাদার খাবার,Positive,4,False
ভোক্তা অধিকার আসলে ঘটনাটা সত্য না মিথ্যা যাচাই করে দেখুক,Neutral,10,False
কোন পাগল ৮০০ টাকা পিস খায় অবশ্যই ঘুষের টাকা হলে পারবে,Negative,11,False
কয়টা থেকে শুরু এবং কয়টা শেষ,Neutral,6,False
মাশাআল্লাহ অনেক ভালো ভিডিও,Positive,4,False
মেয়েটার সাহস আছে,Positive,3,False
রান্না তো একে বারেই বিচ্ছিরি,Negative,5,False
আপনাকে আরাবিক ডিশ খাওয়াবো,Positive,4,False
প্রথম এক বছর ভালো চলে তারপর আস্তে আস্তে ছোলো হয়ে হঠাৎ করে পুরে গেছে এর সমাধান কি,Neutral,17,False
আপুটা রান্না মনে হচ্ছে স্পেশাল,Positive,5,False
মেথি কি না জানা আমি,Negative,5,False
শাড়ি মশাড়ি,Negative,2,False
কোলকাতার কোথায় এটা,Neutral,3,False
মুখে পানি চলে এলো,Positive,4,False
কোর্স শুরু করভে আপনাদের এ খাইয়া দাইয়া কাজ নাই,Neutral,9,False
বাংলাদেশের দারিদ্র্য প্রমাণ,Negative,3,False
ভাই চোরের মালের রিভিউ দিতে আছেন,Negative,6,False
নেন এখন বাকিটা আপনারা বুজে নেন থেকে নাইমা আইসা আমার খাবার কিনতে আসে,Neutral,13,False
দু দিন পর দোকানে মাল কিনতে আসব নতুন ব্যবসা করবো,Neutral,10,False
আমরা হলাম হুজুগে বাঙালি ভাইরাল এর পেছনে ছুটি কোন কিছু বুঝে হোক বা না বুঝে,Neutral,15,False
খাওয়ার সময় কষ্ট হচ্ছিল,Negative,4,False
ভাই এখানে টাকা বিক্রি হয় ১ হাজার টাকার বান্ডিল ১১শো টাকা,Neutral,11,False
ভিডিও দেখে ঐ দোকানে গিয়ে খেলাম কিন্তু মজা না এবং খাওয়ার আগে বিল অবশ্যই দিতে হবে,Negative,16,False
হারানো মোবাইল কিভাবে পাওয়া যাবে,Neutral,5,False
কথা হলো এই মেয়ে ওখানে এতক্ষণ কেনো ছিলো,Neutral,8,False
লোকটা কে দেখলেই ঘেন্না লাগে,Negative,5,False
সেলাই চলনসই,Neutral,2,False
চলবে হ্যা,Neutral,2,False
অসাধারণ ব্যবসায়,Positive,2,False
আপনার খাবারের গাড়ি কোথায় ঠিকানা টা বলেন,Neutral,7,False
জয় হিন,Positive,2,False
প্রোডাক্ট খারাপ না আবার ভালোও না,Neutral,6,False
গরুর খাবারের মতো সাজানো,Negative,4,False
ফুটপাত থেকে ফোন কিনা কি সেফ,Neutral,6,False
কাস্টমার সাপোর্টে সন্তুষ্ট,Positive,3,False
এই নিউজ ২০২৫ এ ওভাররেটেড,Negative,5,False
আসসালামুয়ালাইকুম আপনার ভিডিও দেখে স্কাইফ ফোর্স এর মাধ্যমে মোবাইলের একটা ব্যাক কভারের অর্ডার করেছিলাম আজকে প্রোডাক্টটি রিসিভ করেছি কিন্তু প্রোডাক্টটা সেম না এটা হওয়া উচিত হয়নি,Negative,26,False
কাটিং ভালো হয়েছে,Positive,3,False
কথা ও কাজের মিল নেই শুধু সুন্দর কথা,Negative,8,False
চাঁদের আলো আমি এক প্লেট গরুর মাংসের কালাবো না অতঃপর,Neutral,10,False
বাঙালি খাওয়ার উপর আর কোন খাওয়াই হয় না এটা অনেক টেস্ট,Positive,11,False
ডালের রঙ ভালো,Positive,3,False
খুব সুন্দর প্রতিভা আছে আপনার,Positive,5,False
স্যুপ খেতে হলে ভাই আমার দোকানে আয়,Positive,7,False
বলেছে কি ১৮০০ টাকা দাম চেয়ে ৪০০ টাকায় দিয়ে দিলো,Negative,10,False
ভাই আমি তিনটা আইটেম খাব ৭৫৩ ২২৫৳ ঠিক আছে,Neutral,9,False
গরুর গোসত না ঘোড়ার গোসত,Neutral,5,False
মেয়েটা তেল দিয়ে রান্না করে না হলে তেল মূল্য,Neutral,9,False
আপনি মেয়ে বলেই এতো বিক্রি হয়,Positive,6,False
ভাই অনলাইনে পাওয়া যাবে,Neutral,4,False
ছোট থেকে নারিকেল তেল ব্যবহার,Positive,5,False
কোন দোকানের কিছু বিক্রি না হলে কেও এগি আসে না আর কারো দোকানে ভালো বিক্রি হচ্ছে এটা নিয়ে তুমুল গবেষণা শুরু হয়ে যায় যে কেন হচ্ছে আর ভালো হলে কেও খাবে আর না হলে কেও না খেলেই হয় উনিতো আপনাদের ঘরে যেয়ে আপনাদের ডেকে আনেনি ভাই কেক খেয়ে জান এভাবে কারো কেরিয়ার নষ্ট করার অধিকার কারো নেই এটার ও জবাব দিতে হবে আল্লাহর কাছে,Positive,64,False
এক বাটপার গেছে আরেক বাটপারের হাতের জোশ দেখতে,Neutral,8,False
আমার ফোনও সিএনজি থেকে নিয়ে গেছে,Negative,6,False
একটা কেক তৈরী করা এতো সুজা নয়রে ভাই বোন খুব কষ্ট,Neutral,11,False
গাইবান্ধা থেকে বলছি কোয়ালিটি ভালো,Positive,5,False
এর ডিজাইন কি এই ফোন থেকে ইনস্পায়ার্ড,Neutral,7,False
অপপো বা ভিভো ২ হাজারের ভিতরে একটা মোবাইল দেখেন,Neutral,9,False
আমাগো দুইডা আগুন রে ম্যানশন দিয়া রাখলাম একটা বাইচ্চা লন,Neutral,10,False
ক্যাফে জিরো পয়েন্টে বড় মাঠের পূর্ব পাশে আলহাজ্ব জমির উদ্দিন চৌধুরী কমপ্লেক্সে আসার অনুরোধ রইল সকলের,Neutral,16,False
সিলেটি গো কথা যে বিস্বাস করবে বাঁশ,Neutral,7,False
জাকির ভাইকে দেখে অনেকে কেক ব্যবসা শুরু করছে,Positive,8,False
এটাই হলো হুজুরকে বাঙ্গাল,Neutral,4,False
ভাইয়া সব ব্যবসার ভিডিও চাই,Neutral,5,False
বাহ কি হাতের নিশানা,Positive,4,False
এই গুলা ব্যবহার করা কাপড় কেউ বেশি দরকার না হলে কিনবেন না,Negative,12,False
১০০ কপি ফোন,Negative,3,False
ভাই আমি একজন নতুন উদ্যোক্তা আমি যদি মিডিয়াম সাইজের একটা দোকান নেই,Neutral,12,False
এগুলা তো ইলিশ ই না,Neutral,5,False
পরিশ্রম তো অবশ্যই করতেই হবে,Positive,5,False
দোকানের এড্রেস দাও,Neutral,3,False
সুন্দর খাবারের আয়োজন,Positive,3,False
ফলোয়ার ক্রাইসেছ,Neutral,2,False
গোপন মসলা কি জাচাই করার দরকার,Neutral,6,False
মাশাআল্লাহ মাশাআল্লাহ,Positive,2,False
জন্মদিনে আমার দাদুভাই থেকে আমাকে একটা এনে দিয়েছিলো দাদু ভাই আজ নেই কিন্তু তার স্মৃতিতে তার দেয়া কলম আমি সব সময় সাথে রাখি,Positive,23,False
ভালো আর ওয়েবসাইটে প্রাইস দেখা যায় দেখাও দাও ডিসপ্লে লাইফটাইম ওয়ারেন্টি দিচ্ছে,Positive,12,False
ভাইয়া ফেসবুক আইডিকে কি পেইজ বানানো নিয়ে আপনার কোনো ভিডিও আছে,Neutral,11,False
কথা সত্য আর লোভনীয় মাছ,Positive,5,False
আসসালামু আলাইকুম ভাই জান এই আঙ্কেল এর নাম্বার টা দেয়া যাবে,Neutral,11,False
ধনিয়ার গুড়া ও জিরার গুড়া দেওয়া লাগবে না,Neutral,8,False
ভাইয়া আমার লাগবে টাকার সিরাপ,Neutral,5,False
কাকা কেমন রে বিরিয়ানি টা,Neutral,5,False
দোকানের মালিককে র্যাবের রিমান্ডে জিজ্ঞাসা করলে সব চোরের ঠিকানা পাওয়া যাবে,Negative,11,False
ব্যবসা এমনই ধৈর্যের ব্যাপার,Neutral,4,False
চায়ের কালার দেখেই বুঝা যাচ্ছে খুবই ভালো মানের চা পাতা,Positive,10,False
অন্যের দুরর্নাম কোরে অন্যের পাপ নিজের ঘারে নেওয়ার কি দরকার,Negative,10,False
সত্যিই অসাধারণ খুব ভালো লাগলো,Positive,5,False
ধন্যবাদ করতে যৌগ্যতা কতটুকু আর বয়স কতটুকু,Neutral,7,False
সাহালি প্লাজায় চোরাই ফোন বিক্রি হয়,Negative,6,False
ভালো না,Negative,2,False
খুবই সুন্দর আইটেম দেশি চিংড়ি ছোট,Positive,6,False
অসাধারণ ব্যবসা ভাই,Positive,3,False
বাটপারি করার একটা সীমা আছে,Negative,5,False
দুই হাতে আরো ঘাট বিমান থামায় মাল লইবো,Negative,8,False
চুলের যত্নে উপকারী টিপস শেয়ার করেছেন,Positive,6,False
শেয়ার দেয়ার আগে জেনে বুঝে শেয়ার দিতে হবে শেইখ,Neutral,9,False
স্বাদ আর গন্ধ মন ছুঁয়ে যায়,Positive,6,False
মোরে যাবি বাল ছাল জিনিস খাস না,Negative,7,False
পাইকারি নিয়ে ব্যবসা করতে চাচ্ছি পাইকারি কত করে,Neutral,8,False
যেখানে একদিনে একজন কারিগর সর্বোচ্চ টা কেক তৈরি করতে পারে সেখানে ওনার ওয়াইফ কিভাবে একদিনে থেকে টি কেক বানাতে পারে আমার মনে হয় উনার দশবারোটা বউ বাসায় আছে,Neutral,28,False
ভাই হালিমের রিসিবি দেওয়ার জন্য অনুরোধ রইল এবং স্পষ্ট ভাবে বুঝিয়ে দেবেন,Neutral,12,False
আমারও খুব পছন্দের খাবার মাংসের চেয়ে বেশি ভালো লাগে,Positive,9,False
আবার কিনবো,Positive,2,False
কাপড়ের কোয়ালিটি খুব ভালো পরতে আরাম,Positive,6,False
আহ্ ভাই কোথায়,Neutral,3,False
এটা কি হাতের মোয়া,Neutral,4,False
আশা করি এখানে আমার ফোনটা আছে,Neutral,6,False
সকালে গাণজা খাইয়া রিপোট করলে যা হয়,Negative,7,False
শীত মানে হাস খাওয়া,Positive,4,False
ভাই আপনি থাকেন কই আপনার কি রেস্তোরেন আছে,Neutral,8,False
পণ্য দেখে খুশি,Positive,3,False
সাধারণ প্রসাধনী,Neutral,2,False
কালকে ঘরে ট্রাই করছি এতো মজা হইছে বলার মতো না ঘরে যদি না দেখতো আমি নিজে বানাইছি তাহলে কেউ বিশ্বাস করতো না যে এইটা কোন রেস্টুরেন্টের বিরানি না,Positive,28,False
চিহ চিহ ফেরত আমরা বাসায় বানাই খাই এই ধরনের ফুসকা কিনে খাইনা,Positive,12,False
আল্লার রিজেক পায়ের নিচে নাউজুবিল্লাহ,Negative,5,False
ভালোবাসা অভিরামঅনেক সুন্দর বলেছেন,Positive,4,False
পাইকারি দাম কত,Neutral,3,False
মুখে দিলেই বাজে স্বাদ লাগে,Negative,5,False
বাংলাদেশের মানুষ বলে কথা বোকা জাতি এসব ভিডিও দেখে বাহিরের দেশ গুলো কোন মূল্যয়ন করে না,Negative,16,False
হাঁসের মাংস কি পার্সেল দেওয়া যাবে,Neutral,6,False
ভিডিও এর লেখা এমন লাফায় কেন বিরক্তিকর লাগে,Negative,8,False
আলহামদুলিল্লাহ ভালো উদ্যোগ,Positive,3,False
আপু আপনার উদ্যোক্তা খুব ভালো লেগেছে,Positive,6,False
রান্না করতে যত গুলো হয়রানি খাওয়ার চেয়ে না খসওয়াই ভালো,Negative,10,False
কোন পাগলরা খায় ৮০০ টাকা পিচ,Negative,6,False
নতুন পুরাতন সবার জন্যই এই পরিবার উন্মুক্ত,Neutral,7,False
হায় আফ সোস,Negative,3,False
অসাধারণ হইছে,Positive,2,False
ভালো লাগেনি,Negative,2,False
খাবার নষ্ট করতাছে,Negative,3,False
এগুলা ব্যবহার করেছি কিছু হয় না,Negative,6,False
ভাই এর জন্য আমি ফুচকা খাই না,Negative,7,False
ওনি কেকের জন্য ভাইরাল না ওনার ডায়লোকের জন্য ভাইরাল,Neutral,9,False
আমার পরিবারের মোবাইল চুরি হয়েছে জিডি করা আছে,Negative,8,False
ফালতু খাবার কর্মিদের ব্যাবহার মোটেও ভালো না ব্যাবসা পুংগে যাবে,Negative,10,False
এ ব্যাটা দুষ্টু লোকের মিষ্টি কথা দাম বেশি বেশি বলতাছে চকে বাইরে আরও দাম কম অন্যান্য দোকানের দাম কম,Negative,19,False
আপু নেওয়ার ছিসটেম কিবাবে আমি প্রোবাসি একটু জানাবেন,Neutral,8,False
মানুষে বোকা বানান,Negative,3,False
উফ এত ভর্তাটা দেখে খিদে পেয়ে গেল,Positive,7,False
সৌদি থেকে পাঠানো যাবে,Neutral,4,False
সাথে ছিটা রুটি উফ জমে যাবে একদম,Positive,7,False
কম দামে কিনে মোজা বাড়ি ফিরে গেল সজা কিছু তে ঢুকেনা হাতে তাই শেষে পসতানা,Negative,15,False
অনলাইনে কি ডেলিভারি দেন,Neutral,4,False
আর আমরা ঢাকাতে ৮০০ ৮৫০ টাকা কেজি কাঁচা আনতে হয় আর উনি রান্না করে বিক্রি করতেছে ৮০০টাকা কেজি আল্লাহ বেশি করে বরকত দাও,Positive,23,False
সৌদি আরবে ৩০৩৫ টাকা কিলো যা বাংলা টাকায় ৯০০১০০০ টাকা,Neutral,10,False
কিভাবে নিবো আপু,Neutral,3,False
শার্টের দোকানের ঠিকানা দেন প্লিজ,Neutral,5,False
এই বড় বাটপার ওর ব্যবসানীতি নাই ওই বিশ্ব বাটপার,Negative,9,False
এই ব্যবসাটাকে লাটে তোলার মত প্রতিবেতন অতিরঞ্জিত কোন কিছুই ভালো না,Negative,11,False
কাপড়ের ফিনিশিং ভালো,Positive,3,False
ডাল সাধারণ,Neutral,2,False
উত্তরা তে যারা অফিস করতে চাচ্ছেন তাদের জন্য বেস্ট লোকেশন ৩০০০ বর্গফুটের আলিশান ফ্ল্যাট ভাড়া দেওয়া হবে,Neutral,17,False
এটা বিক্রি নয় মূলতঃ মানব সেবা মহান আল্লাহ তায়ালা উনাকে দুনিয়া এবং আখিরাতে এর উত্তম বিনিময় দান করুন আমিন,Positive,19,False
এদের লাভের পরিমান অনেক বেশী ভোক্তা অধিকার এর দৃষ্টি আকর্ষন করছি,Neutral,11,False
মানুষ ওর বাপ লাগে,Negative,4,False
খাবারটা এভাবে ফিক দিয়ে দেওয়াটা উচিত হয়নি আদবের সহিত খাওয়া উচিত,Negative,11,False
ভিডিও তে দাম একরকম মেমোতে দাম ধরে অনেক বেশি,Negative,9,False
মাংস ম করার পর মাংস রান্না করতে হবে না,Neutral,9,False
কয়েকটি ওয়ারড্রব এর ছবি দেন,Neutral,5,False
ভাই ঘোড়া না গুরাচিংড়ি,Neutral,4,False
আমার একটা মোবাইল চুরি হয়েছিল কিভাবে খোঁজ নেব,Negative,8,False
কোন জায়গায় ভাই চিংড়ি মাছ আমার খুব পছন্দ এক প্লেট পাঠায় দেন,Neutral,12,False
বাপিদা বছর ধরে নিজের বিচি বিক্রি করে মানুষকে খাওয়াচ্ছে,Negative,9,False
আমার একটা চুরি হয়েছে ভাই,Negative,5,False
চায়ের কালারটা দারুণ হয়েছে,Positive,4,False
ঠিকানাটা দিবেন কি,Neutral,3,False
এগুলো ভাজলে তেল হবে কিভাবে,Negative,5,False
আরে এগুলা তো লোভনীয় খাবার,Positive,5,False
ভাই আপনার সাথে কথা বলার কোন মাধ্যম আছে,Neutral,8,False
হে ভগবান,Neutral,2,False
হালকা সুগন্ধ,Positive,2,False
অসাধারণ ব্যাপার,Neutral,2,False
নতুনরা কোথাও আছো,Neutral,3,False
ভাই এতো মজা অদের এই বিরিয়ানি অনেক ভালো লেগেছে খেয়ে,Positive,10,False
একটাও কেনে না খালি ভিডিও বানায়,Negative,6,False
আমার ২টা ফোন দোকান থেকে নিয়েছে,Negative,6,False
ঠিকানা কোথায় বলবেন,Neutral,3,False
বড় মাঠের শুধু মম আর ফুচকা টাই ভালো এছাড়া আর কোন কিছুই ভালো লাগেনা সব দোকানেই মোটামুটি খাওয়া হইছে,Neutral,19,False
১০০ বছর গ্যারান্টি হয় না ভূয়া কথা ৩০ বছরের বেশি তার টিকে না,Negative,13,False
অনেক সুন্দর ভিডিও হয়েছে,Positive,4,False
গ্লাভস এর কোয়ালিটি নিঃসন্দেহে অনেক ভালো কিন্ত আমি কেনার সময় মনে করেছিলাম ১ জোড়া গ্লাভস ডেলিভারির পরে দেখি ১ পিস,Neutral,20,False
ঐ লোকেরাই আবার বলে ৭৮ টাকা কেজি গরুর মাংস খেতে পারেনা,Negative,11,False
লোকেশ প্লিজ,Neutral,2,False
এই আপুর দোকানে আসা ই যায়,Positive,6,False
গাড়ি বাড়ি থাকলে কি কেউ ব্যবসা করে না আশ্চর্য পাবলিক,Neutral,10,False
ইচ্ছা থাকলে উপায় হয় মন মানসিকতা চেঞ্জ করুন কোন ব্যবসায় ছোট নয় সুন্দর একটি ভিডিও এগিয়ে যান সফলতা আসবে ইনশাআল্লাহ,Neutral,20,False
আমি খেয়েছি আমি বলতে পারবোএর স্বাদ কিরকম মাশাল্লাহ মুখে লেগে থাকার মত,Positive,12,False
চিংড়ি মাছ দিলে আরও ভালো হত,Neutral,6,False
আমাকে রেখে দাও আমি কাজ করেছি০০৩৯৩৫০৮৫৮৪৪৫৪ কল দিও,Neutral,8,False
খুব সুন্দর কালা ভুনা খেতে,Positive,5,False
এটা আমি নিবো,Neutral,3,False
আসসালামু আলাইকুম কেমন আছেন আপু,Neutral,5,False
বাংলাদেশের পাবলিকের কুরকুরানি বেশিওনি যেভাবেই কেক বানাও আপনাদের ভালো লাগলে খাবেন না ভালো লাগলে খাবেন না এত গবেষণা করার কি আছেযতসব,Positive,21,False
হাবিবার স্বপ্ন দারুণ,Positive,3,False
সবকিছুই আছে কিন্তু অহংকার নেই এমন পরিবেশ যখন ঘটবে বাংলাদেশের তখনই প্রকৃত উন্নয়ন হবে,Positive,14,False
আমি এখনো খাই নাই,Neutral,4,False
মজা নাই খাইতে খাইতে শেষ,Negative,5,False
শেষে এগুলো কি বল্লেন,Neutral,4,False
আরে ভাই এগুলা চোরাই মোবাইল কেউ কিনবেন না আমাদের এখানে একজন এই ফোন কিনে মামলা খাইছে,Negative,16,False
আসসালামু আলাইকুম ভাই ভাই আপনার কি কোন শোরুম আছে বা কোন শোরুমে যাবো সাজেশন দিবেন প্লিজ,Neutral,16,False
দারুন সুন্দর খাবার গুলো দেখতে লাগছে খেতেও মনে হয় সুস্বাদু,Positive,10,False
ড্রেস এর ওপর কোড বসানোর কাজ,Neutral,6,False
মাশাআল্লাহ দারুণ এগিয়ে যান,Positive,4,False
গুলিস্তান চোর বাজার এটা কোন জেলায় কোথায়,Neutral,7,False
মানুষের খাওয়ার শেষ নেই,Negative,4,False
দেখে বমি হয়ে গেল,Negative,4,False
মাশাআল্লাহ সুন্দর ভিডিও করছেন ভাবি,Positive,5,False
দাম হিসাবে সম্ভব না,Negative,4,False
নতুন কিছু নয়,Neutral,3,False
গরুর মাংহ সেরা এটা বলার অপেক্ষা রাখে না,Positive,8,False
ওয়েব সাইট প্রতারণা করলে আপনি কিন্তু ফেঁসে যাবেন,Negative,8,False
আমার একটা জিডি করা আছে,Neutral,5,False
এরকম ভিডিওর কারণে ব্যবসার ক্ষতি হয় ভাই,Negative,7,False
মিজান কে পাগল বানিয়েছে এবার এই পোলা কে পাগল বানাবে,Neutral,10,False
ভাইরাল হওয়া মানেই বাঁশ খাওয়া,Neutral,5,False
ভাই ভিডিও টা খুব ভালো লাগলো,Positive,6,False
মাশাআল্লাহ আল্লাহ তাকে নেক হায়াত দান করুন,Positive,7,False
হ ভাই আমিও গাড়ি নিয়ে আইছিলাম,Neutral,6,False
ফ্রি সাথে ধুলা খাওয়া হয়,Negative,5,False
কাপড় ছিঁড়ে গেছে,Negative,3,False
অসাধারণ হয়েছে বোন,Positive,3,False
কোন জেলায়,Neutral,2,False
ভিডিওটা দেখে অনেক কিছু জানতে পারলাম ভাই ধন্যবাদ,Positive,8,False
ভাই ফোন এর মালিক জিডি করলে তো ধরা খাওয়া লাগবে,Negative,10,False
লবণ ঠিকঠাক,Neutral,2,False
আহারে লোভ সামলাতে পারছি নাআমার ও ছোট হোটেলে খেতে ভালো লাগে,Positive,11,False
ভোর বেলা আসতাছি কাকা,Neutral,4,False
আমার একটা প্রশ্ন আছে মাংস কি আলাদা রান্না করে নিতে হবে নাকি,Neutral,12,False
আমরা তো দোকান খাব না খাব সুস্বাদু খাবার,Positive,8,False
একেবারে টপ ক্লাস অভিজ্ঞতা,Positive,4,False
শীত মানে হাঁসের মাংস মজা সাথে রুটি,Positive,7,False
খুব সন্তুষ্টও না অসন্তুষ্টও না,Neutral,5,False
আপনার ৭০০০ টাকা দামের শাড়ির প্রাইজ আরো কম মাত্র ১৫০০,Negative,10,False
পারফিউম দীর্ঘ সময় থাকে,Positive,4,False
পরের টাকায় ব্যাবসা করতে ভালোই লাগে,Positive,6,False
এত ইনকাম আসলেই করে কী করে না তা জানি না কিন্ত এটা নিশ্চিত যে এই খবর দেখে আর নোটিশ দিয়ে পাঠায়ছে,Neutral,21,False
আপু তোমার রান্না অনেক সুন্দর লাগছে,Positive,6,False
তোমায় ভালো লাগে,Positive,3,False
মাশাল্লাহ অসাধারণ খাবার,Positive,3,False
ভাইয়ের কথা বলার ভঙ্গিমা সুন্দর কিন্তু তথ্যগুলো পানিতে ভেসে যাবে,Negative,10,False
আরে বোকাচোদা লেওরা আগে ঠিক করে গাড়ি নাম উচ্চারণ কর,Negative,10,False
মান সত্যিই ভালো,Positive,3,False
দেখেন সবাই তে করে এই হাড্ডি কিনতে আসে সবাই বাটপারের বাটপার,Negative,11,False
হাওড়ার বাস এ চোর এর টা দিন যা দেখতে পাই হাওড়ার পুলিশ পুলিশ তো দেখতে পাইনা পয়সার লোভে সব চোখ অন্ধ,Negative,21,False
ভারতের থেকেও খারাপ অবস্থা,Negative,4,False
কার কার সাপট লাগবে,Neutral,4,False
এই চোরের পার্টনার ওরা,Negative,4,False
মরা মুরগী দেয় নাকি দেখেন,Negative,5,False
ত্বকে জ্বলজ্বলে ভাব এসেছে,Positive,4,False
কেনাকাটার মাধ্যম টা আমাদের সহজ করে বুঝানোর জন্য অসংখ্য ধন্যবাদ সুন্দর হয়েছে ভিডিওটি,Positive,13,False
তোমরা বিয়ে করো একজনকে ভালো কর আর একজনকে খারাপ বলো কারণ এটা তোমাদের স্বভাব,Negative,14,False
এই পেইজে সব প্রোডাক্ট অথেনটিক,Neutral,5,False
কাপড় মোটামুটি ভালো,Neutral,3,False
এই জায়গাটা কোথায়,Neutral,3,False
আমার খুব ইচ্ছা খাওয়ার,Positive,4,False
বালতি এটা কি বাথরুম থেকে নিয়ে আসছে,Negative,7,False
উপস্থাপনা ভালো লাগে,Positive,3,False
ডেলিভারি চার্জ বেশি লেগেছে,Negative,4,False
কোন জায়গায় এটা ডিটেলে কেউ এড্রেসটা কেউ দিবেন কেউ,Neutral,9,False
মিটা আমরা খাইছি তবে লম্বা মিটা ঔ প্রথম হুনলাম আমরার এলাকায় উপকরণ ১কুরাইল নাইকল ২চিনি নাইলে গুড় ৩দুধ নাইলে পানি ৪তেজ পাতাডাল চিনিএলাচকিসমিসতিল ৫ বাগারের লাগি রসুন লগে চাউলর গুড়া তুমারতান ইনও হকলতা বেশি বেশি স্বাদ কেমন অইছে জানাইও,Neutral,39,False
তোমাদের সবকিছু নিয়ে এত মাতব্বরি কেন আরেকজন কেক না বানিয়ে শেফ দিয়ে বানালে তোমাদের কি আসে যায়,Negative,17,False
একদম ঠিক,Positive,2,False
ড ইউনুস এর আদর্শ নিজেকে উদ্যোক্তা হিসেবে গড়ে তুলতে হবে,Positive,10,False
আছি দ্রুতো ফলো দিন রকেটের গতিতে ফলো ব্যাক দিচ্ছি,Neutral,9,False
আপনার পেছনে একটা লোক ছিল দেখছেন,Neutral,6,False
ভাই মাংস টা কি আগে একটু সিদ্ধ করে নিতে হবে,Neutral,10,False
ঢাকনা ঠিকভাবে লাগানো ছিল না,Negative,5,False
মাংস লেগে যায় কেনপ্লিজ রিপ্লে দেন,Neutral,6,False
এটা চোর বাজার কে বললো এখানে ফুটপাথ এ স্ক্র্যাপ মাল সাধারণত,Neutral,11,False
ভাইয়া আমাকে একটু হেল্প করবেন,Neutral,5,False
আরও অভিযান চালানো হোক,Positive,4,False
থ্যাংক ইউ আপু থ্যাংক ইউ আপু থ্যাঙ্ক ইউ,Positive,8,False
সৌদি আরবে ৪০ থেকে ৫৫ রিয়াল কিলো,Neutral,7,False
ঠিকানা দেন ভাই,Neutral,3,False
হুটেলে মাংস না খেয়ে মাছ খাওয়াই বেটার,Positive,7,False
উনার হাতে গ্লাভস লাগানো দরকার,Neutral,5,False
এইসব হারামজাদারা লোকেশন দেয়না হুদা খালি ফাও ফাও বলদ বানায়,Negative,10,False
হাত কেটে ফেলো,Negative,3,False
রান্না করতে যাই বিরিয়ানি হয়ে যায় খিচুড়ি,Negative,7,False
ভাই দেখে দেখে শিখে রাখলাম বিয়ের পর বউকে শেখাবো,Positive,9,False
অর্ডার ট্র্যাক করা যায়নি,Negative,4,False
টেনসন এর দোকানে অনেক দূর থেকে আসে সকাল এর নাস্তা করতে,Positive,11,False
দাদা আমিতো ইন্ডিয়ায় কলকাতায় থাকি,Neutral,5,False
আমার মোবাইল টা ও এখানে আছে,Negative,6,False
কিন্তু আমার বাসায় তো অনেক দূরে আমিতো ঢাকায় যেতে পারবো না আপনি একটা পাঠিয়ে দিবেন আমি টাকা দিব,Neutral,18,False
এত টাকা দাম তবুও মানুষ লাইন ধরে কিনছে মাংস,Neutral,9,False
ঠিক নয়,Negative,2,False
খাবার ঠিক ছিল,Neutral,3,False
ওর চেহারার মধ্যেই বাটপারি ছাপ আছে,Neutral,6,False
নাটক দেখতেই ভালো লাগে,Neutral,4,False
এত লোভনীয় খাবার,Positive,3,False
চোরাই মাল বিক্রি কোরস তাইনা,Negative,5,False
এত টাকা দিয়ে কিভাবে কেনে মানুষ,Negative,6,False
ঝোলের স্বাদ সুন্দর,Positive,3,False
কি পরিমান দিবো বলেন নাই,Neutral,5,False
লোকাশান কোথায় জানাবেন,Neutral,3,False
তা আবার কি মাংশের আচার মানি কি,Neutral,7,False
এখানে একবারে বাজে হানি শুধু নামে পরিচয়,Negative,7,False
নিশ্চিত আপনি গাঁজা খাইছেন,Negative,4,False
তেজপাতা আপু,Neutral,2,False
ভাই পাইকারি নেওয়া যাবে,Neutral,4,False
আমি থাকব আমার ছুটির দরকার নাই,Neutral,6,False
খুদা লাগছে দেখেই আমার,Positive,4,False
করিমুল্লা চুরাই মার্কেট,Negative,3,False
দোকান এর নাম দেন,Neutral,4,False
তোমার তো এখন হাড্ডি আছে আপি বিয়া হইলে হাড্ডি ও থাকবে না,Neutral,12,False
বইনা কবে কবে খাওয়াইবেন,Neutral,4,False
মস্তিষ্ক জনিত কারণে এমন করেন,Neutral,5,False
ভোক্তা অধিকার সংরক্ষণ অধিদপ্তরের দৃষ্টি আকর্ষণ করছি এই কেক এর দোকানে অভিযান চালানো হোক,Neutral,14,False
ফার্নিচারের সাথে ৪০০ বছরের অতৃপ্ত আত্মা ফ্রি,Neutral,7,False
ভোক্তা অধিদপ্তরের লোকেরা কি এসব দেখে না সাধারণ মানুষ কে কি ভাবে ঠকাচ্ছে এরা,Negative,14,False
মাস্টার কপি ফোন এগুলো,Negative,4,False
মাথায় টুপিএত ফাপড় মাইরেন না আমি একজন মিস্ত্রি ভাই এসব ক্যাবল চলে না ভাই,Neutral,14,False
এই ব্যবসার গোহা মারি দিলোএই মিডিয়া,Neutral,6,False
চট্টগ্রামের কোথায়,Neutral,2,False
আউটলেটের ঠিকানা দিন,Neutral,3,False
মুড়ি শুকনা না ভেজা বোঝা যাচ্ছে না,Neutral,7,False
বাটপার মোস্ট বাটপার,Negative,3,False
আমি প্রোডাক্টগুলো নিতে চাই কিভাবে যোগাযোগ করবো,Neutral,7,False
২৫২৭ হাজারের বেশি কোনোভাবেই জাস্টিফাইড না,Neutral,6,False
অনেক ধন্যবাদ ইনশাআল্লাহ,Positive,3,False
বাহ্ দারুন যুক্তি,Positive,3,False
কে এই খাবার খেতে পারে,Negative,5,False
ও বেশি হয়ে গেছে,Negative,4,False
খালি খালি কয় মাইয়া মানুষ,Neutral,5,False
আমারও ইচ্ছা কিনার,Positive,3,False
কোথায় কিসের মাংস দিয়ে বানানো হচ্ছে এত সস্তা কী করে হয় নানা সন্দেহ জাগে মনে এদেশের মানুষ তো ভালো নয় তাই ভালো কাজেও বিশ্বাস আসে না জয় বেঙ্গলি,Negative,28,False
খাওয়ার স্বাদ একেবারে বাজে,Negative,4,False
বেশি কামানোর ধান্দায় যে পরিমাণ আজে বাজে খাবার খাচ্ছেন পরে বিপদে পড়বেন,Negative,12,False
খুবই জঘন্য নোংরা পরিবেশ,Negative,4,False
ছিঃ ছিঃ ছিঃ ছিঃ ছিঃ ছিঃ,Negative,6,False
ব্যবহার বন্ধ করতে হয়েছে,Negative,4,False
ব্যবসা যদি সত পথে হয় আর হালাল হয় তাহলে আমার মতে খুব ই ভালো কাজ এবং আল্লাহ পাক ও নিজেই তাকে সাহায্য করেন,Positive,23,False
এগুলো কোন কিনবে,Negative,3,False
প্রত্যেক টা চিংড়ির মধ্যে ময়লার আতুরি থাকে সেটা বের না করে রান্না করলে,Negative,13,False
সৌদি আরব আমরা কেজি রিয়াল বাংলার টাকায় কিনি তাও নাকি সস্থা,Neutral,11,False
এই গুলা অরিজিনাল সব গুলা মেশিনের তৈরি দেখলেই বুঝা যাচ্ছে,Negative,10,False
আমারও পছন্দের,Positive,2,False
সুন্দর একটা ভবিষ্যত আপনার জন্য অপেক্ষা করছে দোয়া রইল,Neutral,9,False
আজকে আমি ট্রাই করব ভাইয়াকেমন হয় জানাবো ইন শা আল্লাহ,Neutral,10,False
মাশাল্লাহ ভালোই নাচ দেখাইলো,Neutral,4,False
যোগাযোগ করার কোনো পেজ আছে কি,Neutral,6,False
আহা আপু অসাধারণ থালি,Positive,4,False
আমি নেব বলতে দাম কত,Neutral,5,False
টা করবেন,Neutral,2,False
মেরাদিয়া হাটে কোন জায়গায় বসেন ফোন নাম্বার দিবেন প্লিজ,Neutral,9,False
মুগদা থেকে রাবেয়ার কোন ব্রাঞ্চটি কাছে হবে,Neutral,7,False
নিজে কথা কম বলবেন শুনবেন আর দর্শকদের শুনাবেন,Neutral,8,False
শরীরে নেই কাপড় কি অবস্থা কে খাবে এগুলো,Negative,8,False
আ৷ হে,Neutral,2,False
ঘাম আর নোংরা হাত দিয়ে মাখাচ্ছে,Negative,6,False
খুচরা পাওয়া যায় না,Negative,4,False
এই প্যান্ট ২ টা ৮০০ টাকার উপরে কিনতামই না ভাই,Negative,10,False
ওয়াও মজার ভর্তা,Positive,3,False
বেচারার ব্যবসা দিলেন তো শেষ করে,Neutral,6,False
রাতের বেলা ঘরের ভিতর কে সানগ্লাস পড়ে উত্তর শুধুমাত্র জামান ভাই,Positive,11,False
জয় শ্রী রাম,Positive,3,False
খালি লাভ আর লাভ এর পিছনে যে লুকিয়ে আছে কত পরিশ্রম তা কে বলবে,Neutral,14,False
মাশাআল্লাহ যেমন দোকানদার তেমন কাস্টোমার,Neutral,5,False
সত্যি কথা বলছেন ভাইয়া একজন আরেকজনকে সাপোর্ট করতে হবে ভিডিওতে অবশ্যই কমেন্ট করতে হবে,Positive,14,False
জিডি করেছি কিন্তু কোনো খোঁজ পাইনি পাওয়া যাবে কি,Negative,9,False
তারা ম্যাক্সিমাম কে কিনে এনে বিক্রি করে মানুষকে প্রতারণা করতেছে এটা প্লিজ আপনারা একটু যাচাইবাছাই করে সাধারণ মানুষের উপর তুলে ধরুন,Neutral,21,False
এখানে না জাওয়াটাই ভাল ওদের ব্যাবহার খুবই খারাব,Negative,8,False
এসব ভিডিও দেখলে খুব ভালো লাগে,Positive,6,False
আর আমরা এখানে সৌদিতে উটের গোশত খাই না গরুর গোশত খুঁজি,Neutral,11,False
ভাই খুলনাত পাঠানো যাবে,Neutral,4,False
ভালোই লাগছে,Positive,2,False
আরে এটা চোরায় বাজার নারে এটা সস্তা বাজার,Positive,8,False
হাতে গ্লাপ কই,Negative,3,False
এই চ্যানেল কে রিপোর্ট করুন,Negative,5,False
ভাই তুমি একদম বাংলাদেশ লো ক্লাস মার্কেটে গেছো মনে হয়,Negative,10,False
আমাদের এতটুকু রুচির দুর্ভিক্ষ লাগেনাই,Negative,5,False
অ্যান্টিক মানেই প্রাইস বেশি হবে,Neutral,5,False
মিথ্যা কথা এগুলা জোড়া খাবার,Negative,5,False
চমৎকার আয়োজন ছিল আপু,Positive,4,False
ঠিকানা কোথায় ভাই সরাসরি দোকানে যেতে চাই ব্যবসা করার জন্য,Neutral,10,False
আল্লাহ নেক হায়াত দান করুক রয়েছে মন থেকে ভালোবাসা,Positive,9,False
খাবার জিনিস এমন ছোড়াছুড়ি করতে হয় না,Negative,7,False
এর ভিতরে বড় রকমের একটা ঘাপলা আছে মনেহয় কম দামে পেয়ে কাস্টমাররা হয়তো মরা মুরগির মাংসই খাচ্ছে,Negative,17,False
আপনার বলা বেশী কিন্তু বলেন না,Negative,6,False
ও তরকারি ভর্তা,Neutral,3,False
আগেও এমনই ছিল,Neutral,3,False
এই বানিয়ার চোট তুই যে বললি কয়মিনিটে বানায় তুই কিফাইজলামো পাইচিস কথা যা বলবি ঠিক টাক বলবি কেক বিক্রেতা বলছে ৪০ মি আর তু কি বললি তোর দাঁত একটাও থাগবেনা বলে দিলাম আবতাবল কথা বলার জন্য পাবলিকের মার খাবি সাবধান হয়ে যা তোর ভিউ কামানোর ব্যাপারটা দেখছি দারা,Neutral,48,False
কাজ করে মন্দ কি,Positive,4,False
পণ্যের কোয়ালিটি দারুণ,Positive,3,False
সুন্দর একটি ভিডিও,Positive,3,False
পেস্ট কালারটা কত,Neutral,3,False
আপনার কি মনে হয় গুলশান বনানীর মানুষ এইসব খাওয়ার মানুষ শালায় বাটপার চিটার,Negative,13,False
ভিডিওটি দেখে ভালো লাগলো প্রোডাক্ট নিয়ে বিস্তারিত জানলাম,Positive,8,False
ফী আমানিল্লাহ মাশাআল্লাহ জাজাকাল্লাহ খাইরান,Positive,5,False
লোকেশন না দিলে যাব কিভাবে,Neutral,5,False
আমারও একটা ফোন হারিয়েছে,Negative,4,False
ফল ধীরে আসে,Neutral,3,False
খাওয়ার পর অস্বস্তি হয়েছে,Negative,4,False
এই বাজারটা কোন জায়গায় ভাই এই জায়গাটার কমেন্ট জানেন তো,Neutral,10,False
আমিও খুব ভালো বিরিয়ানি রান্না করতে পারি,Positive,7,False
গুড়া মাছ নাচিংড়ি মাছ রান্না সুন্দর হইছে,Positive,7,False
অনেক মজার হাঁসের মাংস,Positive,4,False
কাজ করুন কাজ করলে,Neutral,4,False
নতুন স্বাদ কিন্তু একেবারে মনকাড়া,Positive,5,False
এতো চিকন মহিলা আবার বিসনেস করছে,Neutral,6,False
তাও খাব মজা লাহে সখ থাকবে,Positive,6,False
আমাদের বাটপার ভাই আগে খাইতো গান্জা আর এখন চাপার জোরে ভাইরাল হয়ে দোকানের সাথে থেকে চাপাবাজী করছে,Negative,17,False
১২০ টাকা চাউলের কেজি মুরগি দেড় শ নিশ্চয়ই মরা মুরগি,Negative,10,False
মুখ দিয়ে ভালো লাগবে,Positive,4,False
এরকম বড়লোকি খাবার আল্লাহ যে কবে খাওয়াবে,Neutral,7,False
সেরা এই টা ভাই,Positive,4,False
দেখেই মজা লাগছে,Positive,3,False
এগুলো খেতে অনেক সুস্বাদু,Positive,4,False
আপু আমি থাকতে চাই,Neutral,4,False
অসাধারণ রান্না পাশে আছি পাশে থাকবেন,Positive,6,False
আল্লাহ উনার হিদায়াত দান করুক ওনার মত লোক ঘরে ঘরে জন্ম,Positive,11,False
বালতিটা কি পায়খানার,Negative,3,False
রান্নাটা অনেক সুন্দর হয়েছে,Positive,4,False
ভাই গোস্তোটা কি আগে রান্না করে নেন কিনা,Neutral,8,False
মাশাআল্লাহ খুব সুন্দর প্রডাক্ট,Positive,4,False
খুবই নোংরা পরিবেশ,Negative,3,False
দারুণ মজা,Positive,2,False
একটাও ব্যান্ড এর পন্য নাই খুচরা দোকান এ এইসব বেচাই যায় না,Negative,12,False
হাঁসের দোকানের পাশের দোকানে চা পাওয়া যায় সুখ খেতে হলে ভাই একটু এই দিকে যাই,Positive,15,False
ফকিননি গো এগুলা করা সহজ,Negative,5,False
সাধারণ মানুষের হোগা মারা খাওয়ার ভিডিও করেছেন এই মোবাইল কেনা মাত্রই জেলে যাওয়া,Negative,13,False
চাপাটা একটু কম ছাড়িস শ্লা সাংবাদিক নামের সাংঘাতিক,Negative,8,False
দিনাজপুরের মেয়ে আমি আর আপনার ভিডিও অনেক ভালো লাগছে অসাধারণ হয়েছে,Positive,11,False
পণ্য নষ্ট ছিল না,Positive,4,False
হাতে গ্লাভস থাকা উচিত ছিলযেভাবে আলু গুলোরে মাখান দিছে আর হাত দিয়ে মুড়ি মাখা করছেএটা দেখতে ভালো লাগেনি,Negative,18,False
আমি মঙ্গল গ্রহে চিকেন বিরিয়ানির কাজ করি,Neutral,7,False
খুব মজা লাগছিল,Positive,3,False
অনেক লোভনীয় হয়েছে আপু তোমার রেসিপিটা,Positive,6,False
আজ বানিয়েছি হাড়ির তলায়একটু লেগে গেছিলো বাকী সব ঠিকঠাক একটা ভাতও জোড়া লাগেনি,Neutral,13,False
এদের বিরুদ্ধে যদি ব্যবস্থা নেয় সর্বোচ্চ কিছু টাকা জরিমানা করে এর বাইরে কিছু নয় তার জন্য এদের এরকম আচরনও আর শোধরায় না ডাইরেক্ট সশ্রম কারাদন্ড দিলে এরা ঠিক হবে নচেৎ এদের ব্যবসা চলতেই থাকবে কারন কিছু টাকা জরিমানা দিয়ে পরে আবার ঠিকই আগের নিয়মেই ব্যবসা চালিয়ে যাবে,Negative,47,False
সব সময় সব বিয়ে তে কি খাবার বাচে কিন্তু সব বিয়েতে ঝুটা খাবার থাকেই,Negative,14,False
কি যে কথা বলে ভালো ভাবে বুঝিয়ে বলেনা,Negative,8,False
আপনারা সবাই ভুল বুঝতেছেন ওনার চার জন স্ত্রী,Neutral,8,False
ভাইয়া আপনার সাথে একটু যোগাযোগ করলে ভালো হতো আপনার মোবাইল নাম্বারটা একটু দিতে পারবেন অনেক ভালো হতো,Neutral,17,False
ভাই আমি তোমার সব ভিডিও দেখি অনলাইন ব্যবসা করতে চাই,Positive,10,False
ধন্যবাদ ভাইয়া আপনাকে অনেক সুন্দর ভাবে বুঝিয়ে রান্না শিখানো,Positive,9,False
তুই ভাইরাল কে বলছে তোরে কেন সোনাও ছিনে না আছকে পথম দেখছি তোরে,Neutral,13,False
ঠিক দামই বলছে,Positive,3,False
দারুণ ব্যাপার,Positive,2,False
মেয়েরা কোন কাজ করতে গেলেই কিছু মানুষের অনেক সমস্যা কেন,Negative,10,False
আরে পাগল মাছের নামও জানো না এটা গুড়া মাছ না এটা চিংড়ি মাছ ভুনা,Neutral,14,False
আপু আজ মেকাপ বেশি করেছেন,Neutral,5,False
আপু বেতন কত দিবেন,Neutral,4,False
ফোন কোম্পানিগুলো আপনাদের খুশি করতে পাবলিকের গলা কাটছে,Negative,8,False
আপনার রান্না খুবই সুন্দর মাশাল্লাহ দোয়া রইল,Positive,7,False
সেই সুন্দর,Positive,2,False
ভাই য়া পোলার চাউল কি ভিজাতে হয়,Neutral,7,False
আমার অনেক পছন্দ,Positive,3,False
এগুলো কী ব্যাবহার করা,Neutral,4,False
আরে ভাই,Neutral,2,False
আসসালামু আলাইকুম মৃত্যুর কথা সরন করুন আল্লাহ কে ভয় করেন টাকা পয়সা কামিয়ে কবরে নিয়ে যাবে না,Neutral,17,False
ভাই আপনাকে ধন্যবাদ আপনার মতো সবাই মিলে কাজ শুরু করুক আর আমি ওকাজ করতে চায় কি কি লাগবে,Positive,18,False
কোথায় পাব আপনার খাওয়া,Neutral,4,False
ভালোবাসা অবিরাম শুভ কামনা রইলো,Positive,5,False
ফুচকা আমার খুব খুব বেশি প্রিয় কিন্তু এগুলো দেখে,Negative,9,False
আপনাদের খাওয়া দেখতে আমার অনেক ভালো লাগে,Positive,7,False
গরুর গোসের মতো সুস্বাদু খাবার আর কিছু হয় না,Positive,9,False
আপুটির জন্য শুভকামনা রইল,Positive,4,False
খুব সুন্দর লাগলো ল্কিয়ার করে বলার জন্য,Positive,7,False
আমাকে কি আপনাদের স্টাবে নেওয়া যায় না,Neutral,7,False
আমি বুঝতে পারছি না আপনার ঠিকানা কোথায় পাবো,Neutral,8,False
ঠিকানাটা যদি দিতেন,Neutral,3,False
চমৎকার একটা ভিডিও,Positive,3,False
কুকুরের গোস্ত মিক্স আছে নিশ্চিত,Negative,5,False
বাংলাদেশের মানুষ পাগল,Negative,3,False
হাঁসের দোকানের পাশের দোকান সুপও পাওয়া যায়,Positive,7,False
এরা চোরদের আশ্রয় দেয় কারণ তারা ব্যবসায়ী,Negative,7,False
অনেক মজার,Positive,2,False
ত্বক উজ্জ্বল লাগছে,Positive,3,False
বাড়া সালা,Negative,2,False
সবাইকে ধন্যবাদ,Positive,2,False
আমি সৌদি থেকে অনেক কিনেছি অনেক দেরি হয় আসতে,Neutral,9,False
ঘোড়া চিংড়ী,Neutral,2,False
আপনার ট্রিকস তো নিউ মার্কেট এর লোকরাও দেখবে,Neutral,8,False
ভাই এর পরে ভুলে গেছে,Neutral,5,False
কাম সারছে ওনার বিজনেস শেষ তবে ওনার চোখে মুখে কোন ধরনের মলিনতার ছাপ দেখলাম না তারপর ও বলছি এতগুলো কেক কিভাবে একদিন এ বানানো সম্ভব প্রশ্ন তো থেকে যায়,Neutral,29,False
আমি এমনে ফিক্কা মারলে ভেঙে যাবে,Neutral,6,False
খালার কাজ থেকে সিখতাহলে রান্না ঘরে বসে থেকে আমাকে দিতে পারবা,Positive,11,False
ভাই ওরা বাটপার ওদের প্রমোশন করবেন না,Negative,7,False
চুলহা কি,Neutral,2,False
এই ভদ্রলোকের আইডি বা পেজ আমি খুঁজে পাই না কেনো আমাকে ব্লক করলো নাকি আমি করলাম বুঝতেছি না গতবার মনে হয় কিছু বলছিলাম এর পর আর কিছু দেখি না ঘটনা কি,Neutral,31,False
ভাই এখানে চিকেন রান্না করা ছিল না কাচা মাংস ছিল,Neutral,10,False
গুলশান বনানীর লোকে ওর চৌদ্দগুষ্টি কিন্না লতারব,Negative,7,False
পুরাতন ব্যবহৃত জিনিস,Negative,3,False
গরুর মাংস তো অথেন্টিক নাকি ঘোড়ার মাংস,Neutral,7,False
আমি আমি একটা সেকেন্ড হ্যান্ড ভিডিও ক্যামেরা কিনেছিলাম ওরা সুন্দর করে প্যাক করে দিয়েছিল কিন্তু বাড়ি এসে দেখি ওটা ক্যামেরা ছিল না ছিল একটা ভাঙ্গা ইটের টুকরো,Negative,27,False
বাহ দারুণ,Positive,2,False
ভুল কালার পাঠিয়েছে,Negative,3,False
মূল উদ্দেশ্য নতুন উদ্যোক্তা তৈরি করা না সাধারণ মানুষকে প্রলোভন দেখানো,Negative,11,False
আমার চুরি হওয়া ৩টা মোবাইল এখানে থাকতে পারে,Negative,8,False
হাতে কিছু একটা পইড়া পরে খাবার গুলো উঠাইলে আর ভালো হইতো,Positive,11,False
খুব বেশি খারাপ না আবার খুব বেশি ভালো নয় সাধারণ কাজ গুলো করার জন্য আমাকে একটি করতে সাহায্য করেন কি কি নিবো সরাসরি বলে দেন এতে উপকার হবে আমার এইসব এর জন্য মুটামুটি বাল হলে চলবে,Neutral,36,False
তারবলতেছে ১০০ গজ বাড়িতে এনে মেপে দেখবেন ৬০ গজ,Neutral,9,False
ছি হাত,Negative,2,False
মানুষ এখন খাবার খায় না খায় ভাইরাল খায়,Neutral,8,False
সে সুন্দর বেশি করে খান,Neutral,5,False
দেখতে সেই,Positive,2,False
২ হাজারে ব্যবসার কথা বলে ২০ হাজারের মাল ধরায়,Negative,9,False
সৌদি আরব এসে উটের গোস্তো খেতে আর মন চায় না আর বাংলাদেশে কতো হাহা কার,Negative,15,False
উফ কি সুন্দর ভর্তা সাথে ইলিশ মাছ,Positive,7,False
একদিন ঝালমুড়ি খেলে তিনদিন পায়খানা,Negative,5,False
ভুলে গেলেন,Neutral,2,False
গুড ভাবি,Positive,2,False
শুক্র শনি সরকারি ছুটি সবাই ঘুমায় থাকে ধরতে সুবিধা হয় এটাও বলে দিয়েন পালা নাকি ছাড়া,Neutral,16,False
বাল বিক্রি করেকি সব খাবার,Negative,5,False
১৮৫০ কম হয়ে গেল না,Neutral,5,False
মাশাল্লাহ কি সুন্দর রান্না ভিডিও,Positive,5,False
এরে জন্য ফেসবুকে ঢোকাই যায় না,Negative,6,False
দুইদিন পর বাংলাদেশে,Neutral,3,False
আপনারা সবাই ভাল আছেন,Positive,4,False
কিভাবে পাওয়া যাবে,Neutral,3,False
গরম না ঠান্ডা না,Neutral,4,False
পাগল বেটি,Negative,2,False
রিভিউ দিয়ে যান দুর দুরান্ত থেকে,Positive,6,False
এরকম ব্যবসা করা অনেক ভালো,Positive,5,False
লোভনীয় আপু,Positive,2,False
দয়া করে এসব আমাম্র আম্মুর নিউজফিডে এসব ভিডিও পাঠাবেন না প্লিজ,Neutral,11,False
আমি ও পারে এই ভাবে পাক করতে সাথে সাত ধরনের বিরানী পাক করতে পারে ইনশাআল্লাহ,Positive,15,False
আমাকে নিবেন কাজে,Neutral,3,False
দারুন হাতের নিশানা,Positive,3,False
গন্ধ এত বাজে যে খাওয়া যায় না,Negative,7,False
খুব সুন্দর লাগছে আপু,Positive,4,False
ভাই আপনার সাথে যোগাযোগ করবো কিভাবে,Neutral,6,False
আমি তো খাই কিছু বুঝি না,Neutral,6,False
আর এখানে মাত্র ৮০০ টাকা কিলো,Neutral,6,False
ভাই এই খাবার গোলামের হোটেলের চাঁদপুর বা অন্য কোথাও হওয়ার মত এখন পর্যন্ত কোন সম্ভাবনা নাই,Neutral,16,False
ভাই আমি দুইবার খেয়েছিলাম আর দুইবারই গ্যাস হয়েছে অনেকখাবার য়ে ঝামেলা আছে,Negative,12,False
এটা কি কুরিয়ারে নেওয়া যাবে,Neutral,5,False
এটা উত্তর অঞ্চলের ঐতিহ্যবাহী খাবার হতে পারে,Neutral,7,False
অসাধারণ চমৎকার ভিডিও,Positive,3,False
সব টাকায় আসল নতুন টাকা আমরা কাউকে উপহার দেয়ার সময় পরিবর্তন করে নিয়ে থাকি,Positive,14,False
কোথায় এই দোকান সবাই বিরিয়ানি খেতে পছন্দ করে,Neutral,8,False
ভাইরাল হলে গু রান্না করে দিলে পাবলিক খেয়ে পেলবে এটা বাংলাদেশ,Negative,11,False
সস্তা পাইলে বাঙালি বস্তা ভইরা করে কিনা,Neutral,7,False
একটা চুরি হয়েছে দেড় মাস আগে,Negative,6,False
ভাইয়া ফ্রী দেখাবো সুযোগ আছে,Neutral,5,False
দেখেই তো গা গোলায়,Negative,4,False
আমরা ২০২৫ সাল এসেও সভ্যতার দিকে এগিয়ে যেতে পারি নাই এখনো,Negative,11,False
টাকা না তারজন্য,Neutral,3,False
ভাইয়া খুচরা বিক্রি হয়না,Negative,4,False
বদহজম হয়ে গেছে,Negative,3,False
প্রোডাক্ট ঠিকঠাক,Neutral,2,False
কটেক্স অপশন এর কোর্স পাওয়া যাবে কি,Neutral,7,False
আরো পাবেন আরো পাবেন,Positive,4,False
চোরা বাজার থেকে জিনিস কেনা জায়েজ নাই এতে চোরকে সহায়তা করার গুনাহ হবে,Negative,13,False
সাধারণ কাস্টমার কি পাইকারি দামে পাবে,Neutral,6,False
একেবারেই টাটকা না,Negative,3,False
ভাই এখানে কমেন্ট করলে কি আর গিফওয়ের ম্যাকবুক হারাবো,Neutral,9,False
টমেটো আর বেগুনের,Positive,3,False
এটা চোরাই বাজার না পাইকারি বাজার চোরাই বাজার আলাদা,Positive,9,False
জাগা কোথায়,Neutral,2,False
স্ক্রিন পরিষ্কার,Positive,2,False
দারুন স্বাদের একটা খাবার,Positive,4,False
২১ ২২ আর ২৩ তারিখে পাচ্ছেন ৩০ ডিস্কাউন্টপুরো তিন দিন,Positive,10,False
হাস বিক্রেতা আপা কথা তো সুন্দর করে সাজিয়ে বলতে পারেন না সুপ বিক্রেতাকে,Negative,13,False
দুইবার অর্ডার করেছিকোন রেসপন্স করে না কোন রিপ্লে দেয় না,Negative,10,False
ভাই তার সঠিক ঠিকানা টা কেউ দেন,Neutral,7,False
ভাই আমি চেক করেছি এর জন্য এসেছে এখন আমি কি বেশি নিতে পারবো যেমন বেশি পাওয়ার নিলে কি সমস্যা হবে পিসির,Neutral,21,False
কাজের যোগ্য না,Negative,3,False
ওর হাত ধোয়া ঝোল না খেলে গুলশান বনানীর লোকের হাগা হয়না তাই নেয়,Negative,13,False
মানুষের কি বিচ্ছিরি রুচি,Negative,4,False
একদাম ৪০০ঠিক আছে,Positive,3,False
দাদা এটা আমার জানা আছে তবু আপনাকে অনেক ধন্যবাদ,Positive,9,False
রান্নার পদ্ধতি অনেক সুন্দর হয়েছে কিন্তু শ্রদ্ধেয় ভাই পোলাও বিরিয়ানি আমি খাই না আমার খুব বিরক্তিকর খাবার এগুলা ভুনা খিচুড়ি কিভাবে রান্না করে একটু ভালো ভিডিও তৈরি করবেন,Negative,28,False
ভাই ঘড়িটা কি না কি চায়নার,Neutral,6,False
আপনার বাছাইকৃত প্রোডাক্টটি তো ২২৫ টাকা ছিলো তারা কি রেসপন্স করেছিলো,Neutral,11,False
আহা কি দারুণ,Positive,3,False
নিয়মিত ব্যবহার করলে ফল পাওয়া যায়,Positive,6,False
সৎ কথা বলতে পাবলিক পাগল হুমরি খেয়ে পরে,Neutral,8,False
খুব সুন্দর খুব ভালো লাগছে আমার খুব পছন্দ,Positive,8,False
কোথায় দোকানটা,Neutral,2,False
কুন্না নিহারিভাষাগত তথ্য,Neutral,3,False
চুক্কা আপু,Neutral,2,False
নোয়াখালী আসেনসেই স্বাদ,Neutral,3,False
ইয়ামি ইয়ামি লাগছে প্রিয় আপু,Positive,5,False
এটা কিসের দুধ,Neutral,3,False
তুমার বাবার কথায় আজ তুমার এই অবস্থা,Positive,7,False
ভাইয়া আপনার এই পরিমাণের রান্নাটা কয়জন খেতে পারবে,Neutral,8,False
ডুবাই থাকি এখানে ৬০০৬৫০ বাংলা টাকা পাওয়া যায,Neutral,8,False
এটা তো চোরের মারকেট তোরা ফোন চুরি করে আনে কম দামে বিক্রি করে তারপর আবার পোলাপান দিয়ে ফিটিং দিয়ে নিয়ে জাস তোরা বাটপার কে কে আমার সাথে একমত,Negative,28,False
আমি চেয়ার নিয়েছিলাম আলহামদুলিল্লাহ অনেক ভালো,Neutral,6,False
আসসালামু আলাইকুম,Neutral,2,False
আপু কি ঢাকায় নতুন,Neutral,4,False
এই খাবার না খাওয়াই ভালো,Negative,5,False
অনেক ভালো ভিডিও,Positive,3,False
এর সার্ভিসে আমি খুব সন্তুষ্ট ভাই ভালো আইডিয়া দেন,Positive,9,False
খেতে হলে কোথায় আসা যায়,Neutral,5,False
খুব মনে ধরেনি,Neutral,3,False
ইয়াক একেবারে নোংরা,Negative,3,False
কাপড়ের কাপড় পাতলা,Negative,3,False
মুরগির গিলা আমার পছন্দের জিনিস,Positive,5,False
লিভারে যা মারা টাকা খরচ হয় জোগানির কাজ করা মেলাই ভালো,Neutral,11,False
বুঝলাম না সবার সামনে তৈরূ করে খাওয়াচ্ছে আর লোকজন উল্টো বলছে আসলে আমরা বাংগালীরা ভালো কোনদিনই হবনা,Positive,17,False
আমি রান্না করতে পারি না,Neutral,5,False
তার দোকানে অনেক দাম,Negative,4,False
মাশাল্লাহ অনেক সুন্দর হয়েছে,Positive,4,False
আর দাম বাড়ায়েন না শুধু উপকারটুকু বলেন,Negative,7,False
আচ্ছা যারা বলছেন এক থেকে দেড় ঘণ্টা সময় লাগে তাদের কাছে আমার প্রশ্ন আপনারা কি কোনদিন বাড়িতে বানিয়ে খেয়েছেন আমি মাঝে মাঝে কেক বানাই একটা কেক বানাতে মাঝে মাঝে ৪০ মিনিট লাগে মাঝে মাঝে ৩০ মিনিটের কমে হয়ে যায় আর ওভেন থাকলে তো উনি বললো সাতটা কেক একসাথে হয় হিসাব করেন তো কতগুলো বানাতে পারবে মানে আমি বুঝিনা কারো সফলতা দেখতে মানুষের উপরে জ্বলে কেন,Neutral,65,False
দারুন মজার খাবার,Positive,3,False
খাবার বাসি মনে হয়েছে,Negative,4,False
ঠিক কথা বলছেন বোন,Neutral,4,False
লোভনীয় হয়েছে দেখে খেতে ইচ্ছে করছে,Positive,6,False
ভালো লাগছিল,Positive,2,False
সৌদিতে বাংঙ্গালীরা গরুর নাম করে উটের মাংস চালায় যেটা ভেজাল বলেগরু এইখানে হাড্ডি ছাড়া ৩০৩৫ রিয়েল এ মিলবে যা সর্বোচ্চ ১০০০১২,Negative,21,False
ভিডিও ভালো লাগছে সহযোগিতা চাই,Neutral,5,False
বাটপার হাড্ডি বেশি,Negative,3,False
মুরগীগুলো কি তাজা ছিল,Neutral,4,False
যত বেশি পাগলামি তত বেশি ফেম,Neutral,6,False
আসলেই এসব খাবার মজা হয়,Positive,5,False
মিয়া খানা ভালো হইলে কি টয়লেটে বইসা খাইবো,Negative,8,False
গুণমান মাঝারি,Neutral,2,False
আর আপনারা করছেন ক্যামেরা দিয়ে আর ওরা আপনাকে করছে এগুলো শুট করছে ওদের লাটে উঠাবে কেন ওরা ভালো ছিল টা আরো ভালো হতে পারত,Neutral,24,False
এইরকম টপিক এর উপর আরো ভিডিও চাই ভিডিও হলে ভালো হয়,Positive,11,False
মাশাআল্লাহ মাশাআল্লাহ খুব সুন্দর লাগছে আপু খাবার গুলো দেখতে অনেক লোভনীয় লাগছে আর তোমার খাবার গুলো অনেক সুন্দর হয়েছে,Positive,19,False
২৫ রিয়াল কিলো উটের মাংস বাংলা টাকায় হয় ৮২৫ট তারপরেও আমরা খাইনা কারণ উটের মাংসের চেয়ে গরুর মাংস অনেক ভালো এবং টেস্টি,Neutral,22,False
আমি আসি পাক করতে পারি,Neutral,5,False
যারা এই ধরনের দোকান দেখে বলে এখানে বসে খাবো,Neutral,9,False
কেক ব্যবসা শুরু করার জন্য জাকির ভাইকে দেখে অনেক,Positive,9,False
শোকাল থেকে পাওয়া যাবে,Neutral,4,False
দেখেই তো লোল পড়ছে,Positive,4,False
এর কেক পরীক্ষা করার দরকার,Neutral,5,False
খুবই ভালো লাগলো,Positive,3,False
আমার আইডিটা আপনার ফেসবুক পেজে একটু দিবেন দিলে ভালো ফলোয়ার আসছো,Positive,11,False
দেশের সম্মান নষ্ট করছে,Negative,4,False
অনেক লোভনীয় হয়েছে আপু,Positive,4,False
আর আমাদের ইন্ডিয়া টাকা কেজি তাও খাইতে চায়না লোক,Negative,9,False
আহ্ আমরা যদি খেতে পারতাম,Positive,5,False
এই দোকানগুলো ভেঙে দেওয়া হোক,Negative,5,False
এই খাবার একবার খেলেই ভক্ত হয়ে যাবেন,Positive,7,False
মজার সব খাবার,Positive,3,False
এতে পাগল হতে রে পাবনা নিয়ে ভর্তি করান হেতের লাইগা অনেক মানুষ খারাপ হয়ে যাচ্ছে,Negative,15,False
বাংগালী জাতি মানে বোকাচোদা জাতি,Negative,5,False
এগুলো নাটক,Neutral,2,False
ভিডিওটা অসাধারণ লাগছে,Positive,3,False
বেশ ভালো ধন্যবাদ,Positive,3,False
৪৫ টা মশলার নাম বলেন তো,Neutral,6,False
সঠিক নিয়মে মাথায় তেল দিলে চুল পড়তো না,Neutral,8,False
সিমেন্ট মেশানোর মেশিন কোথায় তাড়াতাড়ি নিয়ে আয়,Negative,7,False
কি ফলের রস দেয় এত ভূয়া নিউজ কই থেকে দেয়,Negative,10,False
আপু আপনি খুব ভালো দামাদামি করতে পারেন,Positive,7,False
খুব হাইজেনিক,Neutral,2,False
আমি আছিলাম একটু দেইখেন,Neutral,4,False
কর্মের কোন অহংকার থাকতে নাই,Positive,5,False
ভাই এখান থেকে কি ক্যাশ অন ডেলিভারি সিস্টেমে আনা যায়,Neutral,10,False
আল্লাহর ঘরের মানুষ এভাবেই কাজ করেন আলহামদুলিল্লাহ,Positive,7,False
খাবার টা মজাদার মনে হচ্ছে,Positive,5,False
কত নামিদামি ব্যবসা প্রতিষ্টান মানুষকে কত বেজাল খাওয়ায় তা দেখার খবর নাই,Neutral,12,False
এগুলো মানুষ কিভাবে কিনে ধোলা বালি মেসানো,Negative,7,False
মুখে থুথু এসে শিক্ষিত কাশির উপর পড়ছে তুতু এতে এত স্বাদ,Negative,11,False
খালি ইকটা নায় নারকেলের মিঠা লগে বিরোইন ভাত ইতা ছাড়া মেহমানদারী ওইতো না,Neutral,13,False
যে খায় ফুচকা সে হয় ধন্য,Positive,6,False
সাধারণ মানের খাবার,Neutral,3,False
ভাই উনার ঠিকানা কোথায়,Neutral,4,False
আল্লার কাছে বিচর দিলাম বিচার পাব ইনশাআল্লাহ আলহামদুলিল্লাহ,Positive,8,False
চামড়া ব্যবসা করে গাড়ি নিয়েছে,Neutral,5,False
ফালতু জিনিষকে প্রোমোট করা বন্ধ করেন আপনার ভিডিও দেখে অর্ডার করেছিলাম ২০ দিন পর বলছে রিকনফার্ম হয়নি ফালতু,Negative,18,False
বেশি বেশি ভালো না,Negative,4,False
পরে ৪৮০ টাকা দিয়ে মিছে,Negative,5,False
ভাওতা বাজি,Neutral,2,False
বাংলাদেশ এমন এক দেশ হাগু করতে গিয়ে কেউ যদি জোরে পাদ দেয় সেও ভাইরাল হয়ে যায়,Neutral,16,False
অনেক ভালো না বাজে ফোন,Negative,5,False
যারা কেকের দোকান দিয়েছে তারাই অভিযোগ করতেছে তলে তলে,Negative,9,False
বেরেল ও বড় থাকে,Neutral,4,False
মান গড়পড়তা,Neutral,2,False
ভাই কোথায় ব্যাট পাওয়া যাবে,Neutral,5,False
এই খাবার কুত্তাও খাইতে চায় না,Negative,6,False
সে কেক বিক্রি করে জীবন চালাতে চায় কারো পছন্দ হচ্ছে না এখন সে ঘুষ নিয়ে কাজ করে বাড়ী গাড়ি করতো তখন প্রশংসায় ভাসতো,Positive,23,False
এরা হচ্ছে সেরা বাটপার,Negative,4,False
ভারতীয়রা বিদেশিদের চেয়ে ভালো,Neutral,4,False
একবার খেলেই মন ভরে যায়,Positive,5,False
সাপোর্ট করলে ইনশাল্লাহ,Positive,3,False
কে যে খায় এগুলো,Negative,4,False
খুব সুন্দর হয়েছে সাপোর্ট চাই ভাইয়া,Positive,6,False
সাইজ মিলেনি,Negative,2,False
ব্যবসা শুরু করব,Positive,3,False
এই খাবারের জন্য আবার আসবো,Positive,5,False
আপনি এত কুৎসিত কেন,Negative,4,False
চমৎকার রান্না,Positive,2,False
ঘাম মেশানো ঝালমুড়ি,Negative,3,False
এই ব্যক্তিকে দেখে মনে হচ্ছে তো ঢাকার চকবাজারে রমজানের ইফতার বিক্রি করে,Neutral,12,False
কারা কারা আমার মতো কমেন্ট পরতে এসেছো,Neutral,7,False
আহা সেই মজার খাবার,Positive,4,False
আপনি শুধু চিনেন না নিউমার্কেট এ নিউ গেলে যা হয়,Neutral,10,False
অনেক মজাদার,Positive,2,False
আমার প্রিয় মাছ,Positive,3,False
এই দামে আনঅফিসিয়াল অনেক ভালো ফোন আছে আর টেকনোর ক্যামেরা অপটিমাইজেশন খুবই বাজে,Negative,13,False
কাজের গতি ভালো,Positive,3,False
এর মধ্যে একটি ফ্রিল্যান্সিং কাজের পিসি সেটাপ দেখতে চাই,Neutral,9,False
ওই বাটপার,Negative,2,False
অনেক ভালো হয়েছে,Positive,3,False
মসলা কম হইছে,Negative,3,False
৪টা ব্রাঞ্চ খুলে আমাদের কি লাভ হইলো সব আপনাদের একই মিরপুর এলাকায় দিয়ে রাখছেন আর কোন এলাকায় কি দিতে পারতেন না চার টা চার এলাকায় দিতেন,Negative,26,False
পণ্যগুলো একদম টাটকা ছিল,Positive,4,False
সেকেন্ড হ্যান্ড ফোন করিমউল্লাহ তে যেগুলো সেল হয় ৯০ চুরির ফোন বিক্রি করে ওরা,Negative,14,False
আলহামদুলিল্লাহ এর সাথে আমার দীর্ঘ অভিজ্ঞতা খুব ভালো ধন্যবাদ,Positive,9,False
ক্রেডিট কার্ড ব্যবহার করা লাগে ক্যাশ অন ডেলিভারি পাওয়া যাবে স্কাই ফোর্সে,Neutral,12,False
তোমাকে ধন্যবাদ বোন,Positive,3,False
ক্যাপাসিটর আমরা তো এখান থেকে টাকা,Neutral,6,False
ভাই এগুলো দেখলে ছাগলের মাংশ খাওয়ার রুচি হারিয়ে যায়,Negative,9,False
আছি দিন নোটিফিকেশন পাওয়া মাত্রই দিবো,Neutral,6,False
ভীষণ পছন্দ হাঁসের মাংস,Positive,4,False
তেলও না কম না বেশি,Neutral,5,False
নানা ব্যবসা ওনার ভালো লাগার জন্য করে,Positive,7,False
উনার জন্য অনেক দোয়া রইলো আল্লাহ উনাকে নেক হায়াত দান করুন এটা বিক্রি না এটা উনার সদিচ্ছা সেবা,Positive,18,False
চায়না থেকে প্রডাক্ট কেমন করে বা কোন এ্যাপ ব্যবহার করনেন আননেন যদি বলতেন ভাইয়া,Neutral,14,False
বাসায় পরিবারের লোক তো আছেই,Neutral,5,False
কাপড়ের মান ভালো না,Negative,4,False
ভাইয়ে ওয়ার্কশপে চ্যালেঞ্জ নিয়েছে ১৮০ দিন আগে ভাইয়া এটা কখন শেষ হবে,Neutral,12,False
জিভে পানি চলে আসলো,Positive,4,False
আমি আছিবেতন লাগবে না শুধুমাত্র খাবো,Neutral,6,False
এগুলো ভয়ঙ্কর ক্ষতিকর স্বাস্থেরজন্য,Negative,4,False
একদম বাংলাদেশী খাবার দেখে মুখে পানি চলে আসে,Positive,8,False
এ ব্যাটা দুষ্টু লোকের মিষ্টি কথা দাম বেশি বেশি বলতাছে চকে বাইরে আরও দাম কম,Negative,15,False
মেলা কোথায় ঠিকানা বলেন,Neutral,4,False
ভাই আমি ভিডিও এডিটিং এর জন্য একটা পিসি নিতে চাই থেকে হাজার টাকার ভিতরে এখানে কেমন পিসি নিলে ভালো হয় প্লিজ প্লিজ একটু জানাবেন ভাই ভাই প্লিজ কমেন্টের রিপ্লাই দেবেন,Neutral,30,False
ভাই খুব ভালো দিকনির্দেশনা,Positive,4,False
সবাই আমাকে একটু সাপোর্ট করুন,Positive,5,False
আজকে জিনিসটা জানার প্রয়োজন মনে হল আজকে আপনি ভিডিও ছাড়লেন কিভাবে যে মিলে গেল ধন্যবাদ বড় ভাই আপনাকে,Positive,18,False
তুই এসে বিক্রি করে দেখ কতো লাভ তুই পাচ,Negative,9,False
খুব সুন্দর টথবলোছ জো বন্ধ কের ভালো হয়েছে আমারও জানা থাকলো,Positive,11,False
মজার রেসিপি,Positive,2,False
শুভকামনা রইল তোমার জন্য,Positive,4,False
এত এক্সপার্ট থাকতে মানুষ কোর্স করে কেন বুঝিনা,Negative,8,False
লাভের আশায় আমি ফকির হয়ে ছি আমি দিছিলাম আমার সব সেস,Negative,11,False
ঝালমুড়ির দোকান না ক্যাচার দোকান,Negative,5,False
পেচাল কিন্তু সবি পারলেন,Negative,4,False
দোকান কোন জায়গায়,Neutral,3,False
সুন্দর হয়েছে রান্নাটা,Positive,3,False
সমস্যা কি,Neutral,2,False
দেখলে খেতে মন চায়,Positive,4,False
ভাই বেল্ট দিয়ে লুঙ্গি কিভাবে পরে,Neutral,6,False
চালিয়ে যাও,Positive,2,False
ভাই কত দাম,Neutral,3,False
উনার অনেক ধৈর্য সৎ থাকলে কেউ আপনাকে ঠেকাতে পারবে না,Neutral,10,False
ঠিকানা বলবেন,Neutral,2,False
বাংলাদেশের বেস্ট তেহারি তাও এত কম দামে,Positive,7,False
উদ্যোগ ভালো এগিয়ে যাও,Positive,4,False
কেজি কত টাকা ঢাকা আনতে পারে,Neutral,6,False
ইউটিউবার হয়ে বড় তেলবাজ,Negative,4,False
পাগলের মেলা বাংলােশে,Neutral,3,False
থুথু আর ঘাম ফ্রি,Negative,4,False
আমি কাজ করবো ০১৮১৯৮৭২৩৪১,Neutral,4,False
ভাই জায়গাটা কোন জায়গায়,Neutral,4,False
প্রোডাক্টের মান আশা অনুযায়ী,Positive,4,False
লোকেশন কোথায়,Neutral,2,False
কিন্তু আপু আপনি এতো কিউট কেন,Positive,6,False
বাটপার সালা বাল গাড়ি থামাইয়া মাল নেয়,Negative,7,False
মাশাল্লাহ খুবই সুন্দর,Positive,3,False
আমার শামসন চুরি হয়েছে জিডি করসি,Negative,6,False
অসাধারণ খাবার এই চিংড়ি মাছ ভুনা টা,Positive,7,False
আমার কাছে পৃথিবীর সবচেয়ে পছন্দের খাবার হচ্ছে স্যাম ভাবে এরকম চিংড়ি ভুনা এটা কোথায় ঠিকানা টা দেন সম্ভব হলে গিয়ে খাবো,Positive,21,False
খাঁটি তেল কোথায় পাবো,Neutral,4,False
ধন্যবাদ চ্যানেল কে অবশেষে এ এই বিষয়ে আলোচনা করার জন্য,Neutral,10,False
নিচে পুরে যাবে কি,Neutral,4,False
ভাইয়া আমি খাব লোকেশন দেন,Neutral,5,False
এর ক্যামেরা সবসময় বাজে হয়,Negative,5,False
আমার ভিষন পছন্দ কতদিন খেতে পারি না,Positive,7,False
লোকেশান কই,Neutral,2,False
আমারও সি ফুড খাইতে মন চায়,Positive,6,False
চোরাই বাজার আর সস্তায় জিনিসের বাজারও চেনন না,Negative,8,False
ঠাকুরগাঁ কোথায় লোকেশন দেন যাবো,Neutral,5,False
তাদের কে টাকা দিয়ে ধরা খেলে সে দায়ভার কি আপনি নিবেন,Negative,11,False
কেন এরা প্রান কোম্পানির কারখানায় যেতে পারে না এবং সাক্ষাৎকার নিতে পারে না,Neutral,13,False
পাখাওয়ার ভালো নাছিছিআল্লাহ অসুস্থ হবে,Negative,5,False
বাটপার বাটপার,Negative,2,False
ধন্যবাদ বোন,Positive,2,False
খাবারটা গরম অবস্থায় পেয়েছি,Positive,4,False
অনেক বিপদে আছি আমি,Neutral,4,False
পরিষ্কারভাবে দেওয়া,Positive,2,False
অনেক ধন্যবাদ ভাই,Positive,3,False
ডায়াবেটিস এর জন্য কিভাবে খাবো,Neutral,5,False
আমার ঠিকানা পাঠাতে পারবেন,Neutral,4,False
এসব ভুয়া ফোন কপি ফোন চলে না,Negative,7,False
ডায়লগ টা অনেক সুন্দর ছিল কিন্তু পরের লাইনটা বললেন না,Neutral,10,False
এই যে শালার পুতেরা তোরা যে এই মহিলার পিছনে আঠার মতো লেগে আছিস দেশে তো আরও অনেক কিছু হয়ে যাচ্ছে সেগুলোর কি কোনও খবর রাখিস তোরা,Negative,26,False
ভাই এই প্রোসেস এ কি ম্যাগনেট করা চিকেনের সথে ডাইরেক্ট চাল দিতে হবে না চিকেন টাকে কষিয়ে তার পর চাল দিতে হবে একটু জানাবেন,Neutral,24,False
জারা নেয় ওরা না,Neutral,4,False
রান্না করেও ৮০০ কেউ চাচাকে আমার শহরে একটা ব্রাঞ্চ খুলতে বলো,Neutral,11,False
আপনি বালু মেশানো মাছ খান আপনার বেপার,Negative,7,False
এরা সোব গাগোল,Negative,3,False
বারাকাল্লাহু ফিকি,Positive,2,False
ভাইয়া গোসত কি আগে থেকে সিদ্ধ করে রাখেন প্লিজ রিপ্লাই দিয়েন আর তা ছাড়া আমি যদিল গোসত সিদ্ধ করে তারপর বিরিয়ানি দেই হবে কি,Neutral,24,False
ফীআমানিল্লাহ আংকেল,Neutral,2,False
সবগুলো খাবারই মজার,Positive,3,False
নতুন কিছু নেই,Neutral,3,False
যখনই কোন উদ্যোক্তা ঘুরে দাঁড়াতে চাইবে তখনই কিছু মানুষ এবং কিছু নামধারী সাংঘাতিকরা তাকে নিচে নামানোর জন্য আপ্রাণ চেষ্টা করে যাবে এটাই বাংলাদেশ এই দেশ এই জন্যই বর্হিবিশ্ব থেকে বিছিয়ে পড়ছে দিন কে দিন,Neutral,34,False
ভাই আল্লাহর ওয়াস্তে মা ইলেকট্রিক এন্ড কোং থেকে মাল কিনবেন না,Negative,11,False
এজন্যই হয়তো বলে যে নিজের সফলতা কারো কাছে প্রকাশ করো না,Neutral,11,False
অসংখ্য ধন্যবাদ,Positive,2,False
দাম অনেক বেশি চাচ্ছে প্রফিট করা সম্ভব না,Negative,8,False
এগুলো ১৪০০১৫০০,Neutral,2,False
আমি আপু অন্যের চাকরি না করে নিজে কিছু করতে চাই একটা বুদ্ধি দিন,Positive,13,False
নিজের দুধ দিয়ে চা বানিয়ে খেতে খুব মজা,Positive,8,False
আমার মোবাইলটিও চুরি হয়েছে জিডি করেও পাইনি,Negative,7,False
আমার মনে হয় এটা খাবার বানাচ্ছে না গোরস্থানের রাস্তা বানাচ্ছে,Negative,10,False
দাম কত ভাইয়া,Neutral,3,False
আমার ভিভো মোবাইল আজও পাইনি,Negative,5,False
মার্কেটের সম্মান হানি হল,Negative,4,False
মাতালরা বেশি খায়,Negative,3,False
হাত দিয়ে নাড়াচাড়া,Negative,3,False
ভাই মোবাইল নাম্বারটা দেন,Neutral,4,False
আমার দুইটা ফোন চুরি হয়েছে,Negative,5,False
কিছু লেডিস আইটেমের ঘড়ি দেখান,Neutral,5,False
ফ্রি দিলেও খাবো না,Negative,4,False
এখানে অনেক কপি টিশার্ট আছে,Neutral,5,False
উনার ব্যবসায় আল্লাহ বরকত দিক,Positive,5,False
এখানে তো ১২ মাসের জন্য হয় বড়জোর,Negative,7,False
এই খাবারের স্বাদ কখনও ভুলবো না,Positive,6,False
এখন পড়াশোনা মানেই টাকা ইনকামের উদ্দেশ্য এজন্য সুশিক্ষা উঠে গেছে ইনকাম শিক্ষা চলছে,Neutral,13,False
মামলা দেওয়ার,Neutral,2,False
ভাই আমি লাইট কিনবো,Neutral,4,False
আসসালামু আলাইকুম কেমন আছেন,Neutral,4,False
যারা খারাপ কাজ করে তাদের কাছে যাবে নাতাতে কোনো সমস্যা নেই আর ভালো কাজে যত গোয়েন্দা গিরি,Positive,17,False
খুব সুন্দর বিডিও,Positive,3,False
ওয়েবসাইটে ঢুকা যায় না,Negative,4,False
ইন্ডিয়া আরো কম দাম আমি গেছিলাম,Negative,6,False
ঝোল খুব পাতলা,Negative,3,False
ইসকি মজা,Positive,2,False
এত পথের ব্যবসা করে ভালো কিছু করছে,Positive,7,False
তিষি টা কি একটু কেউ জানালে উপকৃত হতাম,Neutral,8,False
মাশাল্লাহ খুব মজাদার একটা রেসিপি করছেন ভাইয়া,Positive,7,False
প্লেট ভর্তি বলতে কিছু বাংলদেশে নাই এখন হোটেলে ভাত খাইলেও পেট ভরে নাহ,Negative,13,False
প্রতিবার খেলেই একই স্বাদ পাই,Positive,5,False
খুব ভালো কাজ করছেন,Positive,4,False
এইটা কিছু হইলো,Positive,3,False
ভাই গুড়া মাছ না এটা চিংড়ি মাছ,Neutral,7,False
এরকম ভিডিও দরকার ছিলো ধন্যবাদ,Positive,5,False
ওনার রান্না দেখে আমার এখন ই খেতে ইচ্ছে করছে,Positive,9,False
অনেক মজার মজার খাবার,Positive,4,False
মানুষ খুব হিংসা করে আহারে ভাই জীবন টা শেষ করে দিবে আপনাদের,Neutral,12,False
আপনি নিজেই তো দামাদামি পারেন না,Negative,6,False
আমার ও খুব পছন্দের,Positive,4,False
এগুলো মানুষ খায় না,Negative,4,False
দুই বছর আগে আমার ফোন চুরি হয়েছিল,Negative,7,False
আপনি নিজেই দামাদামি জানেন না আবার আসছেন আমাদেরকে শিখাইতে,Negative,9,False
ভিখারির দেশে খেতে পায় না আবার বড় বড় ডায়লগ মার ফেসবুকে,Negative,11,False
এক বছর আগে আমার মোবাইল ছিনতাই হয় জিডি করেছি কিন্তু পাইনি,Negative,11,False
লোকেশনটা কই,Neutral,2,False
মাশাআল্লাহ অনেক লোভনীয় হয়েছে ভাইয়া,Positive,5,False
আমি সৌদি আরব থেকে আসতেছি লোকেশনটা একটু কেউ দেন আমাকে,Neutral,10,False
চলে আসেন সবাই,Positive,3,False
যেমন বিক্রেতা তেমন ক্রেতা,Neutral,4,False
ঠিক কথা,Positive,2,False
আপু আপনার ব্যবসাটা আমার অনেক ভালো লাগলো কারণ ব্যবসার মতন শান্তি পৃথিবীতে আর কোন কাজ নেই,Positive,16,False
ঠিক আপনি ব্রাহ্মণবাড়িয়া কে নিয়ে প্রশংসা করার জন্য ধন্যবাদ,Positive,9,False
গরুর নুনু আছে,Neutral,3,False
মাশাল্লাহ আমার দেখা একটা বেস্ট রেসিপি অনেক ভালো লাগলো অবশ্যই ট্রাই করবো এরকম সুন্দর রেসিপি দেওয়ার জন্য অনেক ধন্যবাদ,Positive,19,False
অসাধারণ সুন্দর রেসিপি,Positive,3,False
একেতো পচ্ছন্দের তার উপর রান্না করা জিভের জল সাম্মানো মুসকিল,Neutral,10,False
অনেক দিন ব্যবহার করা যাবে,Positive,5,False
এই ধরনের সাংবাদিকদের জন্য মানুষ ব্যবসা করতে পারবে না আরে ভাই ব্যবসা করতে কতো ভোগান্তি সেটা একজন ব্যবসায়ী ভালো জানেন তবুও পেটে দায়ে ও সফলতা পাওয়ার জন্য ব্যবসা করতে চায় সবাই এখন অনেকে বলবে যে ব্যবসা যদি এত আইন মেনে করতে না পারেন করবেন না তাদের কাছে প্রশ্ন আপনি হয়তো কিছু না কিছু করতেছেন কিন্তু দেশে অনেক মানুষ বেকারত্বে ভুগছে তারা ব্যবসাবাণিজ্য করতে চাইলে আইনটাকে কিছুটা শিথিল করা অবশ্য দরকার বিএসটিআই থেকে সামান্য লাইসেন্স নিতে গিয়ে কত টাকা যে ঘুষ খুঁজছে পরে আর করতে পারিনি,Positive,85,False
কাপড়ে কোনো দাগ ছিল না,Positive,5,False
ব্যবসার জন্য মানুষ কত নাটক করে,Negative,6,False
এগুলো সব নকল আইফোন ব্যাক পাট খোলার পরেই দেখবেন এর ভিতর কিছুই নাই,Negative,13,False
অনেক খাবার দিছে,Positive,3,False
খুব সাধারণ লাগছে,Negative,3,False
এত বড় একটা গল্প কোন কাহিনী শেষ পর্যন্ত বোঝা গেল না বালের গল্প বানাইছো,Neutral,14,False
ব্যাবসা হালাল কিন্তু পর্দা ফরজ আল্লাহ ইহকাল পরকাল উভয়ের বুঝ দান করুক সবাই কে আমি সহ আমিন,Positive,17,False
আমি সিফুড খাইনা তারপরও ভিডিওটা দেখলাম,Neutral,6,False
আমাকে ফলো করলে ৫ মিনিট এ বেক পাবেন ইনশাআল্লাহ,Positive,9,False
যারা জীবনে জন্মদিনের কেক খায়নি তারা হঠাৎ কেক খেলে মজা পাবে,Neutral,11,False
পুরো বাজার একসাথে পেয়েছি,Positive,4,False
খেতে ইচ্ছে করছে,Positive,3,False
আর কত দিন আছে এই অফার,Neutral,6,False
দারাজে কম দামে কিনেছি ক্যাশব্যাকও পেয়েছি,Neutral,6,False
হ্যালো আপু তোমাকে অসংখ্য ধন্যবাদ,Positive,5,False
ভাই কমদামি কিছু প্রোডাক্টসের ফটো দিবেন,Neutral,6,False
নোংরা কাজ করো না পরিষ্কার রাখো,Negative,6,False
গরম কম হয়,Positive,3,False
খাবার ঠান্ডা অবস্থায় এসেছে,Negative,4,False
ডিজাইনটা ভালো লাগেনি,Negative,3,False
দারুন রেসিপি,Positive,2,False
এরকম ঠকের দুনিয়ায় মুয়াজ্জিন সাহেবের এরকম উদ্যোগে আমি নিজেকে খুবই গর্বিত মনে করছি এরকম ভালো মানুষ বাংলাদেশের প্রতিটি কোনায় কোনায় হোক গরিব মানুষের সাহায্যে,Positive,24,False
চমৎকার চাপা,Positive,2,False
এই ফাহমিদ বাটপার ওর ওয়েবসাইটে যে অ্যাড্রেস ইউজ করেছে এটা আসলে মোড় কো ওয়ার্কিং স্পেস ওর বাটপারি শেষ ওখানে আর কেউ বসে না ফুল টাইম চামার কিছু ইউটিউবার দের দিয়ে স্ক্যাম করেছে,Neutral,32,False
লেক করে সালারা,Negative,3,False
জি আপি দোয়া রইল,Positive,4,False
বাই এই দোকানটা কোথাই,Neutral,4,False
হাসের দোকানের পাশের দোকানে চা পাওয়া যায় সুপ খেতে হলে ভাই এদিকে আয়,Positive,13,False
এত কম দামে ওরা সেট কি করে দিচ্ছে এগুলো কি অরিজিনাল সেট নাকি পার্টস জোড়া দিয়ে লাগিয়েছে,Neutral,17,False
ও ও পাগল হয়ে গেছে নতুন ব্যবসায়ী ও ব্যবসায়ী বুঝে না আবোলতাবোল রেট কই,Negative,14,False
তাহলে পুলিশ এসে ধরে নিয়ে যাবে,Negative,6,False
আমরা হইলাম হুজুগে বাঙ্গালী,Neutral,4,False
মিরপুর থেকে কীভাবে যাবো,Neutral,4,False
আমি টাকার চা চয়েস করবো আর দোকানে গিয়ে টাকার চা খুঁজবো,Neutral,11,False
এইগুলো খায় কে,Negative,3,False
এত নোংরা খাবার খেলে শরীর খারাপ হবে,Negative,7,False
খাওয়ার পর কিছু বলার নেই,Neutral,5,False
গরুর মাংস দিয়ে রান্না করলে কি দরিয়া পাতা দিতে পারব,Neutral,10,False
ভোক্তা অধিকার এই গুলারে চোখে দেখেনা এই সব ন্যাসটিকদের অতি দ্রুত ব্যাবসথা নেওয়া দরকার সাধারণ মানুষ দের অসুস্থ করে ফেলবে,Negative,20,False
আদা শেখানো মেশিন আছে,Neutral,4,False
অসাধারণ উদ্যোগ আপু দোয়া ও ভালোবাসা রইলো,Positive,7,False
ভাই কাস্টমস চার্জ কে পে করবে জানালে উপকৃত হতাম,Neutral,9,False
ফোন কোম্পানি গুলো আপনাদের খুশি করতে পাবলিকের গলা কাটে,Negative,9,False
দূরবিন পাওয়া য়াই,Neutral,3,False
এই ধরনের খোলামেলা খাবার যারা খায় হিসাব করে যাতে খায় সাথে অনেক রোগবাগ জীবাণু বা অবস্থা খুব খারাপ হয় ডায়রিয়া হতে পারে,Negative,22,False
শুভকামনা এগিয়ে যাও,Positive,3,False
সাধারণ আয়োজন,Neutral,2,False
দাড়ি রেখে এমন দাম চাওয়া ঠিক হয় নি,Negative,8,False
লোভী নীয়,Positive,2,False
আমি প্রথমে ভাইয়ের রিভিউ দেখে থেকে কিনেছিলাম তারপর থেকে ভরসা তৈরি হয়েছে আলহামদুলিল্লাহ তাদের পুরো প্রক্রিয়া অনেক ভালো,Positive,18,False
আমি আপনার কথা গুলো বুঝতে পারিনি,Neutral,6,False
ভাইয়া একটা প্রশ্ন করবো সঠিক উত্তর দিবে ১ কেজি বাসমতি চাল কতো প্লেট হবে,Neutral,14,False
খুব অগোছালো,Negative,2,False
অনেক সুন্দর একটা ভিডিও ভাই,Positive,5,False
মুড়ির ওপর মলমূত্র পড়লেও টেস্টি হবে,Negative,6,False
এখানে এক কথা ওখানে গেলে আরেক কথা,Negative,7,False
দাদা আমি খুব বিপদে পড়েছি প্লিজ হেল্প করবেন আশা করছি,Negative,10,False
একবার খেলে ভুলা যায় না,Positive,5,False
আহা মুখে পানি চট্টগ্রামের কাছাকাছি কই পাওয়া যায় কেউ জানেন,Positive,10,False
মাশাআল্লাহ অনেক মজা,Positive,3,False
কেউ কি উপকার পেয়েছেন,Neutral,4,False
দারুন লোভনীয় রান্না,Positive,3,False
খাবার বানাচ্ছে নাকি নির্মাণ কাজ করছে,Negative,6,False
বিএসটিআই আর ভোক্তা অধিকারের উচিত তদন্ত করে দেখা যে পা দিয়ে যখন ডো তৈরি করে তখন এদের নিম্নাংগ হতে পা এর গোড়ালী পর্যন্ত অবাঞ্চিত লোম পরিষ্কার থাকে কি না হাজার হলেও হাইজিনের একটা বিষয় আছে,Negative,35,False
অনেক সুন্দর রান্না তোমার,Positive,4,False
ভাই আমার মাথায় ধরে না বাহিরে ঢাকা এসব খাবার বাংলাদেশের মানুষ কিভাবে খায় এটা শুধু আমার দেশেই সম্ভব,Negative,18,False
এটা কোন জায়গা প্লিজ ভাইয়া বলেন প্লিজ প্লিজ ভাইয়া রিপ্লাই দেন,Neutral,11,False
চল কালকে যাই,Neutral,3,False
পেটের জন্য মানুষ কতো কিছুই না করে,Positive,7,False
চিকেন না রান্না করেই বিরানি,Neutral,5,False
গায়েলুঙ্গির ভাজাও মাখিয়ে দাও,Negative,4,False
অসাধারণ রান্না,Positive,2,False
আলহামদুলিল্লাহ ভালো উদ্যেগ আপু এগিয়ে যান,Neutral,6,False
স্বাদ ঠিকঠাক,Neutral,2,False
ছি মানুষ এখানেও তার নিচু মনমানসিকতা দেখাচ্ছে কারো ভালো কারো সহ্য হয় না আল্লাহ এদের হেদায়েত করো,Positive,17,False
চমৎকার সব কালেকশন,Positive,3,False
হাসের দোকানের পাশের দোকান চাওয়া পাওয়া যায় চুফ খেতে হলে ভাই বোনের দোকানে চলে আয়,Positive,15,False
আমি জানি পাগলা কুকুর এমন হয়,Neutral,6,False
হাঁসের মাংসের লোম রয়ে গেছে ভালো করে পরিষ্কার করা হয়নি এই লোমগুলো নিয়ে কি করে খান আপনারা,Negative,17,False
ধীরে সুস্থে মাখালে সমস্যা কী,Neutral,5,False
অনেক মজা শীতের দিনে হাঁস,Positive,5,False
ভাই আপনি বললেন ম্যাক্স বোল্টের ফুল ফাইবার রেকেট টাকা তবে শুধু ফ্রেম নাকি সম্পূর্ণ কমপ্লিট,Neutral,15,False
শাকিলার দিন শেষ মিম আপুর বাংলাদেশ,Neutral,6,False
তুমি ০৫ ০৬ দিতে আসছো আরে ভাই উনি রাস্তায় পাবলিককে খাওয়ানোর জন্য কেক বানিয়ে ছেন সেটা খুব একটা ভালো হবে না এটাই সাভাবিক আপনে হুম ডেলিভারি দেন সেটা অনেক খরচ করেন এবং সেটার দাম ও বেশী নেন তাই না,Positive,39,False
মিথ্যা বলছে বানাইছে বানাইছে শেফ বলে বউ,Negative,7,False
ভাই বিরিয়ানিতে ধনিয়া পাতা পুদিনা পাতা দেয় এই প্রথম দেখলাম,Neutral,10,False
অনেক ভালোখাসি,Positive,2,False
এদের আইনের আওতায় এনে কঠিন শাস্তির ব্যবস্থা করা হোক,Negative,9,False
দাদা যায়গাটা কোথায়,Neutral,3,False
চমৎকার ঝাল ঝাল মাংস ভুনা,Positive,5,False
আপনি যা ই বলেন কিন্তু কোয়ালিটি ভ্যারি করে,Neutral,8,False
হাঁসের দোকানের পাশের দোকান চাওয়া পাওয়া যায় স্যুপ খেতে হলে ভাই আসতে হবে তাই,Positive,14,False
আমার থেকে তো পেমেন্ট চাইছিল বেচে গেছি দেই নাই,Positive,9,False
বেশি বেশি কোন কিছুই ভালনা এইটাই সত্যি কথা,Positive,8,False
দারুণ রান্না হয়েছে,Positive,3,False
ভাই আপনি যে রেট বলতেছেন এটাতো কুত্তাও পাওয়া যাবে না,Negative,10,False
আলহামদুলিল্লাহ এগিয়ে যান,Positive,3,False
এই বিরিয়ানি টেস্ট হবেনা কারণ ধনেপাতার জন্য,Negative,7,False
আমরা বাইরে খাবার খাই এটা ঠিক না দেখেন এদের পরিবেশ কেমন অস্বাস্থ্যকর পরিবেশ দুলা বালিশরীরে ঘাম সাথে ফ্রী আমি মনি করি এটা আইনের ব্যবস্থা করা উচিৎ সবাই ব্যাবসা করবে সমস্যা নাই কিন্তু এই ভাবে না,Negative,35,False
ভাই গ্রাফিক্স ডিজাইন এর কাজ এর জন্য২৫৩০ হাজার টাকার পি সি বিল্ড এর একটা ভিডিও দেন প্লিজ,Neutral,17,False
মামা ফুটপাতের ভ্যান থেকে কিভাবে কিনব গাইডলাইন দেন,Neutral,8,False
ব্যবসায় প্রতারণা থাকলে বেশিদিন টিকে না,Neutral,6,False
দোকানের নাম ও ঠিকানা দিলেন না,Neutral,6,False
হয় চুরির মাল নাইলে নকল চুরির মাল হলে থানা থেকে নিয়ে যাবে,Negative,12,False
এ বিশাল বাটপার অন্যকারো কোন কথা বিশ্বাস করবেন না ফাহমিদ এক নাম্বার বাটপার সে টাকা মেরে দিছে ২৫ হাজার সার্ভারসাইড ট্র্যাকিং এর কাজের সার্ভিস নেওয়াবে বলে সে মাসের পর মাস ঘোরায় ১০ কোটি টাকার ক্ষতিপূরণ মামলা দিতে চাই,Neutral,38,False
দাম অনেক বেশি ধরছে সহযোগিতা পাই নাই ভুলেও এখানে যাবেন না,Negative,11,False
ফাস্ট ফুড মানে শেষ খাবার,Negative,5,False
প্লিজ এটার ফুল ভিডিও দেন,Neutral,5,False
এগুলো কেউ খায়,Negative,3,False
আমি একটি নতুন ফোন কিনতে চাই মিডিয়াম দামের আমার আসা কি উচিত,Neutral,12,False
বিশ্বাস করো ফলো দিন বিশ্বাসের মর্যাদা রাখবো,Neutral,7,False
দীর্ঘ সময় ব্যবহার করা যায়,Positive,5,False
পরিবারের সবাই পছন্দ করেছে,Positive,4,False
সিকরেট পাটপার,Negative,2,False
বগুড়ার কোথায় এটা,Neutral,3,False
আরব দেশে উঠ থেকে গরুর মাংশের দাম বেশি,Neutral,8,False
কত টাকা দাম,Neutral,3,False
খাওয়ার নিয়ম সময় বললে ভাল হয়,Neutral,6,False
স্যার এই মেথি পানি কি কিডনির উপকার করবে,Neutral,8,False
শুভকামনা রইল আপু,Positive,3,False
সাথে রাস্তার ধুলোবালি ফ্রী,Negative,4,False
খুব সুন্দর লাগছে,Positive,3,False
সাউন্ড বসানো,Neutral,2,False
কাচ্চি কবে পাবো,Neutral,3,False
খাওয়ার সময় আনন্দময় অভিজ্ঞতা,Positive,4,False
কেউ পেটের দায়ে রাস্তায় নামে কেউ সখে তামসা করতে আসে ভাইরাল হতে,Neutral,12,False
কাস্টমাররা দেখলে তো দোকানদারদেরকে কাইল্লা শেষ কইরা লাইব কিন্তু কাস্টমাররা তো জানে না অনেক ঘড়ি নষ্ট হয়ে যায় সব ঘুড়ি বিক্রি হয় না,Neutral,23,False
ভাই একন জারা জারা জিডি করচিলও তারারের কল দিয়া তারার মোবাইল গুন দেওয়া হউক আমার একটা আচে,Neutral,17,False
কে কে নতুন সারা দাও,Positive,5,False
হাইজিং মেইনটিং করতে হবে,Neutral,4,False
সব মিথ্যা কথা,Negative,3,False
তিনপিছ মুরগী দিয়ে দুইশো টাকা কথাটি সম্পূর্ণ মিথ্যা কখনোই দেবে না,Negative,11,False
কেমন আছেন সবাই ভালো আছেন,Neutral,5,False
আমরা ছাতক এলাকার মানুষ ইটারে খাটা ডাকি,Neutral,7,False
এই দোকানে আসেন,Positive,3,False
তেল ভালো মানের,Positive,3,False
ভাই বসার দরকার নাই লোকেশন দেন যায়া দাঁড়ায় দাঁড়ায় খামু,Neutral,10,False
সবার উচিত দেখে শুনে পণ্য কেনা,Neutral,6,False
পুরো ঘামের সাথে খাও মজা পাবে,Negative,6,False
এই খাবার দেখলেইতো খাবার রুচি থাকে না নোংরা,Negative,8,False
প্রতিভা দেখাতে গিয়ে অন্যায়,Negative,4,False
এদেশে গরুর মাংস ৪শ টাকা হওয়া উচিত মনে করি,Neutral,9,False
স্বাদ মোটামুটি,Neutral,2,False
আপু এটা কোন জায়গায়,Neutral,4,False
মাতালের মত আচরন,Negative,3,False
চোরের দল,Negative,2,False
এগুলো আগে জানালে ভালো হতো,Neutral,5,False
অসহায় ভাইদের মনে কতো প্রশ্ন,Neutral,5,False
একদম বাজে,Negative,2,False
এ যে মিডিয়া ঢুকছে এই বিক্রেতার গোয়া মারা সারা হয়ে গেছে,Neutral,11,False
নিজেরা ফিরি খান আর অন্যকে বদনাম দেন না,Negative,8,False
ডেলিভারি সিস্টেম দুর্বল,Negative,3,False
দামের তুলনায় পোশাক সুন্দর,Positive,4,False
শরীর থেকে যা পড়ছে মানুষ সেটা কীভাবে খায়,Negative,8,False
দিয়ে দিলেন বাঁশ ক্যাপশন দেখেই বুঝেছি অদ্ভুত কোন জিনিস হবে,Neutral,10,False
অনেক মজাদার আপু,Positive,3,False
বন্ধ করে নিলাম ভাইয়া ছোট্ট পরিবার বেড়াতে,Neutral,7,False
আলহাদুল্লিলাহ অসাধারণ উর্দেক আল্লাহ্ আপনাকে সুস্থ ও ভালো রাখার জন্য দোয়া করি আমিন ধন্যবাদ,Positive,14,False
এমন ঝাল মুড়ি আমাকে ফ্রিতে দিলে খাবো না,Negative,8,False
খাওয়া হবে শীঘ্রই,Neutral,3,False
একবার কিনলে চলে,Neutral,3,False
আমি আমার বাড়ি রংপুরে থাকলে যাইতাম যাইতে পারছিনা কারন আমি ঢাকায় থাকি,Neutral,12,False
এদের ঠিকানা কেউ দিতে পারবেন,Neutral,5,False
ব্যবহার অস্বস্তিকর,Negative,2,False
আসলে আপনার কথা শোনার জন্য আসি আমি,Positive,7,False
মরা মুরগির রোস্ট,Negative,3,False
লোকেশন প্লিস,Neutral,2,False
দেখে মনে হচ্ছে ভালো হবে না,Negative,6,False
সব হাগলগরু থেকেও উটের দাম কম,Negative,6,False
আমার মোবাইল টা কেমনে পাইমু,Negative,5,False
শীতে কাজে আসেনি,Negative,3,False
অনলাইনে নিতে চাই,Positive,3,False
অনেক সুন্দর খাবার খুবই ভালো লাগে খাবারের মাল,Positive,8,False
শুনেন অনেক কিছুই বললেন দুইনাম্বারে মালের দাম কমই থাকে,Neutral,9,False
